neck_angle,normalized_neck_length,shoulder_width,head_tilt,nose_depth,left_shoulder_depth,right_shoulder_depth
2.04216924413767,0.6324619450945299,333.0375354220602,178.67552479494967,-0.8331306576728821,-0.3404289782047272,-0.37249746918678284
0.8224753874109756,0.6363818180923402,330.0242415338607,179.11485109206725,-1.1617168188095093,-0.4017428755760193,-0.4817811846733093
0.2846677884819205,0.6363241055460866,330.0242415338607,178.6652996455069,-1.2339019775390625,-0.43264222145080566,-0.4969557225704193
0.28529206062451284,0.6387000716840903,328.01371922527875,178.6652996455069,-1.2267177104949951,-0.42386823892593384,-0.49893704056739807
0.28718361273705106,0.6341065175625638,328.0243893371345,179.10804806057527,-0.9200202822685242,-0.30594247579574585,-0.36597615480422974
0.28782045080648366,0.6364356049612839,326.03834130359576,179.10113831551843,-1.1020773649215698,-0.3153380751609802,-0.3944694995880127
0.28910374615853274,0.6333685168262289,326.03834130359576,179.54505471667792,-0.7524189352989197,-0.23511448502540588,-0.28774264454841614
0.2904000236148236,0.6303014290394838,326.03834130359576,179.54505471667792,-0.8433154225349426,-0.24932488799095154,-0.3282378613948822
0.29105309017561515,0.6287945043614442,326.02453895374197,179.54505471667792,-0.8845226168632507,-0.2683756649494171,-0.345974862575531
0.08122582462301155,0.632703993284859,324.0061727807049,179.54505471667792,-0.9875962138175964,-0.27665087580680847,-0.35666272044181824
0.08122582462301155,0.632703993284859,324.0061727807049,179.9186556637326,-1.0650404691696167,-0.28006798028945923,-0.399888813495636
0.2923692000980531,0.6296371923951585,324.0,179.91865318118664,-1.1664493083953857,-0.33186793327331543,-0.44800877571105957
0.5675477594844955,0.6296598859763565,324.0,179.54158626223284,-1.1583080291748047,-0.330768883228302,-0.45424923300743103
0.29105309017561515,0.6327115209496952,324.0061727807049,179.91865318118664,-1.1936657428741455,-0.3592907190322876,-0.46052756905555725
0.29105309017561515,0.6327115209496952,324.0061727807049,179.91865065930816,-0.9723237156867981,-0.33941298723220825,-0.39734581112861633
0.16193246624918964,0.6331015185862168,323.0139315880973,179.53806188961255,-1.176377773284912,-0.3477378785610199,-0.43078961968421936
0.7085152360983076,0.6300513233449966,323.0139315880973,178.63364910734978,-1.2283118963241577,-0.38416510820388794,-0.4625467360019684
0.8505612082690305,0.6304914583501271,322.0062111202205,178.63364910734978,-1.2112295627593994,-0.38103097677230835,-0.46433568000793457
1.134532492149353,0.6329081300374533,320.0140621910231,178.63364910734978,-1.1991925239562988,-0.3695446848869324,-0.4687197208404541
1.134532492149353,0.6329081300374533,320.0140621910231,178.63364910734978,-0.8125804662704468,-0.27259349822998047,-0.3447161614894867
1.269377486882777,0.6340344525457351,321.0389384482823,178.62276090652452,-1.1199554204940796,-0.34765690565109253,-0.4408602714538574
1.4063743787549938,0.6336817442174629,322.02484376209236,178.62276090652452,-1.163398027420044,-0.35298794507980347,-0.44536343216896057
1.686640781894405,0.633765436238676,322.02484376209236,178.62276090652452,-1.1861646175384521,-0.3725719749927521,-0.45271921157836914
1.8267895105852199,0.635787172797832,321.024921150991,178.6116968852199,-1.188021183013916,-0.37329044938087463,-0.4540354609489441
1.9766030620746164,0.6307608158299697,322.02484376209236,178.6116968852199,-1.1820175647735596,-0.3741593062877655,-0.44972753524780273
1.9717585601804062,0.6322851339911968,322.03881753602315,178.60045275846596,-1.1796133518218994,-0.37871310114860535,-0.4493104815483093
2.101940160473836,0.6334766867821826,323.03869737231173,178.6116968852199,-1.050279974937439,-0.3514474630355835,-0.41306495666503906
1.8267895105852199,0.6318510156636975,323.02476685232665,178.60045275846596,-0.9037615656852722,-0.30808302760124207,-0.36478981375694275
1.8312660550258846,0.6303250768747858,323.0139315880973,178.60045275846596,-0.9691551923751831,-0.3119412660598755,-0.37657490372657776
1.5579176698109365,0.6271391328701947,323.0139315880973,178.6116968852199,-0.8183485269546509,-0.29337987303733826,-0.31536778807640076
0.8464304120731398,0.6296497243424736,324.02469041725817,178.62276090652452,-0.8789786100387573,-0.29889556765556335,-0.3395286500453949
0.9910942935733653,0.6285281822867568,323.02476685232665,178.6116968852199,-1.1789352893829346,-0.3423476219177246,-0.44060176610946655
0.5689136787953606,0.6280419709030475,324.0385779502188,178.6116968852199,-1.1909894943237305,-0.35601717233657837,-0.4630983769893646
0.5689136787953606,0.6280419709030475,324.0385779502188,178.62276090652452,-1.1691310405731201,-0.35885515809059143,-0.4612007141113281
0.29303229262441777,0.6280192242754162,324.0385779502188,178.6116968852199,-1.1991645097732544,-0.3684411644935608,-0.47293558716773987
0.2923692000980531,0.6295292576741371,324.05555079337864,178.62276090652452,-1.181641697883606,-0.3678385317325592,-0.46072643995285034
0.16222983052099835,0.627587250459339,325.05537989702617,178.62276090652452,-1.1819181442260742,-0.3673747777938843,-0.47079795598983765
0.16193246624918964,0.6291581958658815,325.0384592629002,178.6116968852199,-1.176912546157837,-0.36716175079345703,-0.4690122604370117
0.16222983052099835,0.627587250459339,325.05537989702617,178.6116968852199,-0.9762669801712036,-0.3243789076805115,-0.383791983127594
0.16193246624918964,0.6290867466253214,325.0753758745808,178.62276090652452,-0.9275886416435242,-0.31380778551101685,-0.3808637857437134
0.16163673347273316,0.6306636401140906,325.05537989702617,178.62276090652452,-0.9770671129226685,-0.3178698420524597,-0.3898923993110657
0.427026052691791,0.6306786467145724,325.05537989702617,179.07974319537342,-0.9930907487869263,-0.31791016459465027,-0.3893199563026428
0.42803245046163213,0.6291017889903225,325.0753758745808,179.07974319537342,-1.0647242069244385,-0.32920730113983154,-0.40541863441467285
0.4290438698918608,0.627602330619384,325.05537989702617,179.07974319537342,-1.182446002960205,-0.36525455117225647,-0.4514821469783783
0.8443802293887035,0.6311655987653956,324.0385779502188,179.07974319537342,-1.1927835941314697,-0.3695557117462158,-0.4592371881008148
0.8443802293887035,0.6311655987653956,324.0385779502188,179.07974319537342,-1.2352397441864014,-0.38299617171287537,-0.4830808639526367
0.8464304120731398,0.6295897616996186,324.05555079337864,179.07974319537342,-1.2082470655441284,-0.3800697326660156,-0.47733837366104126
0.8443802293887035,0.63109347860441,324.07560846197606,179.07974319537342,-1.1911429166793823,-0.38426473736763,-0.4762168526649475
1.263197678080255,0.6292371540934005,325.0753758745808,179.07238057968934,-0.9361447095870972,-0.34195849299430847,-0.38101059198379517
1.5464991245871573,0.6278134148261362,325.05537989702617,179.07238057968934,-0.9445732831954956,-0.33466827869415283,-0.367238312959671
1.402948633617493,0.6273434766528941,326.0751447136074,179.07238057968934,-1.1303703784942627,-0.37531453371047974,-0.45274677872657776
1.263197678080255,0.6292371540934005,325.0753758745808,179.07238057968934,-0.9083150029182434,-0.3477591872215271,-0.35935795307159424
1.1234966632223067,0.6311462821993272,324.07560846197606,179.07238057968934,-0.9453113675117493,-0.3425613045692444,-0.3734744191169739
1.2601304180821138,0.6347183139703979,323.05572274763995,179.07238057968934,-1.1207751035690308,-0.3504181504249573,-0.4521048069000244
1.5389796540728127,0.6347937898658043,323.05572274763995,179.07238057968934,-1.0774940252304077,-0.34679925441741943,-0.4427083134651184
1.1207714255695558,0.6327279984614745,324.05555079337864,179.07238057968934,-1.0300636291503906,-0.34661200642585754,-0.4414127767086029
1.67843704341655,0.6328784831704619,324.05555079337864,179.06489781773408,-1.090984582901001,-0.35017070174217224,-0.44268321990966797
1.8267895105852199,0.6317904703383661,323.05572274763995,179.06489781773408,-1.055057168006897,-0.3419325649738312,-0.4247015118598938
1.9669377978342235,0.6298921946517072,324.05555079337864,179.06489781773408,-1.0556069612503052,-0.34400051832199097,-0.42591366171836853
1.9669377978342235,0.6298921946517072,324.05555079337864,179.06489781773408,-1.2155835628509521,-0.39966779947280884,-0.45414867997169495
1.8267895105852199,0.6279038577634879,325.05537989702617,179.06489781773408,-1.058590054512024,-0.35584235191345215,-0.41985052824020386
1.686640781894405,0.6297939198723195,324.05555079337864,179.06489781773408,-1.1114108562469482,-0.3559734523296356,-0.4402737021446228
1.682528880638079,0.6312971252767235,324.07560846197606,179.06489781773408,-1.1470245122909546,-0.36765313148498535,-0.4676966667175293
1.8223348556570018,0.6332979663428322,323.0758424890354,179.06489781773408,-1.0622817277908325,-0.36436697840690613,-0.4347105622291565
1.9621406011802622,0.6313951539521505,324.07560846197606,179.06489781773408,-0.9983566999435425,-0.35789331793785095,-0.42030516266822815
1.9621406011802622,0.6313951539521505,324.07560846197606,179.06489781773408,-1.0302691459655762,-0.3593570291996002,-0.4281942844390869
2.096825691726884,0.6311434257325814,325.0246144525057,179.06489781773408,-1.1861155033111572,-0.37420642375946045,-0.47291070222854614
1.8223348556570018,0.6294740459040213,325.0384592629002,179.06489781773408,-1.128245234489441,-0.3491886258125305,-0.45993369817733765
1.8223348556570018,0.6294740459040213,325.0384592629002,179.5271396187551,-1.032422661781311,-0.33790114521980286,-0.4076310098171234
1.8223348556570018,0.629402560794509,325.0753758745808,179.5271396187551,-1.0896507501602173,-0.3485618233680725,-0.4397808015346527
1.8179019302886104,0.6308951162018701,325.0984466280945,179.5271396187551,-0.9655324220657349,-0.35030707716941833,-0.3943040072917938
1.6743651239432749,0.6304913921963898,326.0751447136074,179.06489781773408,-0.899086594581604,-0.34555351734161377,-0.359186053276062
1.67843704341655,0.6289142970112004,326.0981447355995,179.06489781773408,-0.9246333241462708,-0.3456113934516907,-0.3724440336227417
1.67843704341655,0.6289142970112004,326.0981447355995,179.5271396187551,-0.9500572085380554,-0.34405916929244995,-0.37772899866104126
1.8179019302886104,0.6308951162018701,325.0984466280945,179.5271396187551,-1.080246925354004,-0.3572845160961151,-0.4041350781917572
1.8223348556570018,0.629402560794509,325.0753758745808,179.5271396187551,-1.0746448040008545,-0.35785791277885437,-0.4065276086330414
1.8179019302886104,0.6309787037746302,325.05537989702617,179.5271396187551,-1.0719822645187378,-0.3582724630832672,-0.42060503363609314
1.8179019302886104,0.6309787037746302,325.05537989702617,179.5271396187551,-1.1264797449111938,-0.37188059091567993,-0.4343225955963135
2.101940160473836,0.6295077969755711,325.0753758745808,179.5271396187551,-0.9268170595169067,-0.36359065771102905,-0.3672172427177429
1.8223348556570018,0.6294740459040213,325.0384592629002,179.06489781773408,-0.9273317456245422,-0.3284847140312195,-0.36719053983688354
1.8179019302886104,0.6310384295288705,325.0246144525057,179.06489781773408,-0.859542191028595,-0.30565598607063293,-0.35170233249664307
1.9573667980544653,0.6291534907388652,326.02453895374197,179.07238057968934,-1.1398173570632935,-0.3106774389743805,-0.4410710334777832
1.682528880638079,0.6275439808729342,326.01380338875225,179.07238057968934,-1.0125188827514648,-0.3048343360424042,-0.4100612998008728
1.682528880638079,0.6275439808729342,326.01380338875225,179.07238057968934,-1.029422640800476,-0.3055168390274048,-0.4190548062324524
1.682528880638079,0.6275439808729342,326.01380338875225,179.07238057968934,-0.8381163477897644,-0.28624045848846436,-0.3432486653327942
1.686640781894405,0.6260256901289747,326.0061349115995,179.06489781773408,-0.8872948884963989,-0.2890946865081787,-0.35198038816452026
1.686640781894405,0.6260256901289747,326.0061349115995,179.06489781773408,-0.9080621004104614,-0.29180964827537537,-0.35767754912376404
1.6907728949077312,0.624477951955092,326.01380338875225,179.06489781773408,-1.048206090927124,-0.31297987699508667,-0.41292604804039
1.6907728949077312,0.624477951955092,326.01380338875225,179.06489781773408,-0.8463109135627747,-0.26926499605178833,-0.36595359444618225
1.6907728949077312,0.624477951955092,326.01380338875225,179.06489781773408,-0.8784043192863464,-0.27304643392562866,-0.36572593450546265
1.8312660550258846,0.6226153313363805,327.0137611783333,178.60045275846596,-0.8104422688484192,-0.2602171003818512,-0.34345024824142456
1.840285460137227,0.6233948752001377,325.00153845789714,178.60045275846596,-1.0056943893432617,-0.2685127854347229,-0.37774738669395447
1.8312660550258846,0.6264702075868028,325.00153845789714,178.60045275846596,-0.8265730142593384,-0.2688596844673157,-0.3392565846443176
1.8312660550258846,0.6264702075868028,325.00153845789714,178.60045275846596,-1.1243878602981567,-0.3172939419746399,-0.43234896659851074
1.9717585601804062,0.6284548983471134,324.0015432062014,178.60045275846596,-1.1158527135849,-0.3159053921699524,-0.4355527460575104
1.9814714790873322,0.6253703266417348,324.0015432062014,178.60045275846596,-0.9216764569282532,-0.2858046293258667,-0.36699438095092773
1.840285460137227,0.6233948752001377,325.00153845789714,178.60045275846596,-0.9623162150382996,-0.3062041997909546,-0.3859018087387085
1.9766030620746164,0.6269036525740204,324.0061727807049,178.60045275846596,-1.1153414249420166,-0.3350249230861664,-0.439141184091568
1.9766030620746164,0.6269036525740204,324.0061727807049,178.60045275846596,-1.0181721448898315,-0.33167579770088196,-0.4306320250034332
2.1122444497915898,0.6304315044778918,323.0139315880973,178.60045275846596,-1.1585259437561035,-0.3603402376174927,-0.4625667631626129
1.9621406011802622,0.6315394879666285,324.0015432062014,178.60045275846596,-0.8293625116348267,-0.2827785015106201,-0.35540246963500977
1.9669377978342235,0.6300001915993859,324.0,178.60045275846596,-0.7853410243988037,-0.23617510497570038,-0.31291550397872925
1.8267895105852199,0.628010852381575,325.0,178.60045275846596,-0.7786619663238525,-0.23495015501976013,-0.31658074259757996
1.9766030620746164,0.626915596212164,324.0,178.60045275846596,-1.0763285160064697,-0.28377795219421387,-0.3728609085083008
2.133159661536605,0.6242679965125675,323.00154798390673,179.05729195604997,-1.1917505264282227,-0.3422085642814636,-0.4324283003807068
2.3990584633821026,0.6290216169362407,323.0061918911153,179.05729195604997,-1.1833603382110596,-0.34476470947265625,-0.4608818590641022
1.9766030620746164,0.630797314319582,322.0062111202205,179.05729195604997,-1.1744136810302734,-0.35163506865501404,-0.4894039034843445
1.9814714790873322,0.6292303028045266,322.0139748520241,179.05729195604997,-0.9602409601211548,-0.31690800189971924,-0.4148818552494049
1.9912807694426657,0.6261267104756728,322.0139748520241,178.58902410093876,-1.1764830350875854,-0.3647981584072113,-0.4508396089076996
1.84939438242348,0.6280249436970012,321.01401838549043,179.05729195604997,-1.2067404985427856,-0.369404673576355,-0.4755159020423889
1.8539828294539369,0.6264469147503791,321.024921150991,178.58902410093876,-1.194325566291809,-0.36610767245292664,-0.46839284896850586
2.0011878708917457,0.6269166901611362,320.0140621910231,178.57740634117198,-1.089017391204834,-0.3627341389656067,-0.4578148424625397
2.447168220690649,0.6242828415018229,319.0564213426835,178.57740634117198,-1.1289570331573486,-0.3811233639717102,-0.4386260509490967
2.4410491284891886,0.6258823551725374,319.03918254659567,178.57740634117198,-0.7824618220329285,-0.306889146566391,-0.308907151222229
2.4349605932404583,0.6274758853566398,319.02507738420815,178.5655947554728,-1.100525975227356,-0.3494188189506531,-0.4167865812778473
2.4410491284891886,0.6259315529915621,319.0141062711804,179.0416986276546,-1.1592586040496826,-0.376140832901001,-0.45213446021080017
2.447168220690649,0.6243441767910735,319.02507738420815,179.04955994359082,-1.1445252895355225,-0.3525788486003876,-0.44920092821121216
2.292049140114054,0.6254509367594474,320.0249990235138,179.04955994359082,-1.1394331455230713,-0.37121862173080444,-0.46061357855796814
2.3035402346078566,0.6223286902218047,320.0249990235138,179.04955994359082,-0.9827276468276978,-0.3497045040130615,-0.41268715262413025
2.4410491284891886,0.6258823551725374,319.03918254659567,179.04955994359082,-0.9009925723075867,-0.32499781250953674,-0.37048691511154175
2.1491203999898136,0.6273506039397352,319.02507738420815,179.04955994359082,-0.9138751029968262,-0.3259073495864868,-0.3944412171840668
2.5842967685293217,0.6279189398884963,318.0393057469469,179.0416986276546,-0.8977352976799011,-0.324603796005249,-0.37704482674598694
2.9988879327077975,0.6293106294232425,319.03918254659567,179.0416986276546,-1.0538511276245117,-0.34510669112205505,-0.4113144874572754
2.991447025407616,0.6308416091614013,319.0564213426835,179.0416986276546,-1.1360355615615845,-0.37099969387054443,-0.43036311864852905
3.1335171721277315,0.6289543555969094,320.0562450570212,179.0416986276546,-0.8272486925125122,-0.336679071187973,-0.3213540315628052
3.1413105881304046,0.627428158982476,320.0390601161052,178.5655947554728,-0.9026262164115906,-0.33704280853271484,-0.3408885896205902
3.1491428669541466,0.6258345964104208,320.0562450570212,178.5655947554728,-0.9047832489013672,-0.32678356766700745,-0.34787729382514954
3.1649251800769527,0.622775683800515,320.0249990235138,178.5655947554728,-0.9414817690849304,-0.32616740465164185,-0.353005051612854
3.0138813737031795,0.6262297501777985,319.0141062711804,178.5655947554728,-1.132211446762085,-0.3459506928920746,-0.41312068700790405
2.7139487890032896,0.6292039492731581,319.0141062711804,178.5655947554728,-1.185300588607788,-0.3563153147697449,-0.47873321175575256
2.275026146505841,0.6301558887447052,320.0140621910231,178.57740634117198,-0.9383870959281921,-0.32866308093070984,-0.3734271824359894
2.5587057784556304,0.6302875892429242,320.0140621910231,178.57740634117198,-1.0757567882537842,-0.3597784638404846,-0.4211914539337158
2.700512078346605,0.6283956740835672,321.01401838549043,178.57740634117198,-1.1050095558166504,-0.3609328866004944,-0.4235171377658844
3.2674477768836465,0.6287198838478032,321.01401838549043,178.5655947554728,-0.8591939806938171,-0.3198915123939514,-0.34143170714378357
3.1335171721277315,0.6251456102915317,322.0062111202205,178.5655947554728,-0.8865022659301758,-0.31753823161125183,-0.35500550270080566
2.8564331539847876,0.6273382525820892,320.00156249618533,178.5655947554728,-0.9215937852859497,-0.30678024888038635,-0.3618777394294739
2.991447025407616,0.6270098432755632,321.00623046912966,178.57740634117198,-0.9436872601509094,-0.30923229455947876,-0.37044939398765564
2.991447025407616,0.6270098432755632,321.00623046912966,178.57740634117198,-1.2047737836837769,-0.3601335883140564,-0.4608915448188782
2.842292036347938,0.6265193485015996,322.0139748520241,178.57740634117198,-1.0752182006835938,-0.32841914892196655,-0.4393314719200134
2.842292036347938,0.6265193485015996,322.0139748520241,178.58902410093876,-0.8983586430549622,-0.29073387384414673,-0.35875433683395386
2.842292036347938,0.6265193485015996,322.0139748520241,178.58902410093876,-0.9225139617919922,-0.29642754793167114,-0.362777978181839
2.8564331539847876,0.6234417794063,322.001552791287,178.57740634117198,-1.0744478702545166,-0.3079133927822113,-0.39302417635917664
2.9840429589264463,0.6246824152222994,323.00154798390673,178.58902410093876,-1.0641720294952393,-0.30740851163864136,-0.40088796615600586
2.9840429589264463,0.6246824152222994,323.00154798390673,178.58902410093876,-0.8883969187736511,-0.2992604970932007,-0.3530251979827881
2.991447025407616,0.6231275787080256,323.0061918911153,178.58902410093876,-0.9125533103942871,-0.3132903575897217,-0.3584290146827698
2.9988879327077975,0.6215906705091031,323.00154798390673,178.57740634117198,-1.0360389947891235,-0.3267366290092468,-0.38124436140060425
2.8564331539847876,0.6234417794063,322.001552791287,178.57740634117198,-1.1601135730743408,-0.3531102240085602,-0.41800394654273987
3.2674477768836465,0.6248272183321888,323.0139315880973,178.57740634117198,-1.115613341331482,-0.35197868943214417,-0.4156729578971863
3.2755530970097264,0.6232967532714364,323.0061918911153,178.57740634117198,-1.1708793640136719,-0.3771209716796875,-0.45274725556373596
3.417552525345137,0.6253229992327645,322.0062111202205,178.57740634117198,-1.1586767435073853,-0.374077171087265,-0.4462270140647888
3.70143322644785,0.6255157562421306,322.0062111202205,178.57740634117198,-1.1502702236175537,-0.3640332818031311,-0.4427262842655182
3.692278360650775,0.6270743634423468,322.001552791287,178.57740634117198,-1.1805963516235352,-0.372102826833725,-0.46578964591026306
3.692278360650775,0.6270743634423468,322.001552791287,178.57740634117198,-1.1557778120040894,-0.370834082365036,-0.46038228273391724
3.550707928367202,0.6250352218399087,323.00154798390673,178.57740634117198,-1.041275978088379,-0.3376964330673218,-0.43354910612106323
3.2674477768836465,0.6248511736753866,323.00154798390673,178.58902410093876,-0.8659889101982117,-0.291385293006897,-0.3509029746055603
3.2836987228178462,0.6217602681255044,323.00154798390673,178.58902410093876,-1.1192653179168701,-0.33459433913230896,-0.40625858306884766
3.2836987228178462,0.6217602681255044,323.00154798390673,178.58902410093876,-0.784298300743103,-0.2819731533527374,-0.29579848051071167
3.451797981870461,0.6191350314090953,322.0,178.58902410093876,-0.9415092468261719,-0.2924729287624359,-0.30736327171325684
3.7385109029172323,0.6193297218423245,322.0,178.58902410093876,-1.0466021299362183,-0.3046659529209137,-0.32530757784843445
3.8818020423936725,0.6213625804103194,321.0,178.57740634117198,-1.1712162494659424,-0.3357914984226227,-0.4158576428890228
3.7478965968541162,0.6216383290100618,320.00156249618533,178.57740634117198,-1.1335818767547607,-0.33381202816963196,-0.42330384254455566
3.7478965968541162,0.6216383290100618,320.00156249618533,178.57740634117198,-1.2097077369689941,-0.37381988763809204,-0.4626949429512024
3.7385109029172323,0.6231883610629652,320.00624993896605,178.57740634117198,-1.1022868156433105,-0.3645849823951721,-0.44657808542251587
3.729172066635286,0.6247566669226212,320.00156249618533,178.57740634117198,-1.1418038606643677,-0.3647530674934387,-0.4539305567741394
3.434589923307839,0.622223016328291,322.0062111202205,178.57740634117198,-0.9836451411247253,-0.3449285626411438,-0.41772693395614624
3.434589923307839,0.622223016328291,322.0062111202205,178.57740634117198,-1.0054304599761963,-0.35119855403900146,-0.4179378151893616
3.1491428669541466,0.62204474336336,322.0062111202205,178.57740634117198,-1.1372654438018799,-0.352851539850235,-0.4461295008659363
3.1491428669541466,0.62204474336336,322.0062111202205,178.57740634117198,-0.8880977630615234,-0.3059085011482239,-0.3504919707775116
3.157014299624587,0.6205033039517261,322.001552791287,178.57740634117198,-1.1576131582260132,-0.34258538484573364,-0.4340957701206207
3.434589923307839,0.622223016328291,322.0062111202205,178.57740634117198,-1.156983733177185,-0.3490683436393738,-0.43471693992614746
3.300112098359309,0.6225240139087792,321.0015576286196,178.57740634117198,-0.9036908149719238,-0.29408320784568787,-0.3481772840023041
3.300112098359309,0.6225240139087792,321.0015576286196,178.57740634117198,-1.0104999542236328,-0.2989303171634674,-0.3850441575050354
3.2836987228178462,0.6256341263860821,321.0015576286196,178.57740634117198,-1.0173323154449463,-0.31169891357421875,-0.40530723333358765
3.300112098359309,0.6225240139087792,321.0015576286196,178.58902410093876,-0.9957951307296753,-0.30269891023635864,-0.39426466822624207
3.1335171721277315,0.6251576688459689,322.0,178.58902410093876,-0.9090825319290161,-0.28880807757377625,-0.3824881315231323
2.9840429589264463,0.6246824152222994,323.00154798390673,178.58902410093876,-0.9181267023086548,-0.2918996214866638,-0.3828689157962799
3.1413105881304046,0.6197548206460511,324.0015432062014,178.58902410093876,-0.8295859098434448,-0.2704823911190033,-0.3156251311302185
3.2755530970097264,0.6233087018337177,323.0,178.58902410093876,-1.0633907318115234,-0.3204209804534912,-0.39303529262542725
3.4260500505857436,0.6237820248754421,322.001552791287,178.58902410093876,-1.160370111465454,-0.35551217198371887,-0.4187452793121338
3.4260500505857436,0.6237820248754421,322.001552791287,178.58902410093876,-1.118703007698059,-0.3620186746120453,-0.42206063866615295
3.2836987228178462,0.6256341263860821,321.0015576286196,178.58902410093876,-1.1165505647659302,-0.3592800796031952,-0.41005977988243103
3.1413105881304046,0.6236041924465752,322.001552791287,178.57740634117198,-0.9811370968818665,-0.3491705656051636,-0.38676655292510986
3.2755530970097264,0.6271800718453054,321.00623046912966,178.57740634117198,-0.990683376789093,-0.34780025482177734,-0.38715314865112305
3.2836987228178462,0.6256341263860821,321.0015576286196,178.58902410093876,-1.0027438402175903,-0.3496716320514679,-0.3890780508518219
3.2836987228178462,0.6256341263860821,321.0015576286196,178.57740634117198,-0.9560500979423523,-0.31562215089797974,-0.376252681016922
3.2836987228178462,0.625609841232574,321.01401838549043,178.57740634117198,-0.8676639795303345,-0.28718215227127075,-0.3311648964881897
3.2836987228178462,0.625609841232574,321.01401838549043,178.57740634117198,-1.079073190689087,-0.33298584818840027,-0.3848699927330017
3.417552525345137,0.625286817491857,322.02484376209236,178.57740634117198,-1.0446785688400269,-0.33274129033088684,-0.3895499110221863
3.7106335726835407,0.6239511929434766,322.0139748520241,178.57740634117198,-1.0809963941574097,-0.34141793847084045,-0.40257924795150757
3.7106335726835407,0.6239511929434766,322.0139748520241,178.57740634117198,-1.1883063316345215,-0.386801153421402,-0.4404790997505188
3.550707928367202,0.6250112594407315,323.0139315880973,178.57740634117198,-1.1112089157104492,-0.3788188397884369,-0.43733587861061096
3.8433103366703842,0.6236810702544091,323.0061918911153,179.04955994359082,-1.1281700134277344,-0.3735976815223694,-0.432081937789917
3.3923109124051067,0.6260934479552781,324.0015432062014,179.04955994359082,-0.926590085029602,-0.329799085855484,-0.40234604477882385
3.5595132723227936,0.6234932070869186,323.0,179.04955994359082,-0.9581260681152344,-0.32375916838645935,-0.39251142740249634
3.5683623749688413,0.6219452309620639,323.00154798390673,179.04955994359082,-0.9227782487869263,-0.29890748858451843,-0.36637935042381287
3.4260500505857436,0.6199315553543684,324.0015432062014,179.04955994359082,-0.808329701423645,-0.2626740634441376,-0.3163633942604065
3.4260500505857436,0.6199315553543684,324.0015432062014,178.57740634117198,-0.7848211526870728,-0.27172359824180603,-0.29535362124443054
3.8624603756207185,0.6205921484024884,323.0061918911153,178.57740634117198,-1.0979485511779785,-0.33663052320480347,-0.38038140535354614
3.891545635732093,0.6159441383849492,323.0139315880973,178.57740634117198,-0.9547052383422852,-0.3177364766597748,-0.3323971629142761
3.891545635732093,0.6159441383849492,323.0139315880973,178.57740634117198,-1.0721795558929443,-0.3268849849700928,-0.3963536024093628
4.178701688657198,0.6200246915474216,321.0015576286196,178.57740634117198,-1.104440689086914,-0.34359505772590637,-0.4193710386753082
4.189212500849274,0.6184622133053527,321.00623046912966,178.57740634117198,-1.0960197448730469,-0.3647226393222809,-0.4244841933250427
4.178701688657198,0.6200246915474216,321.0015576286196,178.57740634117198,-1.152809500694275,-0.3651654124259949,-0.4425997734069824
4.025046885414984,0.6233998676118054,320.00624993896605,178.57740634117198,-1.1201601028442383,-0.34380555152893066,-0.4363862872123718
3.577255562799104,0.6204032311241926,323.0,178.57740634117198,-0.8667759895324707,-0.30742692947387695,-0.37875741720199585
3.577255562799104,0.6204032311241926,323.0,178.57740634117198,-0.9246152639389038,-0.31626471877098083,-0.3825840950012207
3.7106335726835407,0.6201236011686164,324.0015432062014,178.57740634117198,-0.950110912322998,-0.32224583625793457,-0.38352176547050476
3.7106335726835407,0.6201236011686164,324.0015432062014,178.57740634117198,-0.9475299715995789,-0.3075663447380066,-0.3613578975200653
3.7106335726835407,0.6201236011686164,324.0015432062014,178.57740634117198,-0.9945639371871948,-0.3111826777458191,-0.36277854442596436
3.7198797385549387,0.6185865865927237,324.0,178.57740634117198,-1.1495704650878906,-0.355506956577301,-0.4229612350463867
3.595175516288443,0.6173014816453636,323.0061918911153,178.57740634117198,-0.8815281987190247,-0.2877468466758728,-0.3247567117214203
3.577255562799104,0.6203913382585472,323.0061918911153,178.57740634117198,-0.8615984916687012,-0.270698219537735,-0.33294522762298584
3.7198797385549387,0.6185748016341179,324.0061727807049,178.57740634117198,-1.040818691253662,-0.3084268867969513,-0.4157941937446594
3.7198797385549387,0.6185748016341179,324.0061727807049,178.57740634117198,-0.8686398267745972,-0.3042052686214447,-0.3492167592048645
3.7385109029172323,0.6154949725974458,324.0061727807049,178.57740634117198,-0.8987345695495605,-0.30000028014183044,-0.34359514713287354
3.443172460388192,0.6206820248208977,322.001552791287,178.57740634117198,-0.9071818590164185,-0.2984154522418976,-0.34583479166030884
3.577255562799104,0.6204032311241926,323.0,178.57740634117198,-0.9202678799629211,-0.2909514009952545,-0.3520151674747467
3.434589923307839,0.6222350185082487,322.0,178.57740634117198,-0.8848870992660522,-0.28443002700805664,-0.3277606964111328
3.4260500505857436,0.6237820248754421,322.001552791287,178.57740634117198,-0.8993260264396667,-0.28571364283561707,-0.3434752821922302
3.5683623749688413,0.6219452309620639,323.00154798390673,178.57740634117198,-0.8651143312454224,-0.28600242733955383,-0.33760979771614075
3.8528615807903694,0.6221455453146182,323.00154798390673,178.5655947554728,-1.1384079456329346,-0.36879321932792664,-0.4308476448059082
3.8433103366703842,0.6236810702544091,323.0061918911153,178.0891151650743,-1.1724506616592407,-0.3769371211528778,-0.4553033411502838
4.137180019865159,0.6262387986854558,321.0015576286196,178.0891151650743,-1.1050143241882324,-0.36632341146469116,-0.4433976709842682
3.985142602295106,0.625723867117026,322.0062111202205,178.5655947554728,-0.8142049908638,-0.27946656942367554,-0.35037344694137573
3.995044386629964,0.624183894039696,322.001552791287,178.0891151650743,-0.9506604075431824,-0.3167881965637207,-0.368204802274704
3.995044386629964,0.624183894039696,322.001552791287,178.10486744794804,-0.9382909536361694,-0.30890804529190063,-0.36463338136672974
3.995044386629964,0.6241598154256471,322.0139748520241,178.10486744794804,-1.0517232418060303,-0.3426682651042938,-0.39422866702079773
4.4323076393753364,0.6249212622972703,321.0,178.0891151650743,-1.041748046875,-0.35034728050231934,-0.3941965401172638
4.1474829769617765,0.624688272525001,321.0,178.5655947554728,-0.8978455662727356,-0.29197630286216736,-0.3642530143260956
4.1474829769617765,0.6208202336978124,323.0,178.0891151650743,-0.8998080492019653,-0.29343658685684204,-0.3641379177570343
4.004995449248981,0.6226378900418827,322.0,178.0891151650743,-1.1331994533538818,-0.3412543833255768,-0.4268673360347748
3.995044386629964,0.6203309438684805,324.0015432062014,178.0891151650743,-0.9475606083869934,-0.30097341537475586,-0.38408464193344116
3.995044386629964,0.6203309438684805,324.0015432062014,178.10486744794804,-0.9217000007629395,-0.2862282395362854,-0.3659331202507019
3.7106335726835407,0.6201236011686164,324.0015432062014,178.10486744794804,-0.8250745534896851,-0.2658155560493469,-0.3233933746814728
3.5683623749688413,0.618117912053536,325.00153845789714,178.1203615423617,-0.757934033870697,-0.2574353814125061,-0.28597357869148254
3.7198797385549387,0.6185748016341179,324.0061727807049,178.1203615423617,-0.7979066967964172,-0.2635689675807953,-0.3006119132041931
4.004995449248981,0.6187826573694245,324.0061727807049,178.1203615423617,-0.8000361323356628,-0.26719552278518677,-0.2898823022842407
4.025046885414984,0.6156686812901208,324.02469041725817,178.10486744794804,-0.8028962016105652,-0.26711684465408325,-0.28858739137649536
3.7385109029172323,0.6154597977712526,324.02469041725817,178.10486744794804,-0.783620297908783,-0.2537906765937805,-0.28080305457115173
4.025046885414984,0.6156686812901208,324.02469041725817,178.10486744794804,-1.0745551586151123,-0.31560224294662476,-0.3906758427619934
4.189212500849274,0.6145975298400894,323.02476685232665,178.10486744794804,-1.1640838384628296,-0.35618796944618225,-0.42498359084129333
4.045299899911975,0.6125901441170848,324.02469041725817,178.57740634117198,-0.7933103442192078,-0.3000950217247009,-0.3019254505634308
4.0351480062185345,0.6141030829630738,324.0385779502188,178.57740634117198,-0.8306307792663574,-0.2942458689212799,-0.3047437071800232
4.025046885414984,0.6156100500864118,324.05555079337864,178.58902410093876,-0.7660766243934631,-0.27443522214889526,-0.2739035189151764
4.168243424845116,0.6138263777300801,325.05537989702617,178.10486744794804,-0.7013510465621948,-0.24734632670879364,-0.24744951725006104
4.168243424845116,0.6138263777300801,325.05537989702617,178.10486744794804,-1.0204960107803345,-0.28297966718673706,-0.35872265696525574
4.258115391694753,0.6195723433734399,326.1242094662707,178.5655947554728,-0.7701481580734253,-0.25950175523757935,-0.30314114689826965
4.258115391694753,0.6195723433734399,326.1242094662707,178.57740634117198,-0.7608871459960938,-0.2589796781539917,-0.28179067373275757
4.258115391694753,0.6195723433734399,326.1242094662707,178.57740634117198,-1.1201297044754028,-0.32610467076301575,-0.3956758677959442
4.24761792799952,0.6210458110455497,326.15333817086713,178.57740634117198,-1.01270592212677,-0.3243050277233124,-0.3781415820121765
4.24761792799952,0.6210458110455497,326.15333817086713,178.57740634117198,-0.7395063638687134,-0.2703329026699066,-0.2873874008655548
4.237172029419747,0.6225131903304636,326.18553002854065,178.57740634117198,-0.7819623351097107,-0.2659674286842346,-0.2999720573425293
4.096474461762376,0.6243147265198553,325.1861005639694,178.57740634117198,-0.71538245677948,-0.24437086284160614,-0.2514296770095825
4.237172029419747,0.6225131903304636,326.18553002854065,178.5655947554728,-0.7267091274261475,-0.24762172996997833,-0.2578350007534027
4.226777317701304,0.623974443277392,326.2207841324645,178.5655947554728,-0.8538475036621094,-0.233094722032547,-0.2995494306087494
3.9460210116848997,0.6199577516868456,328.219438790575,178.57740634117198,-0.7249701619148254,-0.2360394299030304,-0.2737652063369751
4.226777317701304,0.6201748224249709,328.219438790575,178.57740634117198,-0.707245945930481,-0.2208678424358368,-0.23200345039367676
4.258115391694753,0.6156829546805836,328.18439938546743,178.57740634117198,-0.6909871101379395,-0.22511105239391327,-0.23336327075958252
4.24761792799952,0.6172624737784089,328.1524036175874,178.57740634117198,-0.7644904851913452,-0.24087831377983093,-0.26895108819007874
4.258115391694753,0.6157973141805816,328.12345237730267,178.5655947554728,-0.7911095023155212,-0.2795916199684143,-0.2779916524887085
4.268664802488425,0.6143262146906993,328.09754647055803,178.5655947554728,-0.8743988275527954,-0.28942281007766724,-0.30524539947509766
4.540740171909207,0.6160310562820518,328.12345237730267,178.5655947554728,-0.9109684228897095,-0.3006241023540497,-0.34739142656326294
4.5519845629888795,0.6145605533051275,328.09754647055803,178.5655947554728,-0.9069956541061401,-0.3134933114051819,-0.3425338566303253
4.5519845629888795,0.6145605533051275,328.09754647055803,178.5655947554728,-1.0781351327896118,-0.33459407091140747,-0.4105156362056732
4.681972613867393,0.6142821423957786,329.1230772826482,178.5655947554728,-1.0563430786132812,-0.2921280264854431,-0.38919582962989807
4.658960691975656,0.6174016353138703,329.07445965920846,178.5655947554728,-1.0236793756484985,-0.3152044713497162,-0.37657251954078674
4.658960691975656,0.6174016353138703,329.07445965920846,178.5655947554728,-0.9408286213874817,-0.2982028126716614,-0.36305874586105347
4.518416961894361,0.6154103947149658,330.07423407470026,178.5655947554728,-0.7767830491065979,-0.2591075301170349,-0.327010840177536
5.2205692504712555,0.6141928967562527,331.074009852782,179.04955994359082,-0.771411120891571,-0.2758142054080963,-0.2909182906150818
5.528135100112948,0.6151840198283154,329.07445965920846,179.0416986276546,-1.1114692687988281,-0.31493744254112244,-0.3552609980106354
5.528135100112948,0.6151840198283154,329.07445965920846,179.0416986276546,-1.0478495359420776,-0.3124311864376068,-0.35352522134780884
5.528135100112948,0.6151840198283154,329.07445965920846,178.5655947554728,-1.000571846961975,-0.3126349151134491,-0.358207106590271
5.360821083543184,0.6124825632087302,332.0737869811467,179.04955994359082,-0.9131916165351868,-0.31894513964653015,-0.34615132212638855
5.067811023440148,0.6174629983625185,330.0545409474016,179.04955994359082,-1.046420693397522,-0.3231356739997864,-0.3847273588180542
4.939881752548205,0.6177243076308534,329.0379917273992,179.04955994359082,-0.8590550422668457,-0.30212390422821045,-0.3310481905937195
4.939881752548205,0.6177243076308534,329.0379917273992,178.57740634117198,-1.2241606712341309,-0.3774184286594391,-0.44172072410583496
4.927777794819361,0.6192068045921754,329.05470669783773,178.57740634117198,-0.8546845316886902,-0.29089173674583435,-0.3440800607204437
4.915732886284135,0.6206834482975812,329.07445965920846,178.57740634117198,-0.7634357213973999,-0.283488929271698,-0.28662317991256714
5.055427164993155,0.6189350639443089,330.07423407470026,178.57740634117198,-0.7398617267608643,-0.23899118602275848,-0.2809140980243683
5.043103549360363,0.6204810174166561,330.0545409474016,178.57740634117198,-0.7625904679298401,-0.2432519495487213,-0.28725355863571167
5.043103549360363,0.6204810174166561,330.0545409474016,178.57740634117198,-0.7747745513916016,-0.2798704206943512,-0.2895706295967102
4.891818501184663,0.6200120786671912,331.03776219639957,178.57740634117198,-0.808674156665802,-0.2900344133377075,-0.2950356602668762
5.295834093670546,0.6237714645378581,330.0545409474016,178.57740634117198,-1.1874921321868896,-0.35831934213638306,-0.4335170388221741
5.18240170432281,0.6225017470689693,329.05470669783773,178.57740634117198,-0.8745368123054504,-0.3178509771823883,-0.3100917339324951
4.927777794819361,0.6192068045921754,329.05470669783773,178.57740634117198,-0.9230321645736694,-0.31769174337387085,-0.34518033266067505
4.891818501184663,0.6237111542037672,329.07445965920846,178.57740634117198,-0.8273407816886902,-0.30066537857055664,-0.3332039713859558
4.891818501184663,0.6237111542037672,329.07445965920846,178.57740634117198,-0.7886911034584045,-0.2714637517929077,-0.2983178496360779
5.043103549360363,0.6242631764835967,328.05487345869443,178.10486744794804,-0.8793787956237793,-0.2860225439071655,-0.31157708168029785
5.965038191396368,0.6235569765531064,324.09875038327436,178.10486744794804,-1.0790210962295532,-0.36575132608413696,-0.38690656423568726
5.809677872128641,0.6230558630119786,325.0753758745808,178.10486744794804,-0.9620621800422668,-0.31949472427368164,-0.37237295508384705
5.795398254992488,0.6246245102654162,325.05537989702617,178.10486744794804,-1.164444088935852,-0.39200180768966675,-0.44492465257644653
5.781188444203268,0.6261874644279459,325.0384592629002,178.10486744794804,-0.8579122424125671,-0.28596431016921997,-0.3522586524486542
5.387263503679535,0.6206967994116793,326.0751447136074,178.60045275846596,-0.7371318340301514,-0.24924102425575256,-0.2647394835948944
5.2205692504712555,0.6217025392052212,327.0749149659753,178.60045275846596,-0.7587276697158813,-0.25391215085983276,-0.2745419442653656
5.360821083543184,0.6199484828085001,328.0746866187637,178.60045275846596,-0.7393497824668884,-0.24791181087493896,-0.2651692032814026
4.939881752548205,0.6176558516106491,329.07445965920846,178.10486744794804,-0.8151227831840515,-0.26641538739204407,-0.2991971969604492
5.026299845066472,0.6108655830376089,327.0244639166923,178.58902410093876,-1.1252188682556152,-0.3223007321357727,-0.3892343044281006
5.28544355306953,0.6141858610002394,327.0244639166923,178.58902410093876,-1.1214677095413208,-0.3275158405303955,-0.3823348879814148
5.42741857974317,0.6162127332501534,326.02453895374197,178.57740634117198,-1.0033764839172363,-0.32031577825546265,-0.37364518642425537
5.28544355306953,0.6141858610002394,327.0244639166923,178.57740634117198,-0.7559912800788879,-0.2793005704879761,-0.2817901372909546
5.400582519685935,0.6230883577273556,324.02469041725817,178.57740634117198,-1.1846344470977783,-0.38947150111198425,-0.4114001393318176
4.9642685564208895,0.6223073260479565,325.01384585891105,178.5655947554728,-0.9823981523513794,-0.3276064991950989,-0.40150851011276245
5.10532849325363,0.6243632733001285,324.01388859121454,178.5655947554728,-1.1749980449676514,-0.3574962913990021,-0.43250852823257446
5.117957782331264,0.6228410969807373,324.0061727807049,178.5655947554728,-1.1646223068237305,-0.36360496282577515,-0.4298555850982666
5.259301779921774,0.6249092963059463,323.0061918911153,178.5655947554728,-1.1191792488098145,-0.3611932098865509,-0.4261123538017273
5.117957782331264,0.6228410969807373,324.0061727807049,178.5655947554728,-0.9166439175605774,-0.3047259449958801,-0.3601216673851013
4.670438357317507,0.6235612817361006,325.0246144525057,179.05729195604997,-0.9637228846549988,-0.3077223002910614,-0.38739246129989624
4.647539203352703,0.6266278088717216,325.0246144525057,179.05729195604997,-0.9404703974723816,-0.3100433945655823,-0.38203877210617065
4.48534004007238,0.627676802544433,326.0061349115995,178.58902410093876,-0.9451318979263306,-0.3100767433643341,-0.3870309889316559
4.496311825031478,0.6261330680048032,326.01380338875225,178.58902410093876,-0.9025896191596985,-0.3103626072406769,-0.3556923270225525
4.474421588346959,0.6253548228793134,328.01371922527875,178.58902410093876,-0.9845800399780273,-0.31655338406562805,-0.3780893087387085
4.474421588346959,0.6253548228793134,328.01371922527875,178.1203615423617,-0.919493556022644,-0.28176525235176086,-0.37400346994400024
4.613607713053942,0.6273881769513946,327.0137611783333,178.13560373662455,-1.1044847965240479,-0.33442503213882446,-0.4074705243110657
4.6361734809891395,0.6281819223985431,325.01384585891105,178.13560373662455,-1.0856213569641113,-0.3224868178367615,-0.3953649401664734
4.268664802488425,0.6220835919111523,324.0061727807049,178.57740634117198,-1.0718739032745361,-0.3089769184589386,-0.4039565622806549
4.1269280650025,0.6200569690758265,325.0061537878937,178.57740634117198,-1.1571271419525146,-0.337099552154541,-0.4380475580692291
4.116726735322356,0.6216002510183198,325.00153845789714,178.58902410093876,-0.8300633430480957,-0.29517510533332825,-0.3456772267818451
4.116726735322356,0.6216002510183198,325.00153845789714,178.58902410093876,-1.0340070724487305,-0.3269496560096741,-0.40544256567955017
3.9752897317671034,0.623409889357629,324.0015432062014,178.1203615423617,-0.9098914265632629,-0.3098067045211792,-0.36412346363067627
3.7106335726835407,0.6200999735870278,324.01388859121454,178.1203615423617,-0.8220770955085754,-0.28064408898353577,-0.30146524310112
3.692278360650775,0.619356961738778,326.01380338875225,178.10486744794804,-0.8470426797866821,-0.28593993186950684,-0.383727490901947
3.67410373021932,0.6224179840306842,326.01380338875225,178.1203615423617,-0.9324580430984497,-0.3175601363182068,-0.39985865354537964
4.24761792799952,0.6251614365462068,324.0061727807049,178.58902410093876,-1.0900250673294067,-0.3898008465766907,-0.42357978224754333
4.226777317701304,0.6282513338280615,324.0,178.58902410093876,-1.1882600784301758,-0.3991098999977112,-0.4576077461242676
4.216433418273766,0.6297873585332587,324.0015432062014,178.57740634117198,-0.9717801213264465,-0.3737483322620392,-0.40129613876342773
3.9460210116848997,0.6280194712900825,324.0061727807049,178.57740634117198,-1.189124345779419,-0.3881853520870209,-0.4572509229183197
3.9460210116848997,0.6280314361865723,324.0,178.57740634117198,-0.9199783205986023,-0.3207888901233673,-0.35831135511398315
4.367082774182394,0.6303123472565245,323.0,178.57740634117198,-0.9708303213119507,-0.32360565662384033,-0.3735920786857605
4.927777794819361,0.6230975946987547,327.0,178.57740634117198,-0.9903115034103394,-0.3307049870491028,-0.3860403895378113
4.529551107018092,0.6215726133927713,326.0,178.0891151650743,-1.1120175123214722,-0.313755601644516,-0.405451238155365
4.399453821441501,0.6218286685607004,325.00153845789714,178.0891151650743,-1.0371906757354736,-0.3026058077812195,-0.3934590816497803
4.399453821441501,0.6218286685607004,325.00153845789714,178.0891151650743,-0.7930973172187805,-0.27062153816223145,-0.30012086033821106
4.716919137130716,0.6174636013571885,325.0061537878937,178.0891151650743,-0.8193706274032593,-0.2756284773349762,-0.2762370705604553
4.70521257898835,0.6190056281242029,325.00153845789714,178.0891151650743,-1.0243550539016724,-0.33421099185943604,-0.40404200553894043
4.693563880192386,0.6205300999277452,325.0061537878937,178.5655947554728,-1.007563591003418,-0.36030879616737366,-0.3937285542488098
4.915732886284135,0.6284380587553547,325.01384585891105,179.0416986276546,-1.211521029472351,-0.41179031133651733,-0.4781952500343323
4.658960691975656,0.6251152439028914,325.01384585891105,179.0416986276546,-1.069875955581665,-0.33217108249664307,-0.4236454367637634
4.367082774182394,0.6264216409287318,325.0061537878937,178.5655947554728,-1.1846141815185547,-0.351314902305603,-0.4488961696624756
4.226777317701304,0.6282393647422073,324.0061727807049,178.5655947554728,-1.2045862674713135,-0.3929085433483124,-0.4505126476287842
4.356397876612733,0.6279645367759428,325.00153845789714,178.57740634117198,-1.1756070852279663,-0.3428613543510437,-0.44492536783218384
4.206139960206292,0.6274444087771276,326.0061349115995,178.57740634117198,-0.8281099200248718,-0.29011356830596924,-0.3322908282279968
4.345765063621882,0.6256396742918737,327.00611615075337,178.57740634117198,-0.9091013073921204,-0.2987830638885498,-0.343669593334198
4.314175359212858,0.6302224971882903,327.00152904841286,178.58902410093876,-1.2367150783538818,-0.38098588585853577,-0.460310161113739
4.314175359212858,0.6302224971882903,327.00152904841286,178.58902410093876,-1.0212063789367676,-0.34974950551986694,-0.3988536298274994
4.185702902358968,0.6266708758666883,328.0,178.57740634117198,-0.7667757272720337,-0.295379102230072,-0.29514655470848083
4.185702902358968,0.6266708758666883,328.0,178.57740634117198,-1.167641043663025,-0.35198184847831726,-0.406820684671402
4.195896576162737,0.6251476545843592,328.0015243867016,178.57740634117198,-0.9941456913948059,-0.3272703289985657,-0.3723759055137634
4.335183956091386,0.6271731115685644,327.00152904841286,178.57740634117198,-1.1617642641067505,-0.3658825755119324,-0.4470151364803314
4.335183956091386,0.6271731115685644,327.00152904841286,178.57740634117198,-1.0780651569366455,-0.35231268405914307,-0.39830121397972107
4.206139960206292,0.6274444087771276,326.0061349115995,178.57740634117198,-1.1072454452514648,-0.33621490001678467,-0.3982087969779968
4.185702902358968,0.6305036171671368,326.0061349115995,178.57740634117198,-1.1200793981552124,-0.3370286524295807,-0.4164508283138275
4.314175359212858,0.6302224971882903,327.00152904841286,178.58902410093876,-0.957036018371582,-0.3367769122123718,-0.37850698828697205
4.314175359212858,0.6302224971882903,327.00152904841286,178.58902410093876,-0.9683464169502258,-0.33688491582870483,-0.3798047602176666
4.452743140001656,0.6284175955940353,328.0015243867016,178.1203615423617,-1.0118460655212402,-0.34154555201530457,-0.3908476233482361
4.452743140001656,0.6284175955940353,328.0015243867016,178.1203615423617,-0.8813198208808899,-0.32137399911880493,-0.34570369124412537
4.624863118405283,0.6258904923947416,327.0,178.57740634117198,-0.8639168739318848,-0.3051387369632721,-0.3266953229904175
4.452743140001656,0.6283942323910204,328.01371922527875,178.10486744794804,-1.0477712154388428,-0.3480815589427948,-0.4038446545600891
4.729724771897557,0.6286382287958535,328.01371922527875,178.5655947554728,-1.0286431312561035,-0.37506499886512756,-0.4007466733455658
5.055427164993155,0.6266673497597549,326.00153373872337,178.0891151650743,-1.1191112995147705,-0.391907274723053,-0.4052909314632416
4.775981082588367,0.626404533173496,326.00153373872337,178.0891151650743,-1.146661639213562,-0.3846633732318878,-0.4209395945072174
4.775981082588367,0.626404533173496,326.00153373872337,178.10486744794804,-0.9037075042724609,-0.31010937690734863,-0.36344829201698303
4.474421588346959,0.629214712372023,326.00153373872337,178.10486744794804,-0.9330958127975464,-0.3146023750305176,-0.3626480996608734
4.324654178566916,0.6287007335929891,327.0,178.10486744794804,-0.8476818799972534,-0.2738337218761444,-0.35189491510391235
4.324654178566916,0.6287007335929891,327.0,178.10486744794804,-0.8571575880050659,-0.27605512738227844,-0.3303705155849457
4.076420255984953,0.6277383519192443,325.00153845789714,178.10486744794804,-0.8487216234207153,-0.2610161304473877,-0.30746692419052124
4.216433418273766,0.6259236688865888,326.00153373872337,178.10486744794804,-0.8269355893135071,-0.2614865303039551,-0.3085838854312897
4.496311825031478,0.6261566336411493,326.00153373872337,178.10486744794804,-1.0927097797393799,-0.3470287024974823,-0.4033474922180176
4.591260183237246,0.6304362948184311,327.0137611783333,178.0891151650743,-1.0845493078231812,-0.3789876103401184,-0.41652911901474
4.580167272916034,0.6319397068973872,327.0244639166923,178.0891151650743,-1.0636193752288818,-0.3728337585926056,-0.42271751165390015
4.844679679432159,0.6337354043534362,327.0137611783333,178.0891151650743,-1.0942885875701904,-0.38553208112716675,-0.43717169761657715
4.8563791779179075,0.6322266713646137,327.00611615075337,178.0891151650743,-1.1110117435455322,-0.3830307722091675,-0.4348653256893158
4.994402831194467,0.6342976086348189,326.0061349115995,178.10486744794804,-1.0884641408920288,-0.38085174560546875,-0.4336472451686859
5.006489807029633,0.6327786617982766,326.00153373872337,178.10486744794804,-1.1931096315383911,-0.3914555311203003,-0.4601137638092041
5.0186353014186755,0.6312537606727499,326.0,177.61266982548406,-1.0282151699066162,-0.34418267011642456,-0.3993719816207886
5.321639374592012,0.6284751311414402,326.0,177.63235441519342,-0.9439724087715149,-0.3140624761581421,-0.3619046211242676
5.8636833224951985,0.6305964544572527,326.00153373872337,177.59265478862073,-1.0275036096572876,-0.3177920877933502,-0.3697587847709656
6.140769288524231,0.6309171827087526,326.00153373872337,177.61266982548406,-0.9198139309883118,-0.3182622194290161,-0.3445141315460205
6.417569405037204,0.6312526540517369,326.00153373872337,177.61266982548406,-1.1447463035583496,-0.3709107041358948,-0.3932556211948395
6.417569405037204,0.6312526540517369,326.00153373872337,177.61266982548406,-1.2423418760299683,-0.408963143825531,-0.4317694306373596
5.987730699609073,0.6303379198685463,327.00611615075337,177.61266982548406,-0.8979825973510742,-0.33106285333633423,-0.37388700246810913
5.83535236353791,0.629760870494897,328.01371922527875,177.61266982548406,-0.7887155413627625,-0.2802901864051819,-0.324871689081192
5.83535236353791,0.629760870494897,328.01371922527875,177.59265478862073,-0.7501075267791748,-0.2798880338668823,-0.2875629663467407
5.973270110560636,0.6318438511653521,327.0137611783333,177.59265478862073,-1.1371195316314697,-0.31817349791526794,-0.3876819908618927
6.125908398237105,0.6285420060372479,328.0243893371345,177.61266982548406,-0.899928867816925,-0.2639840245246887,-0.3402469754219055
6.125908398237105,0.6285420060372479,328.0243893371345,177.61266982548406,-1.1251429319381714,-0.3145674765110016,-0.39246177673339844
6.125908398237105,0.6285420060372479,328.0243893371345,177.61266982548406,-0.9001964330673218,-0.31472882628440857,-0.3332538604736328
6.125908398237105,0.6285770577797509,328.0060975042995,177.61266982548406,-0.9748787879943848,-0.3414674401283264,-0.3605354130268097
5.973270110560636,0.628026382387894,329.0015197533288,177.61266982548406,-0.8093909025192261,-0.3029094934463501,-0.3283082842826843
5.973270110560636,0.628026382387894,329.0015197533288,177.61266982548406,-1.099888563156128,-0.3398568630218506,-0.3968847990036011
5.987730699609073,0.6265177964820007,329.0,177.63235441519342,-1.091670274734497,-0.34753814339637756,-0.4142647683620453
5.697367358485521,0.6277173866794338,329.0015197533288,177.63235441519342,-0.9899502992630005,-0.3168220818042755,-0.39006292819976807
5.683632215796135,0.6292209291534264,329.0060789711947,177.63235441519342,-0.8715102076530457,-0.2950851023197174,-0.35974258184432983
5.683632215796135,0.6292209291534264,329.0060789711947,178.10486744794804,-0.7512581944465637,-0.2664097249507904,-0.262067973613739
5.421201983778653,0.6274229635740708,329.0015197533288,177.63235441519342,-0.8159120678901672,-0.26718869805336,-0.28146448731422424
5.572787905217785,0.6279673738185745,328.0,177.63235441519342,-1.1082258224487305,-0.3240496516227722,-0.37699252367019653
5.434342444027886,0.6297411312609972,327.0,178.10486744794804,-1.0549123287200928,-0.3230940103530884,-0.38218212127685547
5.360821083543184,0.6238909427225038,326.00153373872337,178.10486744794804,-1.1166311502456665,-0.35268765687942505,-0.4241101145744324
5.474147796179839,0.629018990713785,325.00153845789714,178.10486744794804,-1.184877872467041,-0.3605983257293701,-0.44841593503952026
5.195062206526495,0.6287329566463047,325.00153845789714,178.0891151650743,-0.8871121406555176,-0.34613412618637085,-0.36625033617019653
5.1698026154048735,0.6279331229838914,327.00152904841286,178.0891151650743,-0.8263209462165833,-0.31204861402511597,-0.3615383207798004
5.15726449526463,0.6294589076396465,327.0,178.0891151650743,-0.732928991317749,-0.2745809853076935,-0.29260188341140747
5.347696727020467,0.6254091603493144,326.0061349115995,178.0891151650743,-1.1094000339508057,-0.3313150703907013,-0.3683367371559143
5.4875457945036,0.6274786576531913,325.0061537878937,178.0891151650743,-1.103693962097168,-0.34646281599998474,-0.4200330674648285
5.474147796179839,0.629018990713785,325.00153845789714,178.0891151650743,-1.1703945398330688,-0.3883466124534607,-0.43881934881210327
5.474147796179839,0.629018990713785,325.00153845789714,178.0891151650743,-0.9795802235603333,-0.3612123429775238,-0.4086374342441559
5.474147796179839,0.629018990713785,325.00153845789714,178.0891151650743,-1.0855891704559326,-0.3766549825668335,-0.4240751266479492
5.4875457945036,0.6274786576531913,325.0061537878937,178.0891151650743,-1.0744149684906006,-0.3701602816581726,-0.42212042212486267
5.334636312286538,0.6269450646401525,326.00153373872337,178.0891151650743,-1.0211501121520996,-0.3749580383300781,-0.4217565059661865
5.586324373262404,0.6302667705880237,326.01380338875225,178.0891151650743,-1.0229582786560059,-0.37252336740493774,-0.41984009742736816
5.599926573308559,0.6287551828800106,326.0061349115995,178.0891151650743,-0.9120071530342102,-0.3720304071903229,-0.3926686644554138
5.308705453667618,0.6299993162609274,326.00153373872337,177.61266982548406,-0.9209185838699341,-0.35346144437789917,-0.3922732472419739
5.144786903662347,0.6309788356418561,327.00152904841286,177.61266982548406,-0.8329306840896606,-0.3059619665145874,-0.3564029037952423
5.144786903662347,0.6309788356418561,327.00152904841286,177.61266982548406,-0.8792999982833862,-0.29361286759376526,-0.3556244969367981
5.144786903662347,0.6309788356418561,327.00152904841286,177.61266982548406,-0.8266999125480652,-0.2951292097568512,-0.3378813564777374
5.0186353014186755,0.6312537606727499,326.0,177.61266982548406,-0.7827957272529602,-0.2719021439552307,-0.29058659076690674
5.15726449526463,0.6294589076396465,327.0,177.63235441519342,-1.1415446996688843,-0.34485167264938354,-0.40719181299209595
5.641132372233786,0.6241849677619808,326.00153373872337,177.63235441519342,-1.0936472415924072,-0.3497142195701599,-0.40591439604759216
5.82402780943024,0.6216580533372905,325.0061537878937,177.63235441519342,-1.1161001920700073,-0.36847466230392456,-0.4016703963279724
5.795398254992488,0.6247191171947194,325.0061537878937,177.63235441519342,-0.830136775970459,-0.33044737577438354,-0.3247007131576538
5.809677872128641,0.6231738168695903,325.01384585891105,177.63235441519342,-0.9070537686347961,-0.3169831931591034,-0.3302132487297058
6.325221658584453,0.6284403517249076,325.0,177.61266982548406,-1.1532057523727417,-0.3790995180606842,-0.4390684962272644
6.309808594090122,0.6299664902087384,325.00153845789714,177.61266982548406,-1.170353651046753,-0.3836100697517395,-0.45904669165611267
6.031534181964616,0.6257848321640109,327.00152904841286,177.61266982548406,-0.8476227521896362,-0.31821414828300476,-0.33917316794395447
5.906697660174298,0.622193664234296,328.0060975042995,177.61266982548406,-0.8392151594161987,-0.2953445315361023,-0.3297310471534729
5.892289825232052,0.6236954617186989,328.01371922527875,177.61266982548406,-0.9215492010116577,-0.3044711649417877,-0.3386897146701813
6.046277620215737,0.6204263991855001,329.02431521089744,177.61266982548406,-0.8705984354019165,-0.2858586609363556,-0.32052895426750183
5.921175896387673,0.6206168479277182,328.03810754240124,177.59265478862073,-1.1022189855575562,-0.2987878918647766,-0.3903898596763611
5.767047930918888,0.6200563861648817,329.05470669783773,178.07309819445007,-0.7772521376609802,-0.27662283182144165,-0.30304062366485596
6.031534181964616,0.6219117613212967,329.0379917273992,178.0891151650743,-0.8596224784851074,-0.2911805510520935,-0.30402588844299316
6.170707646830684,0.6201886165456755,330.037876614185,177.59265478862073,-0.8578556180000305,-0.29461440443992615,-0.30978521704673767
6.185786165301863,0.618707997648336,330.0242415338607,177.59265478862073,-0.9625799059867859,-0.33964988589286804,-0.35966625809669495
6.325221658584453,0.6207538618760321,329.02431521089744,177.59265478862073,-0.9491677284240723,-0.34372302889823914,-0.35737183690071106
6.279205876726857,0.6253054661760311,329.013677527242,177.59265478862073,-1.1825759410858154,-0.40464353561401367,-0.451127827167511
6.603866984992272,0.6210960246351089,329.02431521089744,177.61266982548406,-1.0380198955535889,-0.3951566815376282,-0.4156467914581299
6.4645824717961755,0.6190417989026403,330.0242415338607,177.61266982548406,-0.8369549512863159,-0.325624018907547,-0.34164759516716003
6.480406318415687,0.6175562592952027,330.01363608190496,177.61266982548406,-1.1355030536651611,-0.3718416392803192,-0.38409358263015747
6.496307506854435,0.616031076226828,330.0242415338607,177.61266982548406,-1.1835367679595947,-0.40352940559387207,-0.42081737518310547
6.51228660302108,0.6182924512556442,328.01371922527875,178.0891151650743,-0.9791210889816284,-0.3241288661956787,-0.35879820585250854
6.620025857961661,0.619606518567261,329.013677527242,178.0891151650743,-1.1499664783477783,-0.37651294469833374,-0.42385536432266235
6.496307506854435,0.6197868064021897,328.0243893371345,177.61266982548406,-1.0907177925109863,-0.36307138204574585,-0.42098480463027954
6.200938285431497,0.6171762996040568,330.037876614185,177.59265478862073,-0.7635999917984009,-0.27902060747146606,-0.28990688920021057
6.340709917223396,0.61921775026415,329.0379917273992,177.61266982548406,-1.0350468158721924,-0.3345072567462921,-0.367331326007843
6.325221658584453,0.6207538618760321,329.02431521089744,177.63235441519342,-1.015637755393982,-0.3424122631549835,-0.3768087923526764
6.140769288524231,0.619492688764266,332.01355394019686,177.61266982548406,-1.0395408868789673,-0.3615850508213043,-0.4124695658683777
6.4645824717961755,0.6152573661462335,332.05421244128195,177.61266982548406,-0.9109601974487305,-0.3344978988170624,-0.34115564823150635
6.4645824717961755,0.6152573661462335,332.05421244128195,178.0891151650743,-0.8498290181159973,-0.30492985248565674,-0.30766892433166504
6.325221658584453,0.6169473325427052,331.05437619823124,178.0891151650743,-1.1349232196807861,-0.33638566732406616,-0.39071351289749146
6.325221658584453,0.6169473325427052,331.05437619823124,178.10486744794804,-0.9045589566230774,-0.29539671540260315,-0.35718008875846863
6.309808594090122,0.6146992729214884,333.073565447635,178.10486744794804,-0.8742616772651672,-0.2993618845939636,-0.33092397451400757
6.433164567535009,0.6182498699900815,332.05421244128195,178.10486744794804,-0.7553579807281494,-0.28235799074172974,-0.26384615898132324
6.433164567535009,0.6182498699900815,332.05421244128195,178.10486744794804,-0.822197437286377,-0.2847502827644348,-0.28380393981933594
6.4488354065311855,0.6167172395064583,332.0737869811467,178.10486744794804,-0.8305212259292603,-0.29664480686187744,-0.28709331154823303
6.279205876726857,0.6214821222910121,331.03776219639957,178.10486744794804,-1.0611591339111328,-0.3333227038383484,-0.3869887590408325
6.279205876726857,0.6214821222910121,331.03776219639957,178.10486744794804,-0.8665562868118286,-0.32725849747657776,-0.3394102454185486
6.571783762508451,0.6240576056383138,329.05470669783773,177.63235441519342,-1.134506344795227,-0.35671594738960266,-0.4218904972076416
6.433164567535009,0.6219956043581648,330.0545409474016,177.63235441519342,-0.8606478571891785,-0.33428317308425903,-0.32882896065711975
6.8487902215755705,0.6206410428853283,331.05437619823124,177.63235441519342,-0.8783890008926392,-0.3327198922634125,-0.31803902983665466
6.759566912980067,0.6177921236036443,330.07423407470026,177.63235441519342,-1.0924220085144043,-0.34674447774887085,-0.3689904808998108
6.743073586335388,0.619333382918539,330.0545409474016,177.63235441519342,-0.9970424771308899,-0.3436780273914337,-0.37279167771339417
6.309808594090122,0.6222384151679135,329.0379917273992,177.61266982548406,-0.9708200693130493,-0.3378646671772003,-0.3728408217430115
6.433164567535009,0.6219956043581648,330.0545409474016,177.61266982548406,-0.8601244688034058,-0.30957916378974915,-0.358010470867157
6.294470179735014,0.6199496886107286,331.05437619823124,177.63235441519342,-0.7827163338661194,-0.3058912456035614,-0.3188325762748718
6.433164567535009,0.6219956043581648,330.0545409474016,177.65171666510943,-1.146649718284607,-0.3380102515220642,-0.4111320972442627
6.294470179735014,0.6199496886107286,331.05437619823124,177.65171666510943,-0.9666604995727539,-0.31592845916748047,-0.3863505721092224
6.016862226054831,0.6195466746420136,331.09666262286606,177.63235441519342,-1.1564128398895264,-0.3547265827655792,-0.42776885628700256
6.031534181964616,0.6180871674935378,331.074009852782,177.63235441519342,-0.7851272225379944,-0.27911126613616943,-0.28070610761642456
6.075981035441689,0.6136741052466229,331.02416830195347,177.63235441519342,-0.9240443110466003,-0.2961018979549408,-0.31806981563568115
5.935725049228352,0.6153749465024132,330.0242415338607,177.63235441519342,-1.1310428380966187,-0.3151325583457947,-0.3637731075286865
6.371914219403835,0.6124748729258155,331.03776219639957,178.10486744794804,-0.8385546803474426,-0.2915721535682678,-0.2979472875595093
6.792795721060109,0.6111483058464123,332.03764846776033,178.0891151650743,-0.858690619468689,-0.2850145995616913,-0.304788738489151
6.809532384776424,0.6133161013318444,330.0545409474016,178.0891151650743,-1.1266034841537476,-0.35702818632125854,-0.4102044105529785
6.809532384776424,0.6133161013318444,330.0545409474016,178.0891151650743,-0.9655237197875977,-0.34948867559432983,-0.36252230405807495
6.636263665698727,0.6142084281090531,331.09666262286606,178.0891151650743,-0.8523629903793335,-0.2989915907382965,-0.33304041624069214
6.620025857961661,0.6120540338505747,333.073565447635,177.61266982548406,-0.8085892796516418,-0.31790652871131897,-0.3327311873435974
6.480406318415687,0.6137250051313191,332.0737869811467,177.63235441519342,-1.112489938735962,-0.34128111600875854,-0.4117007255554199
6.480406318415687,0.6137250051313191,332.0737869811467,177.63235441519342,-0.9587309956550598,-0.3272818624973297,-0.3348468542098999
6.603866984992272,0.6172085594907828,331.09666262286606,177.63235441519342,-1.0130631923675537,-0.3344072699546814,-0.3627389371395111
6.710326174602067,0.6185159796934029,332.0963715550051,177.63235441519342,-0.8228427767753601,-0.3326978087425232,-0.3321755826473236
6.710326174602067,0.6185159796934029,332.0963715550051,177.160047396452,-0.9076981544494629,-0.32650670409202576,-0.3533797860145569
6.815701136962233,0.6198958795283652,333.0540496676178,177.160047396452,-0.7738052010536194,-0.3008013665676117,-0.3028959631919861
6.710326174602067,0.6185159796934029,332.0963715550051,177.160047396452,-1.0631062984466553,-0.3309280276298523,-0.39106830954551697
6.067174739938718,0.6231503546013355,334.0538878684096,177.63235441519342,-0.8281193971633911,-0.31068843603134155,-0.3523041009902954
6.20397753138115,0.6251815133468116,333.0540496676178,177.63235441519342,-1.2503026723861694,-0.4039055407047272,-0.4409646987915039
6.355934707124914,0.6219500178175801,334.07334524023315,177.63235441519342,-0.7961073517799377,-0.3635348081588745,-0.28326550126075745
6.355934707124914,0.6219500178175801,334.07334524023315,177.63235441519342,-1.080786108970642,-0.3730822801589966,-0.389404833316803
6.386603936650163,0.6227022619872011,332.0737869811467,177.63235441519342,-1.032212495803833,-0.37215715646743774,-0.38440898060798645
6.170707646830684,0.6162968889175702,332.12196554880256,177.160047396452,-0.7590895295143127,-0.2608027160167694,-0.27904224395751953
6.480406318415687,0.6137250051313191,332.0737869811467,177.63235441519342,-0.801042377948761,-0.2727958559989929,-0.28269049525260925
6.480406318415687,0.6137250051313191,332.0737869811467,177.63235441519342,-0.9961209297180176,-0.32720792293548584,-0.3755902647972107
6.480406318415687,0.6137250051313191,332.0737869811467,177.63235441519342,-0.9802287220954895,-0.32713383436203003,-0.3744121789932251
6.480406318415687,0.6137250051313191,332.0737869811467,177.63235441519342,-0.8636994361877441,-0.28733405470848083,-0.34837648272514343
6.496307506854435,0.6121873230500416,332.0963715550051,177.63235441519342,-0.9596088528633118,-0.3103835880756378,-0.36215436458587646
6.620025857961661,0.6120540338505747,333.073565447635,177.63235441519342,-0.8691530227661133,-0.30107951164245605,-0.3344549536705017
6.759566912980067,0.6140721430419701,332.0737869811467,177.160047396452,-1.0684034824371338,-0.3117644190788269,-0.3791964650154114
6.743073586335388,0.6156036807768444,332.05421244128195,177.160047396452,-0.8921418190002441,-0.31603217124938965,-0.33968111872673035
6.743073586335388,0.6156036807768444,332.05421244128195,177.160047396452,-1.2007980346679688,-0.3609056770801544,-0.417563259601593
6.587786475208316,0.6150364559489245,333.073565447635,177.160047396452,-0.771080732345581,-0.2861388325691223,-0.305679053068161
6.4488354065311855,0.6167172395064583,332.0737869811467,177.160047396452,-0.8357037305831909,-0.2882864475250244,-0.3036459684371948
6.603866984992272,0.6135811721768155,333.0540496676178,177.63235441519342,-0.820715606212616,-0.276528000831604,-0.2931111752986908
6.603866984992272,0.6135811721768155,333.0540496676178,177.63235441519342,-1.1804946660995483,-0.3842896819114685,-0.43169403076171875
6.587786475208316,0.6151029943321811,333.0375354220602,177.63235441519342,-0.8686468005180359,-0.3597649037837982,-0.3527055084705353
6.140769288524231,0.619290473296237,332.12196554880256,177.160047396452,-1.1741358041763306,-0.376577228307724,-0.45592737197875977
5.892289825232052,0.6160699100333337,332.0737869811467,177.160047396452,-0.7651252746582031,-0.29016944766044617,-0.3104400038719177
6.170707646830684,0.6163863036875203,332.0737869811467,177.160047396452,-0.8008062243461609,-0.29563918709754944,-0.29346489906311035
6.200938285431497,0.6133924549524028,332.0737869811467,177.160047396452,-0.8499022722244263,-0.3038005530834198,-0.32073742151260376
6.325221658584453,0.6131657657325946,333.09608223454086,177.63235441519342,-0.877855658531189,-0.29740646481513977,-0.3158121407032013
6.325221658584453,0.6131657657325946,333.09608223454086,177.63235441519342,-0.738123893737793,-0.26281729340553284,-0.24854758381843567
6.170707646830684,0.6163863036875203,332.0737869811467,177.63235441519342,-0.7945272922515869,-0.26662009954452515,-0.2646222710609436
5.752976211214314,0.6140683906220461,333.073565447635,177.63235441519342,-0.7653924226760864,-0.2583690285682678,-0.2691088616847992
5.613594983709485,0.6157680809600424,332.0737869811467,177.63235441519342,-0.9682393074035645,-0.2802015542984009,-0.3712402582168579
5.613594983709485,0.6157680809600424,332.0737869811467,177.63235441519342,-0.9155869483947754,-0.2883082926273346,-0.36537599563598633
5.599926573308559,0.6173029562877392,332.05421244128195,177.65171666510943,-0.8321486711502075,-0.28511911630630493,-0.32489579916000366
5.599926573308559,0.6173029562877392,332.05421244128195,177.65171666510943,-0.8385653495788574,-0.2870839238166809,-0.32491156458854675
5.752976211214314,0.6178447646950174,331.03776219639957,177.65171666510943,-0.8026608228683472,-0.2872515022754669,-0.2814416289329529
5.725037161072526,0.6207824562557797,331.074009852782,177.160047396452,-1.1592371463775635,-0.3740759491920471,-0.4238851070404053
5.725037161072526,0.6207824562557797,331.074009852782,177.65171666510943,-1.0385806560516357,-0.37328600883483887,-0.42052513360977173
5.586324373262404,0.6187650910612683,332.0737869811467,177.65171666510943,-0.9260903596878052,-0.3396627604961395,-0.3934188485145569
5.586324373262404,0.6187650910612683,332.0737869811467,177.65171666510943,-1.2041733264923096,-0.3848864734172821,-0.4578915238380432
5.599926573308559,0.6172245906454543,332.0963715550051,177.65171666510943,-0.8403976559638977,-0.3152204751968384,-0.3228458762168884
5.627330087456289,0.6142278545422625,332.0963715550051,177.18326900970237,-0.833573043346405,-0.3084149956703186,-0.3129313588142395
5.767047930918888,0.616232343368053,331.09666262286606,177.18326900970237,-1.0982619524002075,-0.33740586042404175,-0.38815823197364807
5.906697660174298,0.6145303989605705,332.0963715550051,177.18326900970237,-0.9173180460929871,-0.3367234468460083,-0.33692672848701477
6.248897475280736,0.6244848934340248,331.03776219639957,177.65171666510943,-1.0780613422393799,-0.3524271845817566,-0.3910365700721741
6.279205876726857,0.6215274967135023,331.0135948869774,177.65171666510943,-1.0533862113952637,-0.35188353061676025,-0.3789346516132355
6.294470179735014,0.6200062626546436,331.02416830195347,177.63235441519342,-1.1664676666259766,-0.3904014229774475,-0.4225744307041168
6.7266601992268225,0.6171298543335114,332.03764846776033,177.160047396452,-0.8427215814590454,-0.3256363570690155,-0.35176143050193787
6.743073586335388,0.6156595203777504,332.02409551115414,177.160047396452,-0.8449761271476746,-0.32209521532058716,-0.34896424412727356
6.4488354065311855,0.6167843621482769,332.03764846776033,177.160047396452,-0.8692747354507446,-0.296736478805542,-0.3472764492034912
6.4645824717961755,0.615313174333957,332.02409551115414,177.63235441519342,-0.7521655559539795,-0.2636507749557495,-0.2799164056777954
6.620025857961661,0.6195607328609167,329.0379917273992,177.160047396452,-1.127911925315857,-0.3374619781970978,-0.4143299162387848
6.620025857961661,0.6158180201100684,331.03776219639957,177.63235441519342,-0.9113038182258606,-0.31284472346305847,-0.33669397234916687
6.759566912980067,0.6178601804973043,330.037876614185,177.160047396452,-0.923790454864502,-0.31137508153915405,-0.3375910520553589
6.185786165301863,0.6112446077643707,334.0538878684096,177.160047396452,-0.7440258264541626,-0.28034383058547974,-0.27414271235466003
6.185786165301863,0.6111679372643685,334.0957946457872,177.160047396452,-0.7625435590744019,-0.28277406096458435,-0.2774288058280945
6.185786165301863,0.6111679372643685,334.0957946457872,177.160047396452,-0.866580605506897,-0.2858644723892212,-0.3131800591945648
6.4488354065311855,0.6130259481668333,334.07334524023315,177.160047396452,-0.7899104356765747,-0.2855752110481262,-0.2943728268146515
6.325221658584453,0.6131657657325946,333.09608223454086,177.160047396452,-0.9497132301330566,-0.3049110770225525,-0.3468082845211029
6.325221658584453,0.6131657657325946,333.09608223454086,177.160047396452,-0.859176516532898,-0.2709760069847107,-0.3346111476421356
6.325221658584453,0.6131657657325946,333.09608223454086,177.160047396452,-0.8518528938293457,-0.2776715159416199,-0.3204568326473236
6.325221658584453,0.6131657657325946,333.09608223454086,177.160047396452,-0.8038190007209778,-0.2712689936161041,-0.3195440471172333
6.031534181964616,0.6142879877523643,333.12159941979144,177.160047396452,-0.7712951898574829,-0.2702801823616028,-0.30670905113220215
6.279205876726857,0.6139099863721674,335.1208737157386,177.160047396452,-0.7550140023231506,-0.28572937846183777,-0.2816741466522217
6.402049374518711,0.6174462882541794,334.0957946457872,177.63235441519342,-0.765565037727356,-0.2736678719520569,-0.27049800753593445
6.417569405037204,0.6159121646847543,334.1212354819729,177.63235441519342,-1.1679543256759644,-0.3677014708518982,-0.4200681746006012
6.433164567535009,0.614471887899437,334.0957946457872,177.65171666510943,-0.8139438629150391,-0.26819515228271484,-0.31792324781417847
6.4488354065311855,0.6130259481668333,334.07334524023315,177.65171666510943,-1.1326711177825928,-0.3477161228656769,-0.396690309047699
6.587786475208316,0.6150364559489245,333.073565447635,177.65171666510943,-0.9562446475028992,-0.3417581617832184,-0.37148159742355347
6.587786475208316,0.6150364559489245,333.073565447635,177.65171666510943,-0.7610728740692139,-0.3067874312400818,-0.26864516735076904
7.0212466456230365,0.6160203972187988,332.02409551115414,178.1203615423617,-0.9000281095504761,-0.3141166567802429,-0.31430715322494507
7.160209918997092,0.6180676557062655,331.02416830195347,177.65171666510943,-1.131000280380249,-0.36396974325180054,-0.4083937704563141
7.177703061094947,0.6165436794769757,331.03776219639957,177.65171666510943,-0.9262363314628601,-0.3376139998435974,-0.3891106843948364
6.8487902215755705,0.6169146824793149,333.0540496676178,177.65171666510943,-0.8314915895462036,-0.3122597336769104,-0.35163265466690063
6.987174328854624,0.6189536097839269,332.05421244128195,177.63235441519342,-1.1858599185943604,-0.3742265999317169,-0.45096176862716675
6.8487902215755705,0.6169146824793149,333.0540496676178,177.63235441519342,-0.7980630993843079,-0.2992594838142395,-0.30729758739471436
7.004169248918523,0.6174898424935806,332.03764846776033,177.63235441519342,-0.8574256896972656,-0.31222543120384216,-0.3102438747882843
6.987174328854624,0.6189536097839269,332.05421244128195,177.63235441519342,-1.104046106338501,-0.3542563319206238,-0.4189411699771881
7.004169248918523,0.617422643076624,332.0737869811467,177.63235441519342,-0.8296957015991211,-0.33044642210006714,-0.31467464566230774
6.710326174602067,0.6185945092963169,332.05421244128195,177.63235441519342,-0.8637280464172363,-0.30500656366348267,-0.3287287652492523
6.743073586335388,0.6156036807768444,332.05421244128195,177.63235441519342,-0.8228481411933899,-0.2927526831626892,-0.3188219666481018
6.882200671919022,0.613933693212337,333.0540496676178,177.63235441519342,-0.8617291450500488,-0.27204611897468567,-0.32051998376846313
6.759566912980067,0.6140721430419701,332.0737869811467,177.63235441519342,-1.0904816389083862,-0.35384589433670044,-0.41115516424179077
6.7266601992268225,0.6170626940928987,332.0737869811467,177.63235441519342,-0.8671911954879761,-0.34424054622650146,-0.3487265706062317
6.759566912980067,0.6140721430419701,332.0737869811467,177.63235441519342,-1.06175696849823,-0.3624284267425537,-0.38541653752326965
6.7761407617942355,0.612613055349501,332.05421244128195,178.10486744794804,-0.8840147852897644,-0.3094519078731537,-0.3530208170413971
6.932929173040226,0.6131747253137025,331.03776219639957,178.10486744794804,-1.0628316402435303,-0.3551989793777466,-0.38154730200767517
6.967163717291141,0.610220664521729,331.0135948869774,178.10486744794804,-1.0856355428695679,-0.3820495009422302,-0.40774965286254883
6.826351352728128,0.6118877449562429,330.01363608190496,178.10486744794804,-1.057833194732666,-0.37273579835891724,-0.40498414635658264
6.826351352728128,0.6118877449562429,330.01363608190496,177.63235441519342,-0.8504419326782227,-0.34319883584976196,-0.3474007248878479
6.544480809789525,0.6115350026632798,330.01363608190496,177.63235441519342,-1.0014054775238037,-0.34250500798225403,-0.39487960934638977
6.528344178334114,0.6130205443055088,330.0242415338607,177.63235441519342,-1.0618784427642822,-0.3471786677837372,-0.41116732358932495
6.7761407617942355,0.612613055349501,332.05421244128195,177.65171666510943,-0.8103837966918945,-0.337736576795578,-0.32627326250076294
6.496307506854435,0.6123205859013549,332.02409551115414,177.63235441519342,-1.1853299140930176,-0.3909318149089813,-0.4056572914123535
6.4645824717961755,0.615313174333957,332.02409551115414,177.63235441519342,-0.8420246243476868,-0.32006269693374634,-0.3044167459011078
6.759566912980067,0.6141835464229094,332.01355394019686,177.63235441519342,-0.8423832654953003,-0.287301242351532,-0.30615517497062683
6.759566912980067,0.6141835464229094,332.01355394019686,178.10486744794804,-1.1103415489196777,-0.36741748452186584,-0.3865809738636017
6.759566912980067,0.6141835464229094,332.01355394019686,178.10486744794804,-1.1370066404342651,-0.3763795495033264,-0.39555007219314575
6.899027868580758,0.6162185387301968,331.0135948869774,178.10486744794804,-1.0606791973114014,-0.37217703461647034,-0.38149064779281616
6.8654549855628835,0.6192177979229648,331.0135948869774,177.65171666510943,-1.1430246829986572,-0.373281329870224,-0.4113626480102539
7.004169248918523,0.6175346542966192,332.01355394019686,177.65171666510943,-0.8382195234298706,-0.32197004556655884,-0.31859391927719116
6.8487902215755705,0.6206976800193742,331.02416830195347,177.65171666510943,-1.0950820446014404,-0.3571784198284149,-0.40551987290382385
6.603866984992272,0.6172873971230043,331.05437619823124,177.18326900970237,-0.8972170948982239,-0.3279671370983124,-0.3468911349773407
6.587786475208316,0.6188187833926558,331.03776219639957,177.160047396452,-0.84504234790802,-0.28783971071243286,-0.31808584928512573
6.603866984992272,0.6172873971230043,331.05437619823124,177.160047396452,-0.9694482088088989,-0.32239723205566406,-0.3438330292701721
6.603866984992272,0.6172873971230043,331.05437619823124,177.63235441519342,-0.857203483581543,-0.29350680112838745,-0.32127586007118225
6.603866984992272,0.6172873971230043,331.05437619823124,177.63235441519342,-0.962300181388855,-0.31219083070755005,-0.33888712525367737
6.587786475208316,0.6188187833926558,331.03776219639957,177.160047396452,-0.7694784998893738,-0.284207820892334,-0.28202980756759644
6.587786475208316,0.6188187833926558,331.03776219639957,177.160047396452,-1.1542251110076904,-0.35321033000946045,-0.41257381439208984
6.882200671919022,0.617642047497422,331.05437619823124,177.160047396452,-0.8059316873550415,-0.30426958203315735,-0.2854582667350769
6.743073586335388,0.6156036807768444,332.05421244128195,178.10486744794804,-0.8400579690933228,-0.3040711581707001,-0.28735318779945374
6.743073586335388,0.6156036807768444,332.05421244128195,177.18326900970237,-0.8545754551887512,-0.29509884119033813,-0.2986752688884735
6.882200671919022,0.617642047497422,331.05437619823124,177.65171666510943,-1.0674396753311157,-0.33850640058517456,-0.39479324221611023
6.7266601992268225,0.6170626940928987,332.0737869811467,177.65171666510943,-0.8530119061470032,-0.3024677634239197,-0.3378811776638031
6.710326174602067,0.6185945092963169,332.05421244128195,177.65171666510943,-0.7973654866218567,-0.2816700339317322,-0.314951092004776
6.8654549855628835,0.61917259211932,331.03776219639957,177.65171666510943,-1.1022628545761108,-0.3482697308063507,-0.40661755204200745
6.815701136962233,0.6235605983159453,331.09666262286606,177.18326900970237,-1.1029380559921265,-0.34624844789505005,-0.41542649269104004
6.8487902215755705,0.6205617769380425,331.09666262286606,177.18326900970237,-0.7875701189041138,-0.29266226291656494,-0.3080867528915405
6.987174328854624,0.6188750345937691,332.0963715550051,177.65171666510943,-1.0474143028259277,-0.33000487089157104,-0.37942439317703247
6.8322057976341375,0.6182798562003923,333.12159941979144,177.65171666510943,-0.8348514437675476,-0.30292585492134094,-0.3382747769355774
6.8322057976341375,0.6182798562003923,333.12159941979144,177.18326900970237,-0.8260814547538757,-0.2983008027076721,-0.30958303809165955
6.603866984992272,0.6134042408704714,333.15011631395237,177.18326900970237,-1.203490138053894,-0.36132389307022095,-0.41586366295814514
6.743073586335388,0.6118418689370019,334.0957946457872,177.65171666510943,-0.7935448884963989,-0.3205721974372864,-0.27575811743736267
6.743073586335388,0.6155255308549208,332.0963715550051,177.63235441519342,-1.1366159915924072,-0.3532104790210724,-0.4041566252708435
6.759566912980067,0.6140721430419701,332.0737869811467,177.63235441519342,-0.8942458033561707,-0.3192179799079895,-0.32920145988464355
6.7266601992268225,0.6170626940928987,332.0737869811467,177.63235441519342,-1.1362364292144775,-0.35403352975845337,-0.41855794191360474
6.7266601992268225,0.6170626940928987,332.0737869811467,177.63235441519342,-0.8068128824234009,-0.33127424120903015,-0.2960355877876282
6.710326174602067,0.6185159796934029,332.0963715550051,177.63235441519342,-1.195801019668579,-0.3800484836101532,-0.427926629781723
6.710326174602067,0.6185945092963169,332.05421244128195,177.63235441519342,-0.7950060367584229,-0.2822979688644409,-0.3049900233745575
7.038407117721843,0.6182241126454194,330.037876614185,177.63235441519342,-1.1603628396987915,-0.34654244780540466,-0.4069254398345947
6.882200671919022,0.617642047497422,331.05437619823124,177.63235441519342,-0.7600613236427307,-0.3028847873210907,-0.289919376373291
6.899027868580758,0.6161060900911458,331.074009852782,177.63235441519342,-0.9339233636856079,-0.30613380670547485,-0.34751516580581665
6.8654549855628835,0.6191048019738393,331.074009852782,177.65171666510943,-0.884184718132019,-0.30484747886657715,-0.342591255903244
6.8654549855628835,0.6191048019738393,331.074009852782,177.65171666510943,-0.8176736831665039,-0.2886114716529846,-0.3075883090496063
6.743073586335388,0.6155255308549208,332.0963715550051,177.63235441519342,-0.8184710741043091,-0.28592243790626526,-0.27976763248443604
6.882200671919022,0.6138562224453569,333.09608223454086,177.63235441519342,-0.8192766904830933,-0.26420527696609497,-0.2911914885044098
6.587786475208316,0.614947771684791,333.12159941979144,177.63235441519342,-0.7675250172615051,-0.26435965299606323,-0.2817004323005676
6.8654549855628835,0.6153881021354516,333.073565447635,178.1203615423617,-0.7674237489700317,-0.2722738981246948,-0.27715936303138733
6.571783762508451,0.6165638658298821,333.0540496676178,177.63235441519342,-1.1060153245925903,-0.3284592628479004,-0.3774821162223816
6.571783762508451,0.6165638658298821,333.0540496676178,177.63235441519342,-1.1839025020599365,-0.36735999584198,-0.4115491509437561
6.710326174602067,0.6148915491428334,334.0538878684096,177.63235441519342,-0.7706907987594604,-0.2698826193809509,-0.29256314039230347
6.694070940923697,0.6164084679944791,334.0374230531663,177.63235441519342,-0.8882806897163391,-0.27318045496940613,-0.3085532784461975
6.571783762508451,0.6165638658298821,333.0540496676178,177.63235441519342,-1.0543324947357178,-0.3145570158958435,-0.3662481904029846
6.987174328854624,0.6152485000239132,334.0538878684096,177.63235441519342,-0.881125807762146,-0.31671515107154846,-0.32206711173057556
6.987174328854624,0.6153036411819849,334.0239512370333,177.63235441519342,-1.0369279384613037,-0.33736979961395264,-0.38130635023117065
6.987174328854624,0.6153036411819849,334.0239512370333,177.63235441519342,-1.133313775062561,-0.37189391255378723,-0.41868701577186584
7.125476929410018,0.6173355604050633,333.02402315748935,177.160047396452,-0.7914179563522339,-0.31131404638290405,-0.28441572189331055
7.038407117721843,0.6144338439593767,332.0737869811467,177.160047396452,-1.1015193462371826,-0.34007617831230164,-0.39365440607070923
6.882200671919022,0.6137566602535789,333.15011631395237,177.160047396452,-0.8116944432258606,-0.2864294648170471,-0.32741203904151917
6.882200671919022,0.6137566602535789,333.15011631395237,177.160047396452,-0.7381759285926819,-0.2533021569252014,-0.27570608258247375
6.899027868580758,0.6123190873850713,333.12159941979144,177.160047396452,-0.9818117022514343,-0.2990225553512573,-0.32930880784988403
6.759566912980067,0.6103091942934602,334.1212354819729,177.160047396452,-1.2284417152404785,-0.3852168023586273,-0.4620633125305176
6.899027868580758,0.608666095570207,335.1208737157386,177.160047396452,-0.7781325578689575,-0.34142547845840454,-0.3147379457950592
6.932929173040226,0.6094268953292259,333.073565447635,177.63235441519342,-1.0145080089569092,-0.3436201214790344,-0.35434144735336304
7.055651269748095,0.6129756599716284,332.05421244128195,177.65171666510943,-1.1293182373046875,-0.3588174283504486,-0.39739686250686646
7.072979712083866,0.6114452664200493,332.0737869811467,177.18326900970237,-0.8382043838500977,-0.30586621165275574,-0.30335733294487
7.055651269748095,0.6129756599716284,332.05421244128195,177.63235441519342,-0.8623785972595215,-0.29827961325645447,-0.29264071583747864
7.072979712083866,0.6114452664200493,332.0737869811467,177.63235441519342,-1.1088757514953613,-0.34017592668533325,-0.39384737610816956
7.107891938883711,0.608456913723636,332.0737869811467,177.63235441519342,-0.8703020811080933,-0.3047947883605957,-0.30553632974624634
7.107891938883711,0.608456913723636,332.0737869811467,177.63235441519342,-0.9611892700195312,-0.3078185021877289,-0.34360942244529724
7.09039306103136,0.6099870182721182,332.05421244128195,177.63235441519342,-0.8664280772209167,-0.26973608136177063,-0.331096351146698
7.09039306103136,0.6099870182721182,332.05421244128195,177.63235441519342,-1.1733028888702393,-0.3649837374687195,-0.4198933243751526
7.038407117721843,0.6144338439593767,332.0737869811467,177.65171666510943,-0.8505476117134094,-0.2946281135082245,-0.3401654362678528
7.038407117721843,0.6144338439593767,332.0737869811467,177.65171666510943,-0.8752851486206055,-0.29458364844322205,-0.3375212848186493
7.160209918997092,0.6142231704313134,333.09608223454086,177.65171666510943,-0.7640032172203064,-0.27683261036872864,-0.27526646852493286
7.125476929410018,0.6172799044764835,333.0540496676178,177.65171666510943,-1.1539204120635986,-0.34417980909347534,-0.38991492986679077
7.0212466456230365,0.6159645248867839,332.05421244128195,177.65171666510943,-0.8093218803405762,-0.325183629989624,-0.2973390221595764
7.177703061094947,0.6165436794769757,331.03776219639957,177.18326900970237,-0.8250824213027954,-0.2803829312324524,-0.3015657961368561
7.177703061094947,0.6165436794769757,331.03776219639957,177.18326900970237,-0.7933764457702637,-0.2830714285373688,-0.3027128577232361
7.177703061094947,0.6164761771581411,331.074009852782,177.65171666510943,-1.0643409490585327,-0.3438236117362976,-0.4087875485420227
6.987174328854624,0.6189536097839269,332.05421244128195,177.18326900970237,-0.8835728764533997,-0.36206725239753723,-0.40577977895736694
6.987174328854624,0.6189536097839269,332.05421244128195,177.18326900970237,-1.171809434890747,-0.38509151339530945,-0.43916958570480347
7.108235868724713,0.6188002801892322,333.0375354220602,177.18326900970237,-0.818601131439209,-0.36362898349761963,-0.32683899998664856
6.7266601992268225,0.6171298543335114,332.03764846776033,177.18326900970237,-0.8619147539138794,-0.3269578814506531,-0.3535497188568115
6.571783762508451,0.6165638658298821,333.0540496676178,177.18326900970237,-0.8482569456100464,-0.32614001631736755,-0.33294612169265747
6.710326174602067,0.6185945092963169,332.05421244128195,177.18326900970237,-1.1741900444030762,-0.36961543560028076,-0.41391485929489136
6.8487902215755705,0.6169146824793149,333.0540496676178,177.18326900970237,-0.8215588331222534,-0.31329017877578735,-0.30852562189102173
6.710326174602067,0.6185945092963169,332.05421244128195,177.18326900970237,-0.8502455949783325,-0.2923838496208191,-0.3138588070869446
6.7266601992268225,0.6171298543335114,332.03764846776033,177.18326900970237,-0.8714346885681152,-0.29677194356918335,-0.3159717619419098
6.7266601992268225,0.6171298543335114,332.03764846776033,177.18326900970237,-1.0678139925003052,-0.36596348881721497,-0.36568182706832886
6.8487902215755705,0.6169146824793149,333.0540496676178,177.18326900970237,-1.075829029083252,-0.35751834511756897,-0.40311533212661743
6.882200671919022,0.613933693212337,333.0540496676178,177.18326900970237,-0.7396301031112671,-0.31037554144859314,-0.25058430433273315
6.882200671919022,0.613933693212337,333.0540496676178,177.18326900970237,-1.1588177680969238,-0.36628586053848267,-0.41785699129104614
7.004169248918523,0.61372712962365,334.07334524023315,177.18326900970237,-0.8380895853042603,-0.35909998416900635,-0.31619542837142944
7.004169248918523,0.6136391629295559,334.1212354819729,177.18326900970237,-0.8412319421768188,-0.33389532566070557,-0.30235910415649414
7.004169248918523,0.6136391629295559,334.1212354819729,177.18326900970237,-0.8454457521438599,-0.3213040232658386,-0.2974908649921417
6.987174328854624,0.615171327302022,334.0957946457872,177.18326900970237,-1.1485453844070435,-0.3674728572368622,-0.4077621400356293
7.004169248918523,0.61372712962365,334.07334524023315,177.18326900970237,-0.7352142930030823,-0.266049861907959,-0.2743110656738281
7.142801411602755,0.6157541867021165,333.073565447635,177.18326900970237,-0.7972024083137512,-0.2594531774520874,-0.28266534209251404
6.970261292389079,0.6166982566900949,334.07334524023315,177.18326900970237,-0.8186209797859192,-0.27046236395835876,-0.2969643473625183
6.970261292389079,0.6204791853069129,332.03764846776033,177.18326900970237,-1.1467890739440918,-0.3806384205818176,-0.4258574843406677
6.8487902215755705,0.6206976800193742,331.02416830195347,177.18326900970237,-1.0234200954437256,-0.3502923846244812,-0.4020509123802185
7.281349903438049,0.6216080765448501,330.037876614185,177.18326900970237,-1.1361727714538574,-0.3671625256538391,-0.42754706740379333
7.160209918997092,0.6180676557062655,331.02416830195347,177.18326900970237,-0.8518630862236023,-0.3116624653339386,-0.3674718737602234
7.177703061094947,0.6165886933436548,331.0135948869774,177.65171666510943,-0.8435508608818054,-0.27990442514419556,-0.3620777726173401
7.334826117189786,0.6171595543814133,330.0060605504087,177.18326900970237,-0.8197808265686035,-0.2871997058391571,-0.3403649628162384
7.26369646366279,0.6231709425599125,330.0060605504087,177.65171666510943,-1.119046926498413,-0.2905570864677429,-0.4242638051509857
7.246127977565244,0.6246595983642509,330.01363608190496,177.65171666510943,-1.0703372955322266,-0.3252071142196655,-0.3987796902656555
7.228643836701946,0.6261769916658924,330.0060605504087,177.67076441967518,-1.119664192199707,-0.3641132712364197,-0.3958440124988556
7.211243438394343,0.6276656949584318,330.01363608190496,177.68950527098397,-1.1468207836151123,-0.38576382398605347,-0.42551010847091675
7.193926185661046,0.6291832729266787,330.0060605504087,177.70794656883893,-1.0999910831451416,-0.3738190531730652,-0.4213196635246277
6.629826674311402,0.6299436495639616,330.01363608190496,177.70794656883893,-0.9538168907165527,-0.34403446316719055,-0.3911517858505249
5.738307585102067,0.625111579507119,336.0238086802779,177.70794656883893,-0.8306207656860352,-0.29638656973838806,-0.34010452032089233
5.765704744925493,0.6221505808839984,336.0238086802779,177.70794656883893,-1.1254851818084717,-0.3548254668712616,-0.46213260293006897
5.751973641366106,0.6236062096331468,336.0372003216311,177.70794656883893,-0.8593356013298035,-0.33112388849258423,-0.37181219458580017
5.64282012791061,0.6187000877404599,337.013352851189,178.16535657356243,-0.7932130098342896,-0.2989429831504822,-0.31033390760421753
5.79336395388703,0.6192226314798349,336.00595232822883,177.70794656883893,-0.9621018171310425,-0.3455716073513031,-0.3562486469745636
6.081752684932667,0.6217595053895031,334.0014970026332,178.16535657356243,-1.279534101486206,-0.41090020537376404,-0.47420915961265564
6.081752684932667,0.6217595053895031,334.0014970026332,178.1798788123467,-0.9166293144226074,-0.35246381163597107,-0.35019177198410034
6.279205876726857,0.6178171872690923,333.0015014981164,178.1798788123467,-1.1256086826324463,-0.3633887469768524,-0.38850829005241394
6.170707646830684,0.6165204988435862,332.00150602068055,178.15060011655484,-1.1710009574890137,-0.3635779023170471,-0.40197691321372986
6.246841662370188,0.6089931356554223,332.02409551115414,178.6116968852199,-0.9701727032661438,-0.32369476556777954,-0.3368130922317505
6.419298535741734,0.6080301243300824,331.0060422409235,178.60045275846596,-0.9038283228874207,-0.3017987906932831,-0.3191387951374054
6.435249683373491,0.6065373743963776,331.00151057057127,178.60045275846596,-1.1259464025497437,-0.31614387035369873,-0.39699408411979675
6.735380858278146,0.6053859762355971,331.0,178.13560373662455,-0.8421263694763184,-0.294512003660202,-0.30554309487342834
6.718657123335921,0.60688338264941,331.00151057057127,178.13560373662455,-0.9169988632202148,-0.29656681418418884,-0.31158024072647095
6.685456496943053,0.6098838749907376,331.00151057057127,178.13560373662455,-1.1743232011795044,-0.36794811487197876,-0.40818533301353455
6.826351352728128,0.6119102195526566,330.00151514803684,178.1203615423617,-1.2249313592910767,-0.3920765519142151,-0.41910284757614136
6.262293622167115,0.6111970799114116,330.01363608190496,177.65171666510943,-1.152882695198059,-0.365792453289032,-0.4192100167274475
6.2314654880444955,0.6142092684670517,330.01363608190496,177.65171666510943,-0.8710435032844543,-0.3135542571544647,-0.31964603066444397
6.090942071000216,0.6121917003939784,331.0135948869774,178.1203615423617,-0.9257438778877258,-0.3168560266494751,-0.3328024446964264
6.090942071000216,0.6121917003939784,331.0135948869774,178.1203615423617,-1.17487370967865,-0.3724045157432556,-0.4031033515930176
6.246841662370188,0.6127172170642086,330.0060605504087,178.1203615423617,-1.1550190448760986,-0.3814108371734619,-0.4099352955818176
6.2314654880444955,0.6142092684670517,330.01363608190496,178.1203615423617,-1.135643482208252,-0.3776889741420746,-0.4110035300254822
6.371914219403835,0.6124748729258155,331.03776219639957,178.1203615423617,-0.7902691960334778,-0.31905627250671387,-0.30325281620025635
6.51228660302108,0.6107994302714237,332.03764846776033,178.1203615423617,-0.7648709416389465,-0.2804363965988159,-0.2775956094264984
6.51228660302108,0.6107994302714237,332.03764846776033,178.1203615423617,-0.8178523778915405,-0.2906786799430847,-0.2902005910873413
6.636263665698727,0.614342939806457,331.02416830195347,178.1203615423617,-1.113823413848877,-0.32465970516204834,-0.3897716999053955
6.636263665698727,0.6142084281090531,331.09666262286606,177.18326900970237,-1.0553879737854004,-0.3359253704547882,-0.3870907425880432
6.496307506854435,0.6121873230500416,332.0963715550051,177.18326900970237,-0.7543042898178101,-0.28954511880874634,-0.27936726808547974
6.636263665698727,0.614286882526799,331.05437619823124,177.65171666510943,-0.8182612657546997,-0.2933162450790405,-0.28529173135757446
6.636263665698727,0.614286882526799,331.05437619823124,177.65171666510943,-1.1875994205474854,-0.37695735692977905,-0.45368248224258423
6.759566912980067,0.6140721430419701,332.0737869811467,177.65171666510943,-0.8557243347167969,-0.32982105016708374,-0.3494976758956909
6.759566912980067,0.6140721430419701,332.0737869811467,177.65171666510943,-0.829189658164978,-0.28777217864990234,-0.3325604796409607
6.759566912980067,0.6140721430419701,332.0737869811467,177.65171666510943,-0.7337821125984192,-0.282550573348999,-0.2530481219291687
6.8487902215755705,0.6207316697433051,331.0060422409235,177.65171666510943,-1.131257176399231,-0.3732200264930725,-0.37764179706573486
6.7266601992268225,0.6209147841924618,330.01363608190496,177.67076441967518,-0.9744664430618286,-0.3439466953277588,-0.36369940638542175
6.882200671919022,0.6176984109555554,331.02416830195347,177.65171666510943,-0.7795238494873047,-0.3352847397327423,-0.3103574514389038
6.8322057976341375,0.6221718429223403,331.03776219639957,177.65171666510943,-1.1330225467681885,-0.35507404804229736,-0.41056162118911743
6.8322057976341375,0.6221718429223403,331.03776219639957,177.18326900970237,-0.7804603576660156,-0.2714397609233856,-0.3171366751194
7.125476929410018,0.6210651416032412,331.02416830195347,177.18326900970237,-0.8488492965698242,-0.2875576615333557,-0.3195357620716095
6.987174328854624,0.6227607780430158,330.0242415338607,177.160047396452,-0.8790934681892395,-0.2903147339820862,-0.32848086953163147
6.970261292389079,0.6204791853069129,332.03764846776033,177.160047396452,-0.7438193559646606,-0.2989831566810608,-0.28159865736961365
6.587786475208316,0.6188187833926558,331.03776219639957,177.18326900970237,-1.1339939832687378,-0.3649359345436096,-0.4094131886959076
6.710326174602067,0.6186506201864893,332.02409551115414,177.18326900970237,-0.8701781034469604,-0.28961318731307983,-0.34641870856285095
6.8487902215755705,0.6206976800193742,331.02416830195347,177.18326900970237,-1.1636815071105957,-0.35140979290008545,-0.4233372211456299
6.8487902215755705,0.6206976800193742,331.02416830195347,177.18326900970237,-0.8761271238327026,-0.30275487899780273,-0.3277565836906433
6.710326174602067,0.6186506201864893,332.02409551115414,177.18326900970237,-1.2070332765579224,-0.36887437105178833,-0.4473259449005127
6.7266601992268225,0.6171298543335114,332.03764846776033,177.18326900970237,-0.7820531725883484,-0.3503846526145935,-0.3099662661552429
6.5606970800275635,0.6100438131803455,330.0060605504087,177.65171666510943,-0.8390085101127625,-0.2881624102592468,-0.30862775444984436
6.576993577402643,0.6085470165189725,330.00151514803684,177.65171666510943,-1.1596734523773193,-0.33976852893829346,-0.4191041886806488
6.576993577402643,0.6085470165189725,330.00151514803684,177.65171666510943,-1.0427190065383911,-0.3357091248035431,-0.4069114327430725
6.8773081681204316,0.6111036919309103,328.0,177.65171666510943,-1.119500756263733,-0.3672550320625305,-0.4130626618862152
6.860238629831159,0.6126142955185624,328.0015243867016,177.65171666510943,-1.1432862281799316,-0.3635621666908264,-0.42726263403892517
6.403425959362847,0.6132222828248556,329.013677527242,177.65171666510943,-0.8862296938896179,-0.27983149886131287,-0.34462517499923706
6.51228660302108,0.6145455348962939,330.01363608190496,177.65171666510943,-0.8453750610351562,-0.2848667800426483,-0.3204141855239868
6.433164567535009,0.6220869802367941,330.0060605504087,177.65171666510943,-0.8522083163261414,-0.28788620233535767,-0.3282468914985657
6.075981035441689,0.6211797058153797,327.0244639166923,177.65171666510943,-1.076174259185791,-0.29631680250167847,-0.37342286109924316
5.921175896387673,0.6206629917307531,328.01371922527875,177.65171666510943,-0.8652836680412292,-0.2880995273590088,-0.32910531759262085
6.216164545255172,0.6194493278545005,328.0243893371345,177.65171666510943,-1.1433758735656738,-0.3553963899612427,-0.4231110215187073
6.3562739192889985,0.6176761082157104,329.05470669783773,177.65171666510943,-0.806252121925354,-0.3063340187072754,-0.3010868430137634
6.340709917223396,0.61921775026415,329.0379917273992,177.65171666510943,-0.8211355209350586,-0.2677241861820221,-0.29607531428337097
6.340709917223396,0.61921775026415,329.0379917273992,177.65171666510943,-0.8737576603889465,-0.25541847944259644,-0.3082231879234314
6.480406318415687,0.6175562592952027,330.01363608190496,178.1203615423617,-0.7543588280677795,-0.2599371075630188,-0.25620102882385254
6.620025857961661,0.619606518567261,329.013677527242,178.1203615423617,-1.2074522972106934,-0.35620588064193726,-0.41653433442115784
6.743073586335388,0.6193902437059304,330.0242415338607,178.1203615423617,-0.9076167345046997,-0.31103163957595825,-0.3485720753669739
6.8487902215755705,0.6206410428853283,331.05437619823124,178.1203615423617,-0.7856243848800659,-0.29887083172798157,-0.29766058921813965
6.587786475208316,0.6188187833926558,331.03776219639957,178.1203615423617,-0.7837530374526978,-0.29048043489456177,-0.29435402154922485
6.555858286206377,0.6218197407393803,331.03776219639957,178.10486744794804,-1.0254194736480713,-0.31743741035461426,-0.37474924325942993
6.571783762508451,0.620288107192032,331.05437619823124,177.63235441519342,-0.9814079999923706,-0.30800220370292664,-0.36191830039024353
6.694070940923697,0.6200534467511916,332.0737869811467,177.63235441519342,-0.8817998766899109,-0.31228962540626526,-0.34776070713996887
6.8322057976341375,0.618369020998771,333.073565447635,177.63235441519342,-0.8808504939079285,-0.3074851632118225,-0.3469446897506714
6.815701136962233,0.6198958795283652,333.0540496676178,177.160047396452,-0.8721503019332886,-0.2970888018608093,-0.322929322719574
6.677893932103909,0.6215855379763171,332.05421244128195,177.160047396452,-0.8438037037849426,-0.29139333963394165,-0.3227464258670807
6.677893932103909,0.6215855379763171,332.05421244128195,177.18326900970237,-0.796848475933075,-0.29891306161880493,-0.289601594209671
6.571783762508451,0.6202088863203699,331.09666262286606,177.18326900970237,-0.8410155177116394,-0.2665836811065674,-0.2934107184410095
6.8487902215755705,0.6205617769380425,331.09666262286606,177.18326900970237,-0.8028416633605957,-0.26876041293144226,-0.29414090514183044
6.8487902215755705,0.6205617769380425,331.09666262286606,177.18326900970237,-1.0647521018981934,-0.33659255504608154,-0.3920387029647827
7.125476929410018,0.6209291580654116,331.09666262286606,177.18326900970237,-0.8833339810371399,-0.3281477093696594,-0.32964253425598145
7.108235868724713,0.6224702456126684,331.074009852782,177.18326900970237,-0.9208744764328003,-0.32274967432022095,-0.3390304744243622
6.8322057976341375,0.6221037244037196,331.074009852782,177.18326900970237,-1.0608930587768555,-0.3296474516391754,-0.39714866876602173
6.8322057976341375,0.6221037244037196,331.074009852782,177.18326900970237,-0.7890896797180176,-0.2699855864048004,-0.31875914335250854
6.694070940923697,0.6200534467511916,332.0737869811467,177.18326900970237,-0.7722705006599426,-0.26644274592399597,-0.2911311388015747
6.8654549855628835,0.6191048019738393,331.074009852782,177.18326900970237,-0.8378468751907349,-0.2717171013355255,-0.2860186994075775
6.8654549855628835,0.61917259211932,331.03776219639957,177.18326900970237,-1.0107864141464233,-0.2759031057357788,-0.34326502680778503
6.8322057976341375,0.6221037244037196,331.074009852782,177.18326900970237,-1.1511996984481812,-0.36196571588516235,-0.4379361569881439
6.710326174602067,0.6185159796934029,332.0963715550051,177.18326900970237,-0.8502222895622253,-0.34574955701828003,-0.3302634358406067
7.142801411602755,0.6193826915625621,331.1223338888514,177.63235441519342,-0.7869493365287781,-0.29539915919303894,-0.29093512892723083
7.004169248918523,0.6173330779723015,332.12196554880256,177.63235441519342,-0.765113890171051,-0.2532147765159607,-0.2830873131752014
7.108235868724713,0.6187333418543811,333.073565447635,177.63235441519342,-0.7725101709365845,-0.2663375735282898,-0.2838243842124939
6.417569405037204,0.6234637913564679,330.07423407470026,176.7151311119507,-1.204329013824463,-0.353238046169281,-0.44983696937561035
6.480406318415687,0.6136359764169915,332.12196554880256,176.7151311119507,-0.741296648979187,-0.27570560574531555,-0.26355788111686707
6.4645824717961755,0.6151792601884093,332.0963715550051,177.18326900970237,-0.7380166053771973,-0.25544121861457825,-0.26429644227027893
6.7266601992268225,0.6170626940928987,332.0737869811467,177.18326900970237,-0.7289073467254639,-0.250641405582428,-0.2586119771003723
6.7266601992268225,0.6170626940928987,332.0737869811467,176.68806006683357,-1.035077452659607,-0.3587844967842102,-0.3812389671802521
6.710326174602067,0.6185945092963169,332.05421244128195,176.7151311119507,-1.1630698442459106,-0.3731122314929962,-0.43206220865249634
6.694070940923697,0.6200534467511916,332.0737869811467,176.68806006683357,-0.9036122560501099,-0.34718137979507446,-0.36395829916000366
6.677893932103909,0.6215066286670025,332.0963715550051,176.68806006683357,-0.9507275819778442,-0.3373849391937256,-0.36008787155151367
6.815701136962233,0.6198176564079113,333.09608223454086,176.68806006683357,-0.7602435946464539,-0.31807681918144226,-0.29047834873199463
6.95342955212282,0.6218639568140063,332.0963715550051,176.7151311119507,-1.0812156200408936,-0.35899779200553894,-0.3946917951107025
6.95342955212282,0.6218639568140063,332.0963715550051,176.7151311119507,-0.8299792408943176,-0.31173235177993774,-0.31272879242897034
6.987174328854624,0.6189536097839269,332.05421244128195,176.68806006683357,-0.8227999806404114,-0.286919504404068,-0.2899565100669861
7.004169248918523,0.6174898424935806,332.03764846776033,176.68806006683357,-0.914618194103241,-0.3104099631309509,-0.32215064764022827
6.759566912980067,0.6177921236036443,330.07423407470026,176.68806006683357,-1.0561431646347046,-0.3104860186576843,-0.38003507256507874
7.142801411602755,0.6195409280187145,331.03776219639957,176.68806006683357,-0.8616073727607727,-0.3186483383178711,-0.3580816686153412
6.710326174602067,0.6223423316992817,330.0545409474016,176.68806006683357,-0.9354571104049683,-0.32054948806762695,-0.3694770634174347
6.555858286206377,0.6217516607706867,331.074009852782,176.68806006683357,-0.8047382235527039,-0.29453057050704956,-0.307108610868454
6.433164567535009,0.6219156834859806,330.0969554539999,176.68806006683357,-0.8011455535888672,-0.28249675035476685,-0.29659372568130493
6.571783762508451,0.6202088863203699,331.09666262286606,176.68806006683357,-0.7753613591194153,-0.2779535949230194,-0.29231470823287964
6.8487902215755705,0.6205617769380425,331.09666262286606,176.68806006683357,-0.7899520993232727,-0.32603591680526733,-0.30956023931503296
6.710326174602067,0.6185159796934029,332.0963715550051,176.7151311119507,-0.9270001649856567,-0.33058974146842957,-0.3480072617530823
6.694070940923697,0.6200534467511916,332.0737869811467,176.7151311119507,-0.8701934814453125,-0.3169260621070862,-0.3471651077270508
6.402049374518711,0.6212425579695173,332.05421244128195,176.7151311119507,-1.1269481182098389,-0.35772210359573364,-0.4260125756263733
6.402049374518711,0.6212425579695173,332.05421244128195,176.7151311119507,-0.9044259786605835,-0.28514429926872253,-0.3492770195007324
6.386603936650163,0.6227022619872011,332.0737869811467,176.7151311119507,-0.7390802502632141,-0.2545972466468811,-0.28195393085479736
6.936678526233829,0.6234008932967893,332.0737869811467,176.7151311119507,-0.7480636239051819,-0.23310509324073792,-0.25361230969429016
6.661794587439834,0.6230443981135669,332.0737869811467,176.7151311119507,-0.7845500111579895,-0.23819752037525177,-0.2594527304172516
6.6457723515499465,0.6245767639412054,332.05421244128195,176.7151311119507,-0.790232241153717,-0.2547847628593445,-0.26342347264289856
6.661794587439834,0.6230443981135669,332.0737869811467,176.7151311119507,-0.7937331795692444,-0.267723023891449,-0.2749890685081482
6.694070940923697,0.6201209325011408,332.03764846776033,176.7417632776689,-0.8173507452011108,-0.27215784788131714,-0.2764708399772644
6.710326174602067,0.6185945092963169,332.05421244128195,177.18326900970237,-1.1610982418060303,-0.3676411509513855,-0.4039154052734375
6.970261292389079,0.6204791853069129,332.03764846776033,177.160047396452,-0.9210636019706726,-0.33952826261520386,-0.3612040877342224
6.8322057976341375,0.6221718429223403,331.03776219639957,177.18326900970237,-1.1115537881851196,-0.35502856969833374,-0.4028145372867584
6.970261292389079,0.6204116605694727,332.0737869811467,177.160047396452,-0.817581832408905,-0.35281163454055786,-0.32081204652786255
6.815701136962233,0.6236402473103767,331.05437619823124,177.18326900970237,-1.0724657773971558,-0.35353386402130127,-0.38301071524620056
6.661794587439834,0.6193152362811541,334.07334524023315,177.18326900970237,-0.7705361247062683,-0.2755889892578125,-0.30114904046058655
6.661794587439834,0.6193152362811541,334.07334524023315,177.18326900970237,-0.882017970085144,-0.27597349882125854,-0.3183400332927704
6.661794587439834,0.6193152362811541,334.07334524023315,177.20611378475851,-0.8329874277114868,-0.2822869122028351,-0.28452110290527344
6.79927566826502,0.6214173675698382,333.0375354220602,177.18326900970237,-1.1175000667572021,-0.34538453817367554,-0.40531110763549805
6.8322057976341375,0.618369020998771,333.073565447635,176.7151311119507,-1.1957720518112183,-0.3612450957298279,-0.4562326967716217
6.8322057976341375,0.618369020998771,333.073565447635,176.7151311119507,-0.8426244854927063,-0.35720187425613403,-0.3741949796676636
6.95342955212282,0.6218639568140063,332.0963715550051,176.7151311119507,-1.1314330101013184,-0.37756842374801636,-0.4318595826625824
6.95342955212282,0.6218639568140063,332.0963715550051,176.7151311119507,-0.757695198059082,-0.27786824107170105,-0.2897363007068634
6.815701136962233,0.6198176564079113,333.09608223454086,176.68806006683357,-0.744295597076416,-0.2799912691116333,-0.2708055377006531
6.8487902215755705,0.6168368355487075,333.09608223454086,176.68806006683357,-0.8011433482170105,-0.27610355615615845,-0.2765001356601715
7.26369646366279,0.6192485236880775,332.0963715550051,177.160047396452,-0.8573052287101746,-0.28306204080581665,-0.29661259055137634
7.142801411602755,0.6193826915625621,331.1223338888514,177.160047396452,-1.1535078287124634,-0.34542661905288696,-0.4145125448703766
7.281349903438049,0.617707441704409,332.12196554880256,177.160047396452,-0.8240306973457336,-0.30319052934646606,-0.32900992035865784
7.004169248918523,0.6173330779723015,332.12196554880256,177.18326900970237,-1.162389874458313,-0.36329424381256104,-0.4208262860774994
7.004169248918523,0.6173330779723015,332.12196554880256,177.18326900970237,-0.8243494033813477,-0.3157075047492981,-0.2742426097393036
7.0212466456230365,0.6158863291562665,332.0963715550051,177.65171666510943,-0.9763581156730652,-0.3235777020454407,-0.34208229184150696
7.299088911168199,0.6163398729566409,332.05421244128195,177.65171666510943,-0.8849483728408813,-0.3068215847015381,-0.31781619787216187
7.316914107033877,0.6185345330953924,330.07423407470026,177.65171666510943,-1.1437615156173706,-0.3418382704257965,-0.40713414549827576
7.281349903438049,0.6215396068228984,330.07423407470026,177.18326900970237,-0.8267502784729004,-0.2573883533477783,-0.306674063205719
7.142801411602755,0.6194730975459576,331.074009852782,176.7151311119507,-0.9949678182601929,-0.2875080406665802,-0.3595803380012512
7.4198131616864424,0.6198558928085985,331.074009852782,176.68806006683357,-0.7787309288978577,-0.28951743245124817,-0.2671973407268524
7.004169248918523,0.6211629205938629,330.07423407470026,176.68806006683357,-1.1475272178649902,-0.35057035088539124,-0.37900394201278687
7.004169248918523,0.6211629205938629,330.07423407470026,177.18326900970237,-1.1443355083465576,-0.36446067690849304,-0.41341161727905273
6.987174328854624,0.622623595992121,330.0969554539999,177.18326900970237,-0.8182266354560852,-0.3574991226196289,-0.3236044645309448
7.125476929410018,0.6209291580654116,331.09666262286606,177.18326900970237,-0.8721717000007629,-0.3318689167499542,-0.3258044719696045
7.125476929410018,0.6209291580654116,331.09666262286606,177.18326900970237,-0.9964569807052612,-0.33025577664375305,-0.3540986478328705
6.987174328854624,0.622623595992121,330.0969554539999,177.18326900970237,-0.774907648563385,-0.2957448363304138,-0.2847774624824524
6.970261292389079,0.6204116605694727,332.0737869811467,177.18326900970237,-0.811503529548645,-0.2778404653072357,-0.29594746232032776
6.987174328854624,0.622623595992121,330.0969554539999,177.18326900970237,-1.1492582559585571,-0.3410922884941101,-0.40942782163619995
6.987174328854624,0.6188750345937691,332.0963715550051,176.7151311119507,-0.7882511615753174,-0.31668388843536377,-0.2805042564868927
7.004169248918523,0.6173330779723015,332.12196554880256,176.68806006683357,-0.786241888999939,-0.25885456800460815,-0.2765563726425171
6.8654549855628835,0.6152993671662207,333.12159941979144,176.68806006683357,-0.764240562915802,-0.26487332582473755,-0.2784893214702606
6.8654549855628835,0.6152993671662207,333.12159941979144,177.160047396452,-1.1520640850067139,-0.31594032049179077,-0.41619300842285156
6.8654549855628835,0.6152993671662207,333.12159941979144,177.160047396452,-0.8188885450363159,-0.29083889722824097,-0.30027878284454346
6.970261292389079,0.6204116605694727,332.0737869811467,177.18326900970237,-0.9543851613998413,-0.3173101544380188,-0.34563103318214417
6.264015151425502,0.6229522215708837,331.05437619823124,176.7151311119507,-0.9463842511177063,-0.2917577624320984,-0.34196603298187256
6.264015151425502,0.6229522215708837,331.05437619823124,176.7151311119507,-0.7650880813598633,-0.29974988102912903,-0.26527145504951477
6.264015151425502,0.6229522215708837,331.05437619823124,177.18326900970237,-1.1136019229888916,-0.337936669588089,-0.3630121350288391
6.264015151425502,0.6229522215708837,331.05437619823124,176.7151311119507,-0.7797334790229797,-0.25767502188682556,-0.3152960538864136
6.111119008583367,0.6223745085983798,332.0737869811467,177.18326900970237,-0.7749424576759338,-0.26339083909988403,-0.2949235737323761
6.125908398237105,0.6246758705853673,330.0545409474016,177.18326900970237,-1.1000885963439941,-0.32608598470687866,-0.39673951268196106
6.125908398237105,0.6246758705853673,330.0545409474016,176.7151311119507,-0.8925682306289673,-0.3236020803451538,-0.32890811562538147
6.111119008583367,0.6261447839647212,330.07423407470026,176.7151311119507,-0.9268552660942078,-0.31932705640792847,-0.33872511982917786
5.83535236353791,0.6220611606811588,332.0737869811467,176.7151311119507,-0.7483257055282593,-0.26125621795654297,-0.2659498453140259
5.697367358485521,0.623856241737333,331.03776219639957,176.7151311119507,-1.1614670753479004,-0.3614826202392578,-0.4044605791568756
5.83535236353791,0.6258295378207619,330.07423407470026,176.7151311119507,-1.1868140697479248,-0.36453571915626526,-0.4324244558811188
5.559316695403481,0.621762240015204,332.0737869811467,176.7151311119507,-0.8194696307182312,-0.3097042441368103,-0.34308427572250366
5.460814885342295,0.6189427093871387,331.09666262286606,176.7151311119507,-0.8223288655281067,-0.26780346035957336,-0.2997334897518158
5.725037161072526,0.6207824562557797,331.074009852782,176.7151311119507,-0.8040515780448914,-0.2697431445121765,-0.30230972170829773
5.849483648569911,0.6205998729354727,332.05421244128195,176.7151311119507,-1.1299433708190918,-0.3789825737476349,-0.43720173835754395
5.892289825232052,0.6160699100333337,332.0737869811467,176.7151311119507,-0.8345896601676941,-0.3539976477622986,-0.33258840441703796
5.752976211214314,0.6178447646950174,331.03776219639957,176.7151311119507,-0.8088078498840332,-0.29361048340797424,-0.3106687664985657
5.892289825232052,0.6198702711484789,330.037876614185,177.18326900970237,-1.1102278232574463,-0.3315579891204834,-0.3940867483615875
5.892289825232052,0.6198702711484789,330.037876614185,177.18326900970237,-0.8543194532394409,-0.327915757894516,-0.33205437660217285
6.031534181964616,0.6219117613212967,329.0379917273992,177.18326900970237,-1.1419427394866943,-0.3631000220775604,-0.3977145850658417
5.8779518811683715,0.621345892465352,330.0545409474016,177.65171666510943,-0.89788818359375,-0.3021702468395233,-0.34835726022720337
5.987730699609073,0.6226299057380272,331.05437619823124,177.65171666510943,-0.8757041692733765,-0.2983691990375519,-0.3368299901485443
6.016862226054831,0.6195466746420136,331.09666262286606,177.65171666510943,-0.8049891591072083,-0.2953265309333801,-0.29216906428337097
6.002261235836709,0.6210910035655781,331.074009852782,177.63235441519342,-0.8191028833389282,-0.24808938801288605,-0.3335666358470917
6.433164567535009,0.6220527095632019,330.0242415338607,177.160047396452,-0.8211835622787476,-0.3083520233631134,-0.32929643988609314
6.264015151425502,0.6230090696135353,331.02416830195347,176.68806006683357,-0.8211629986763,-0.305532842874527,-0.3289528787136078
6.279205876726857,0.6215274967135023,331.0135948869774,177.160047396452,-0.8129444122314453,-0.30818310379981995,-0.2932520806789398
6.417569405037204,0.6235782734568769,330.01363608190496,177.160047396452,-0.9974387288093567,-0.33155518770217896,-0.3705365061759949
6.402049374518711,0.6250982420554955,330.0060605504087,177.160047396452,-1.0981523990631104,-0.37697699666023254,-0.4219936430454254
6.386603936650163,0.6265895577860545,330.01363608190496,177.18326900970237,-1.1146492958068848,-0.37480491399765015,-0.44174161553382874
6.371232557230194,0.6242920499974923,332.02409551115414,177.160047396452,-0.7851001620292664,-0.3375825881958008,-0.3279695510864258
6.371232557230194,0.6242920499974923,332.02409551115414,176.68806006683357,-0.800189197063446,-0.29909130930900574,-0.3011849522590637
6.371232557230194,0.6242920499974923,332.02409551115414,176.68806006683357,-0.7775787115097046,-0.2742765247821808,-0.28686007857322693
6.140769288524231,0.623269772384373,330.00151514803684,176.7151311119507,-1.1493175029754639,-0.3590105473995209,-0.40649375319480896
6.155702197155174,0.6217547772391147,330.0060605504087,176.7417632776689,-0.9700902700424194,-0.29831185936927795,-0.35175278782844543
6.125908398237105,0.6209703166068892,332.02409551115414,176.27779877244845,-0.7773760557174683,-0.2917230725288391,-0.3062855303287506
6.125908398237105,0.6209703166068892,332.02409551115414,176.7417632776689,-0.7465011477470398,-0.2519373297691345,-0.28319868445396423
6.125908398237105,0.6209703166068892,332.02409551115414,176.7417632776689,-0.7641013860702515,-0.25633320212364197,-0.2793537378311157
6.325221658584453,0.6170036326040258,331.02416830195347,177.18326900970237,-1.1181503534317017,-0.32899001240730286,-0.3577292561531067
6.480406318415687,0.6175562592952027,330.01363608190496,177.18326900970237,-1.101308822631836,-0.35249757766723633,-0.4048408567905426
6.480406318415687,0.6175562592952027,330.01363608190496,177.18326900970237,-1.2015576362609863,-0.3884475827217102,-0.42683595418930054
6.4488354065311855,0.6205215938141266,330.037876614185,176.7151311119507,-1.1664690971374512,-0.3730786442756653,-0.4221397340297699
6.587786475208316,0.6188187833926558,331.03776219639957,176.7151311119507,-0.7538950443267822,-0.3388693332672119,-0.29471123218536377
6.603866984992272,0.6173437282172117,331.02416830195347,177.18326900970237,-0.8159838914871216,-0.29456886649131775,-0.3044896423816681
6.587786475208316,0.6188187833926558,331.03776219639957,176.7151311119507,-1.1477936506271362,-0.3591096103191376,-0.4468112885951996
6.571783762508451,0.620288107192032,331.05437619823124,176.7151311119507,-0.7985662817955017,-0.3572438061237335,-0.33267536759376526
6.555858286206377,0.6217516607706867,331.074009852782,176.7151311119507,-1.1239763498306274,-0.3671216368675232,-0.41534629464149475
6.264015151425502,0.6192119847304259,333.0540496676178,176.7151311119507,-0.7516178488731384,-0.29960769414901733,-0.2926550805568695
6.571783762508451,0.6202088863203699,331.09666262286606,176.7151311119507,-0.7976361513137817,-0.27569788694381714,-0.28223758935928345
6.4488354065311855,0.6167172395064583,332.0737869811467,176.7151311119507,-0.7536259293556213,-0.27637502551078796,-0.2676837146282196
6.587786475208316,0.6187510319839432,331.074009852782,176.7151311119507,-1.1552091836929321,-0.37205246090888977,-0.41669949889183044
6.571783762508451,0.6202088863203699,331.09666262286606,176.7151311119507,-1.1128333806991577,-0.3523881137371063,-0.3936823010444641
6.4488354065311855,0.6166277767300066,332.12196554880256,176.7151311119507,-0.783208966255188,-0.28885704278945923,-0.3238200545310974
6.587786475208316,0.6186607313788886,331.1223338888514,176.7151311119507,-0.78518146276474,-0.255516916513443,-0.2639191150665283
6.620025857961661,0.6157505972400896,331.074009852782,177.18326900970237,-0.7958343029022217,-0.26719674468040466,-0.2596496343612671
6.620025857961661,0.6157505972400896,331.074009852782,177.18326900970237,-0.9594371914863586,-0.2943060100078583,-0.3472142517566681
6.620025857961661,0.6157505972400896,331.074009852782,176.7151311119507,-0.7935484051704407,-0.2849891185760498,-0.29630225896835327
6.620025857961661,0.6157505972400896,331.074009852782,176.7151311119507,-0.7709667682647705,-0.26035934686660767,-0.288379043340683
6.587786475208316,0.6150364559489245,333.073565447635,176.7151311119507,-0.7915408611297607,-0.28022152185440063,-0.2967289090156555
6.309808594090122,0.6184118125048771,331.074009852782,176.7151311119507,-1.0738847255706787,-0.3467387557029724,-0.3883303999900818
6.325221658584453,0.6168685383422571,331.09666262286606,176.7151311119507,-0.9216026067733765,-0.31862011551856995,-0.35099977254867554
6.309808594090122,0.6184118125048771,331.074009852782,176.7151311119507,-0.9369298815727234,-0.3454064726829529,-0.3503430485725403
6.309808594090122,0.6184118125048771,331.074009852782,176.7151311119507,-1.1802740097045898,-0.3612980842590332,-0.42923545837402344
6.4488354065311855,0.6167172395064583,332.0737869811467,176.7151311119507,-0.8597471117973328,-0.34092381596565247,-0.3440905511379242
6.417569405037204,0.6197096593496931,332.0737869811467,176.7151311119507,-0.8737137913703918,-0.3257943093776703,-0.3430541455745697
6.417569405037204,0.6197096593496931,332.0737869811467,176.7151311119507,-0.8810914754867554,-0.32367369532585144,-0.34661588072776794
6.4488354065311855,0.6167172395064583,332.0737869811467,176.7151311119507,-0.7298616170883179,-0.2766778767108917,-0.2529631555080414
6.480406318415687,0.6137250051313191,332.0737869811467,177.18326900970237,-0.9982864260673523,-0.29624152183532715,-0.35541433095932007
6.4645824717961755,0.6152573661462335,332.05421244128195,177.160047396452,-0.8684088587760925,-0.27719029784202576,-0.3139934241771698
6.325221658584453,0.6169473325427052,331.05437619823124,177.160047396452,-1.1603037118911743,-0.34647616744041443,-0.4144984781742096
6.325221658584453,0.6169473325427052,331.05437619823124,177.160047396452,-0.8326871991157532,-0.2998782992362976,-0.3146868348121643
6.294470179735014,0.6199496886107286,331.05437619823124,177.160047396452,-0.8870912790298462,-0.3011734187602997,-0.34814801812171936
6.433164567535009,0.6182498699900815,332.05421244128195,177.160047396452,-0.7908939123153687,-0.29218095541000366,-0.30145660042762756
6.710326174602067,0.6185945092963169,332.05421244128195,177.160047396452,-0.9211950302124023,-0.3117520213127136,-0.31354233622550964
6.571783762508451,0.620288107192032,331.05437619823124,176.68806006683357,-1.1078429222106934,-0.35210880637168884,-0.4037622809410095
6.417569405037204,0.6197771076823023,332.03764846776033,176.68806006683357,-0.8767935633659363,-0.3067578971385956,-0.3418128192424774
6.694070940923697,0.6201209325011408,332.03764846776033,176.7151311119507,-0.7563329935073853,-0.26941078901290894,-0.2714046537876129
6.571783762508451,0.6203447121186266,331.02416830195347,177.160047396452,-1.0006961822509766,-0.31802719831466675,-0.330426961183548
6.710326174602067,0.6223423316992817,330.0545409474016,177.18326900970237,-1.175726056098938,-0.3838675618171692,-0.4229506552219391
6.386603936650163,0.6226119310061753,332.12196554880256,177.18326900970237,-0.8067878484725952,-0.3307294249534607,-0.33479899168014526
6.386603936650163,0.6226119310061753,332.12196554880256,177.18326900970237,-0.8122674822807312,-0.3098743259906769,-0.3211221396923065
6.218879181351866,0.6235625968296603,333.12159941979144,177.65171666510943,-0.8436500430107117,-0.2857867479324341,-0.28612029552459717
6.477370197697277,0.6217023521901964,335.0955087732451,177.18326900970237,-0.8504998087882996,-0.2899988293647766,-0.3049811124801636
6.6139570107983365,0.6237332602134311,334.0957946457872,177.18326900970237,-1.1123381853103638,-0.35105329751968384,-0.3945099711418152
6.6457723515499465,0.620760119663641,334.0957946457872,177.18326900970237,-0.8481866121292114,-0.30549734830856323,-0.3308870494365692
6.6457723515499465,0.620760119663641,334.0957946457872,177.18326900970237,-0.8530240058898926,-0.2969384789466858,-0.32688724994659424
6.54000949096702,0.6193680994445807,333.15011631395237,177.18326900970237,-0.851519763469696,-0.2853226363658905,-0.32339897751808167
6.815701136962233,0.6198176564079113,333.09608223454086,177.18326900970237,-0.7691479325294495,-0.28622251749038696,-0.2906622290611267
6.7266601992268225,0.6170626940928987,332.0737869811467,177.160047396452,-1.0698055028915405,-0.3617395758628845,-0.39881768822669983
6.571783762508451,0.616486063167956,333.09608223454086,177.160047396452,-0.9327818751335144,-0.33294257521629333,-0.3570125699043274
6.710326174602067,0.614814421194511,334.0957946457872,177.160047396452,-0.7517474293708801,-0.28262150287628174,-0.25863921642303467
6.571783762508451,0.616486063167956,333.09608223454086,177.160047396452,-0.8112092018127441,-0.28022217750549316,-0.27568942308425903
6.5242368267430075,0.621001876000449,333.073565447635,177.63235441519342,-0.8256122469902039,-0.2795581519603729,-0.2855888307094574
6.54000949096702,0.6194685719110995,333.09608223454086,177.63235441519342,-1.1372190713882446,-0.3390706181526184,-0.4194251000881195
6.5242368267430075,0.621001876000449,333.073565447635,177.65171666510943,-0.7778595685958862,-0.27028006315231323,-0.2998623251914978
6.402049374518711,0.6174462882541794,334.0957946457872,177.20611378475851,-0.739252507686615,-0.2505997121334076,-0.27916419506073
6.371232557230194,0.6204208689871533,334.0957946457872,177.20611378475851,-0.7851575613021851,-0.2580784559249878,-0.2847926914691925
6.233852324772607,0.6184061352358441,335.0955087732451,177.20611378475851,-0.7910093069076538,-0.25865086913108826,-0.2903422713279724
6.492917717215448,0.6202612163767203,335.0731263470707,177.18326900970237,-0.8073943257331848,-0.2622861862182617,-0.2921452522277832
6.6457723515499465,0.6208379934947995,334.0538878684096,177.18326900970237,-0.9314144253730774,-0.26468804478645325,-0.31362026929855347
6.661794587439834,0.6193152362811541,334.07334524023315,177.18326900970237,-0.9860790967941284,-0.3056604862213135,-0.35017019510269165
6.6457723515499465,0.6208379934947995,334.0538878684096,177.18326900970237,-0.876135528087616,-0.3029816448688507,-0.306513249874115
7.074001625727684,0.6217127200653438,333.073565447635,177.18326900970237,-0.8663437962532043,-0.3071978688240051,-0.30683445930480957
6.903416317790384,0.6226411495986494,334.07334524023315,177.18326900970237,-0.8628070950508118,-0.28218382596969604,-0.30708542466163635
6.766660048635777,0.6243314745839321,333.073565447635,177.65171666510943,-0.7747225761413574,-0.2667122781276703,-0.29787471890449524
6.492917717215448,0.6239848684483363,333.073565447635,177.65171666510943,-0.7847011089324951,-0.26766687631607056,-0.29718875885009766
6.6139570107983365,0.6237332602134311,334.0957946457872,177.18326900970237,-0.8497132062911987,-0.2981407046318054,-0.32824867963790894
6.6139570107983365,0.6237332602134311,334.0957946457872,177.18326900970237,-0.8345092535018921,-0.32008883357048035,-0.3088580071926117
6.629826674311402,0.6221992865169718,334.1212354819729,177.18326900970237,-0.836539089679718,-0.29115229845046997,-0.31757837533950806
6.6139570107983365,0.6237332602134311,334.0957946457872,177.20611378475851,-0.8446208238601685,-0.3111877143383026,-0.3209507167339325
6.766660048635777,0.6205173314302501,335.1208737157386,176.7417632776689,-0.8030521273612976,-0.3159286379814148,-0.2935201823711395
6.886903998889397,0.6240850657741023,334.0957946457872,176.7151311119507,-0.90449458360672,-0.31656789779663086,-0.32346445322036743
6.886903998889397,0.6240850657741023,334.0957946457872,177.18326900970237,-0.9108368158340454,-0.317024827003479,-0.3339356780052185
6.750468781943554,0.6257799095182565,333.09608223454086,176.7417632776689,-0.8597047924995422,-0.29188844561576843,-0.3317457139492035
6.870470121546052,0.6256129093728289,334.07334524023315,177.20611378475851,-0.7948317527770996,-0.28722792863845825,-0.2927427589893341
6.8654549855628835,0.6153881021354516,333.073565447635,177.18326900970237,-0.8043769001960754,-0.2597944140434265,-0.29278236627578735
6.8322057976341375,0.6145913034498307,335.1208737157386,177.18326900970237,-0.8266394734382629,-0.28852641582489014,-0.32300132513046265
6.8322057976341375,0.6182798562003923,333.12159941979144,177.18326900970237,-1.1644694805145264,-0.37089163064956665,-0.42986053228378296
6.8322057976341375,0.618369020998771,333.073565447635,177.18326900970237,-0.8398966789245605,-0.36542201042175293,-0.3047747015953064
6.8487902215755705,0.6168368355487075,333.09608223454086,177.18326900970237,-0.9164295196533203,-0.35283178091049194,-0.3332039713859558
6.8322057976341375,0.6182798562003923,333.12159941979144,177.18326900970237,-0.8499743342399597,-0.33435431122779846,-0.3181273341178894
6.6457723515499465,0.620537784370762,334.21549934136806,177.18326900970237,-0.8203064799308777,-0.27686798572540283,-0.32164502143859863
6.6457723515499465,0.6206600392119215,334.1496670655232,177.18326900970237,-0.7499850392341614,-0.2770008444786072,-0.278618723154068
6.508539748711996,0.6186381066481977,335.1492204973779,177.18326900970237,-0.8047240376472473,-0.2807452082633972,-0.2826988399028778
6.6457723515499465,0.6206600392119215,334.1496670655232,177.18326900970237,-0.9845111966133118,-0.30147117376327515,-0.3457750678062439
6.661794587439834,0.6192264686329468,334.1212354819729,177.18326900970237,-0.8093122243881226,-0.29901009798049927,-0.2704989016056061
6.587786475208316,0.6150364559489245,333.073565447635,177.18326900970237,-1.0198354721069336,-0.32054558396339417,-0.3680742681026459
6.386603936650163,0.6227700360304961,332.03764846776033,176.68806006683357,-1.1695897579193115,-0.3707428574562073,-0.44417643547058105
6.661794587439834,0.6231122093944793,332.03764846776033,177.160047396452,-0.8723388910293579,-0.36127418279647827,-0.36536476016044617
6.6457723515499465,0.6245767639412054,332.05421244128195,176.68806006683357,-1.2099475860595703,-0.39336568117141724,-0.4432855248451233
6.782928825664577,0.6228772813760467,333.0540496676178,177.18326900970237,-0.8120959997177124,-0.3410760462284088,-0.3184453845024109
6.677893932103909,0.6253514818532463,330.0545409474016,176.7151311119507,-1.1857500076293945,-0.3679763078689575,-0.4353259205818176
6.677893932103909,0.6215855379763171,332.05421244128195,176.7151311119507,-0.760025680065155,-0.2873179614543915,-0.27752628922462463
6.555858286206377,0.6218197407393803,331.03776219639957,176.7151311119507,-0.9533349275588989,-0.294166624546051,-0.2933582663536072
6.8487902215755705,0.6206410428853283,331.05437619823124,176.68806006683357,-0.8644918203353882,-0.2980075776576996,-0.3018245995044708
7.0212466456230365,0.6158863291562665,332.0963715550051,177.160047396452,-1.1773045063018799,-0.3674256205558777,-0.40712395310401917
6.970261292389079,0.6204116605694727,332.0737869811467,177.160047396452,-0.7784835696220398,-0.32173123955726624,-0.30415818095207214
6.970261292389079,0.6204116605694727,332.0737869811467,177.160047396452,-0.763383150100708,-0.2909442186355591,-0.27839288115501404
7.004169248918523,0.617422643076624,332.0737869811467,177.160047396452,-0.7956950068473816,-0.2883581221103668,-0.2695003151893616
6.882200671919022,0.617642047497422,331.05437619823124,177.63235441519342,-0.8466174006462097,-0.2684139609336853,-0.2876875400543213
7.125476929410018,0.6210084709392311,331.05437619823124,177.63235441519342,-0.8951833844184875,-0.27076005935668945,-0.3144267797470093
6.8487902215755705,0.6206410428853283,331.05437619823124,177.63235441519342,-1.1186999082565308,-0.33338069915771484,-0.3977319300174713
6.8487902215755705,0.6206410428853283,331.05437619823124,177.63235441519342,-0.9149691462516785,-0.3240891098976135,-0.32423049211502075
7.125476929410018,0.6210084709392311,331.05437619823124,177.63235441519342,-0.8189948201179504,-0.28441157937049866,-0.3011038899421692
7.281349903438049,0.6216080765448501,330.037876614185,177.63235441519342,-0.952896237373352,-0.311705619096756,-0.32504576444625854
7.281349903438049,0.6216080765448501,330.037876614185,177.63235441519342,-0.8728818893432617,-0.29455268383026123,-0.31576448678970337
7.281349903438049,0.6216080765448501,330.037876614185,177.63235441519342,-0.9200342893600464,-0.2972486615180969,-0.32174015045166016
7.108235868724713,0.6224702456126684,331.074009852782,178.10486744794804,-0.8720667958259583,-0.2980300784111023,-0.296972393989563
7.091077631591863,0.6239262136755114,331.09666262286606,178.10486744794804,-0.7886255383491516,-0.26983481645584106,-0.2945866286754608
7.125476929410018,0.6209291580654116,331.09666262286606,177.63235441519342,-1.0757513046264648,-0.3467080891132355,-0.3911074697971344
7.125476929410018,0.6209291580654116,331.09666262286606,177.63235441519342,-0.8177660703659058,-0.33978474140167236,-0.3144528567790985
7.004169248918523,0.6211629205938629,330.07423407470026,177.63235441519342,-1.1211235523223877,-0.3481277525424957,-0.3743281364440918
6.970261292389079,0.6241700452213502,330.07423407470026,177.65171666510943,-0.8733574748039246,-0.29671329259872437,-0.34065717458724976
6.54000949096702,0.6232890099106783,331.05437619823124,177.65171666510943,-0.8425480723381042,-0.26975926756858826,-0.31642672419548035
6.54000949096702,0.6232890099106783,331.05437619823124,177.65171666510943,-0.9890174865722656,-0.2895846962928772,-0.3420572280883789
6.661794587439834,0.6231122093944793,332.03764846776033,177.18326900970237,-0.7876840829849243,-0.28775933384895325,-0.27909335494041443
6.815701136962233,0.6236402473103767,331.05437619823124,177.18326900970237,-1.040143370628357,-0.32004621624946594,-0.3905618488788605
6.79927566826502,0.6251713012649781,331.03776219639957,177.18326900970237,-0.7219136953353882,-0.26231494545936584,-0.2612892985343933
7.074001625727684,0.625536104940297,331.03776219639957,177.18326900970237,-1.18793785572052,-0.4025042653083801,-0.4326155185699463
7.074001625727684,0.625536104940297,331.03776219639957,176.7151311119507,-1.0033087730407715,-0.3714461028575897,-0.41054630279541016
6.970261292389079,0.6241700452213502,330.07423407470026,176.7151311119507,-1.1181265115737915,-0.3726843595504761,-0.4162594676017761
6.970261292389079,0.6204116605694727,332.0737869811467,176.7151311119507,-0.7356669306755066,-0.28723782300949097,-0.29690414667129517
7.539881183562142,0.44831070119222116,306.00653587791226,178.62276090652452,-1.0853036642074585,-0.24905255436897278,-0.3572215437889099
4.464590491970477,0.4422088894407993,305.08031729365956,178.62276090652452,-1.4699862003326416,-0.4774119257926941,-0.5991744995117188
4.448126887901587,0.4409178050567185,307.1042168385188,178.62276090652452,-1.0362805128097534,-0.3077927529811859,-0.3869549036026001
5.290704526687563,0.4415829369025743,307.02605752606735,178.16535657356243,-0.9652335047721863,-0.28814369440078735,-0.3374395966529846
5.252029726293318,0.4419475678105152,309.02588888311607,178.62276090652452,-1.0235098600387573,-0.29287949204444885,-0.35174840688705444
5.329951687428512,0.4355031857933492,309.02588888311607,178.16535657356243,-1.2016199827194214,-0.4064699113368988,-0.3937806487083435
5.818174458573404,0.4310022110249551,309.01456276363416,178.15060011655484,-1.2350341081619263,-0.4176333546638489,-0.42889928817749023
5.796455045888366,0.43259609957376194,309.02588888311607,178.15060011655484,-1.2450817823410034,-0.4226840138435364,-0.44096335768699646
7.0988678169656785,0.4320942177015366,309.01456276363416,178.15060011655484,-1.1515719890594482,-0.41362109780311584,-0.37533265352249146
6.62316373114818,0.4320882133683168,311.0401903291599,178.6116968852199,-0.9665854573249817,-0.32317548990249634,-0.3224143087863922
6.860239814864722,0.43208967182790653,310.0258053775524,178.15060011655484,-1.296066403388977,-0.4653080403804779,-0.5031108260154724
5.987214468269252,0.43570591158220123,308.0795351853154,177.68950527098397,-1.2852946519851685,-0.4310588240623474,-0.47797688841819763
5.711170288717821,0.4389894843143814,309.0582469373694,177.68950527098397,-0.9173242449760437,-0.28323495388031006,-0.3681584298610687
5.625214169096688,0.43342246892818936,306.0261426741186,177.70794656883893,-1.3999130725860596,-0.527584433555603,-0.5610398054122925
5.667867398886954,0.43017062624001423,306.0261426741186,177.25070888384357,-1.3956522941589355,-0.5258784294128418,-0.5682392120361328
6.03206091896535,0.4353587786418518,306.04084694693944,177.70794656883893,-1.2974588871002197,-0.4529610574245453,-0.4978359341621399
6.532640846039679,0.4337273952909726,304.00657887618155,177.70794656883893,-1.2201201915740967,-0.4404369294643402,-0.43553876876831055
5.369783969839491,0.43509699205724167,307.02605752606735,178.16535657356243,-1.2310774326324463,-0.4102615714073181,-0.4573086202144623
4.8696744932818525,0.44132265133585313,307.00651458886017,178.15060011655484,-1.087669849395752,-0.32130059599876404,-0.4120722711086273
5.232903074130816,0.44648345860448974,307.001628660175,177.68950527098397,-1.1424247026443481,-0.33300691843032837,-0.4285508990287781
4.33619121813632,0.4524322699351706,307.001628660175,177.70794656883893,-1.2379248142242432,-0.40767693519592285,-0.5022073984146118
4.33619121813632,0.4524322699351706,307.001628660175,177.70794656883893,-1.2919045686721802,-0.44663891196250916,-0.5184068083763123
5.176347985081004,0.45131337508475594,307.02605752606735,177.22859080993277,-1.3530046939849854,-0.5040445923805237,-0.5333682894706726
4.713351625342363,0.4529663910270611,309.01456276363416,177.68950527098397,-1.2356854677200317,-0.4396810531616211,-0.48307251930236816
5.631267942455025,0.4662922345048606,306.00653587791226,177.20611378475851,-1.181913137435913,-0.4189881384372711,-0.4373452663421631
5.631267942455025,0.4662922345048606,306.00653587791226,177.67076441967518,-1.1916049718856812,-0.4086640775203705,-0.433554083108902
5.670938436515985,0.46304020910681815,306.00653587791226,177.68950527098397,-1.0705280303955078,-0.3278729319572449,-0.3693409264087677
5.651033772580506,0.46467363752734603,306.0016339825655,177.68950527098397,-1.2047810554504395,-0.39904239773750305,-0.4434267580509186
6.09444469778166,0.46175715050832533,306.0016339825655,177.68950527098397,-1.3384191989898682,-0.5481353998184204,-0.5139609575271606
6.2299825581030515,0.4652880954613936,307.0,177.22859080993277,-1.0591073036193848,-0.344609797000885,-0.41713452339172363
5.947416866370628,0.47006214829253795,308.0,177.68950527098397,-1.0825903415679932,-0.3765968084335327,-0.4261445105075836
5.906698745626244,0.4732915483696135,308.0,177.20611378475851,-1.154228925704956,-0.3993433117866516,-0.4314265847206116
5.866532593027751,0.4765211842845711,308.0,177.20611378475851,-1.287117838859558,-0.4555862843990326,-0.4875956177711487
5.866532593027751,0.4765211842845711,308.0,177.20611378475851,-1.1005691289901733,-0.36672863364219666,-0.39250051975250244
5.691676982473567,0.4732037456064225,309.0016181187406,176.76796713651348,-1.1359059810638428,-0.3772866129875183,-0.4073359966278076
6.12304145736237,0.4733816475282174,307.001628660175,176.76796713651348,-1.1654301881790161,-0.38329392671585083,-0.42599788308143616
5.947416866370628,0.47312434440551354,306.00653587791226,176.76796713651348,-1.205823540687561,-0.38600820302963257,-0.44397372007369995
6.165375881802817,0.4670805115437675,309.01456276363416,177.25070888384357,-1.2385457754135132,-0.44322866201400757,-0.4647497534751892
5.988698368700843,0.4668231471062233,308.00649343804423,177.25070888384357,-1.2803349494934082,-0.4640637934207916,-0.49916696548461914
6.009554040678993,0.4651964344283111,308.0146100430952,176.79375292448162,-1.2322852611541748,-0.41880783438682556,-0.466254860162735
6.406892428900997,0.46859000311054305,306.01470552899906,176.76796713651348,-1.2794053554534912,-0.4372476637363434,-0.4959176182746887
6.977500722703255,0.47234008859440463,305.00655730656024,176.76796713651348,-1.146131157875061,-0.40435346961021423,-0.4286249279975891
6.62838192252653,0.46869619270799223,305.00655730656024,176.76796713651348,-1.2022788524627686,-0.41810423135757446,-0.4532533586025238
6.582444648777287,0.47195305048701397,305.00655730656024,176.76796713651348,-1.2058840990066528,-0.41917723417282104,-0.45512714982032776
7.026142109014679,0.4721512060694203,303.0264014900352,176.27779877244845,-1.1971741914749146,-0.40054064989089966,-0.45770296454429626
6.362619585762461,0.4749003440578494,304.04111564063174,176.7417632776689,-1.2883251905441284,-0.4680345952510834,-0.48857229948043823
6.109276307673517,0.49451781784916593,304.04111564063174,177.20611378475851,-1.2729350328445435,-0.4602088928222656,-0.46450310945510864
6.4664409783877534,0.49653681901906055,304.0263146505578,177.20611378475851,-1.097056269645691,-0.3918595314025879,-0.3764774203300476
6.277822789639856,0.4915047667966122,307.02605752606735,177.20611378475851,-1.1507890224456787,-0.3964439630508423,-0.3795407712459564
6.319609156723441,0.48826737227102435,307.02605752606735,176.7417632776689,-1.2834255695343018,-0.4585840702056885,-0.4737786650657654
6.170708617721159,0.48643671661577986,306.0261426741186,176.7417632776689,-1.2647640705108643,-0.4537319242954254,-0.4637622833251953
6.744014783687091,0.4885843336772004,305.026228380446,176.27779877244845,-1.2465004920959473,-0.4437711834907532,-0.46304240822792053
6.812410654822008,0.4837192866460338,305.0147537415199,176.27779877244845,-1.2877111434936523,-0.46146661043167114,-0.48083844780921936
6.789459092381292,0.48532876067275776,305.026228380446,176.27779877244845,-1.2720413208007812,-0.42295798659324646,-0.478619247674942
6.597237066625037,0.4835009456175798,306.0588178765644,175.81429455843136,-1.1123604774475098,-0.36540108919143677,-0.42527151107788086
7.7317230542323765,0.49627396572997917,307.05862632402955,177.18326900970237,-1.0162254571914673,-0.33413660526275635,-0.35515958070755005
7.757094854896594,0.494689320601027,307.04071391266666,177.18326900970237,-1.2674964666366577,-0.4520301818847656,-0.4689638614654541
8.022812865416459,0.49169847732393374,306.0261426741186,177.18326900970237,-1.28464674949646,-0.4677070081233978,-0.4857713580131531
7.390049307172844,0.48270335494950317,306.04084694693944,176.7151311119507,-1.3545819520950317,-0.4996616840362549,-0.5318378806114197
7.1493793433989605,0.48415612367208094,307.04071391266666,176.7151311119507,-1.1437804698944092,-0.3622671961784363,-0.4366625249385834
6.820736637985682,0.4952691475244235,306.04084694693944,177.18326900970237,-1.1974997520446777,-0.3963736295700073,-0.4377437233924866
7.3830214587159375,0.4942602844451193,307.04071391266666,177.18326900970237,-1.2915781736373901,-0.4589030146598816,-0.4871152937412262
6.721519004569461,0.49018852653499667,305.04098085339285,177.18326900970237,-1.4015830755233765,-0.5047401189804077,-0.5524393916130066
5.57744933869033,0.4890719727457052,305.08031729365956,177.18326900970237,-1.3170421123504639,-0.47881752252578735,-0.5175423622131348
5.026766074433047,0.5019060176866617,307.01465763054375,177.65171666510943,-0.8735102415084839,-0.3081037104129791,-0.39604198932647705
5.970567407387464,0.5027265554435231,306.0,177.67076441967518,-1.0385798215866089,-0.34853702783584595,-0.35635361075401306
5.951262657783025,0.5043490158784397,306.0016339825655,177.65171666510943,-1.0227917432785034,-0.3326813876628876,-0.3276797831058502
5.970567407387464,0.5027158178971192,306.00653587791226,177.65171666510943,-1.0703814029693604,-0.3483751118183136,-0.3544129729270935
6.298646931516186,0.48992501838062585,307.001628660175,177.18326900970237,-1.2177772521972656,-0.3978128135204315,-0.4099002480506897
6.53118693153225,0.4884611046057206,306.0016339825655,176.7151311119507,-1.3229622840881348,-0.4659220576286316,-0.490464985370636
6.575073032453062,0.4820637858918346,308.00162337234525,176.7151311119507,-1.2639212608337402,-0.4533957839012146,-0.4829176068305969
6.53118693153225,0.4852893128058484,308.00162337234525,177.18326900970237,-1.259687900543213,-0.4596603810787201,-0.48368802666664124
6.911702952398646,0.48566929331033426,308.00162337234525,177.18326900970237,-1.2544829845428467,-0.4600776135921478,-0.4802820682525635
7.101734698119956,0.4874499210255142,307.001628660175,176.7151311119507,-1.1206668615341187,-0.36256808042526245,-0.3973889946937561
6.53118693153225,0.4852688517877735,308.0146100430952,176.7151311119507,-1.165105938911438,-0.37805891036987305,-0.42049121856689453
5.3969026837598975,0.4957432764290065,311.01446911679204,176.7151311119507,-0.8819352984428406,-0.32122930884361267,-0.3786030113697052
5.636525065997895,0.4958932395967423,308.00649343804423,176.7151311119507,-1.1507103443145752,-0.36856475472450256,-0.43815797567367554
6.216165408195738,0.4963797714592378,307.01465763054375,176.7151311119507,-1.2518579959869385,-0.44649165868759155,-0.47198328375816345
6.257135376751374,0.49314187153207356,307.01465763054375,176.7151311119507,-1.2658611536026,-0.467428982257843,-0.48518067598342896
6.236583356090324,0.49477391290507333,307.00651458886017,176.7151311119507,-1.1412622928619385,-0.4089149832725525,-0.41209501028060913
6.089068838456941,0.48976538647436996,308.00649343804423,176.7417632776689,-1.1947091817855835,-0.4057491421699524,-0.42586660385131836
6.4664409783877534,0.49332364338164963,306.00653587791226,176.27779877244845,-1.138488531112671,-0.37120625376701355,-0.399825781583786
6.448360390529536,0.4817253951298247,305.00655730656024,176.7417632776689,-1.286039113998413,-0.4644443094730377,-0.5231568217277527
5.866532593027751,0.4795947283264141,306.0261426741186,176.27779877244845,-1.2620012760162354,-0.4581156373023987,-0.49726423621177673
5.807294085976718,0.4844889701984883,306.01470552899906,176.7417632776689,-1.1231260299682617,-0.3649463951587677,-0.4369363784790039
5.692324480933514,0.49424311272588195,306.01470552899906,177.20611378475851,-1.1231416463851929,-0.3622131049633026,-0.4138162136077881
5.880722499341651,0.49279753624626876,307.01465763054375,177.20611378475851,-1.1438779830932617,-0.36501744389533997,-0.4232673645019531
6.298646931516186,0.4899042271305407,307.01465763054375,176.7417632776689,-1.1809961795806885,-0.39641475677490234,-0.42362499237060547
6.509461949722601,0.4900766646758662,306.00653587791226,176.7417632776689,-1.1578049659729004,-0.39351990818977356,-0.4162985384464264
6.36195336415487,0.48506111625289855,307.00651458886017,176.27779877244845,-1.0518018007278442,-0.3352855145931244,-0.3584083914756775
6.383338145606019,0.48345024191576297,307.001628660175,176.7417632776689,-1.0569241046905518,-0.33965057134628296,-0.3547113239765167
6.55305680981023,0.48366886618856464,308.00649343804423,176.7417632776689,-1.0095871686935425,-0.33028537034988403,-0.3581002354621887
6.170708617721159,0.4864678841381056,306.00653587791226,176.7417632776689,-1.1806526184082031,-0.3824672996997833,-0.4431301951408386
6.170708617721159,0.4864678841381056,306.00653587791226,176.7417632776689,-1.1356841325759888,-0.38183268904685974,-0.4276278614997864
6.170708617721159,0.4864678841381056,306.00653587791226,176.7417632776689,-1.2603144645690918,-0.4275739789009094,-0.4794767498970032
6.619550399078566,0.48196817602605024,306.0016339825655,176.7417632776689,-1.203529953956604,-0.42612916231155396,-0.44697633385658264
6.426540202387567,0.48021325786936137,307.001628660175,176.30771889112674,-1.1270220279693604,-0.36862051486968994,-0.38711026310920715
6.448360390529536,0.47859740826976627,307.0,176.30771889112674,-1.1585630178451538,-0.4001378118991852,-0.3946688771247864
6.383338145606019,0.48032114702515993,309.0016181187406,176.30771889112674,-0.9724668264389038,-0.3733966052532196,-0.348883718252182
6.34071083747631,0.48353744943275473,309.0016181187406,176.30771889112674,-0.9781064987182617,-0.3728792071342468,-0.353924959897995
6.170708617721159,0.48331932481853196,308.0,176.76796713651348,-1.1620614528656006,-0.4122770428657532,-0.4470362663269043
6.744014783687091,0.48544311579957977,307.0,176.30771889112674,-1.112764596939087,-0.39038023352622986,-0.42266473174095154
6.36195336415487,0.4850714093269512,307.0,176.30771889112674,-1.1397236585617065,-0.3930005431175232,-0.42578911781311035
7.267406702238432,0.4876835194949037,308.0,176.76796713651348,-1.0663849115371704,-0.3558596968650818,-0.38508340716362
6.53118693153225,0.4852893128058484,308.00162337234525,176.76796713651348,-1.236557126045227,-0.40845006704330444,-0.4786972403526306
6.55305680981023,0.4836790631814423,308.0,176.76796713651348,-1.2172019481658936,-0.4039176404476166,-0.44865894317626953
5.999444417138656,0.4830784674470568,307.01465763054375,176.76796713651348,-1.246338129043579,-0.4174378514289856,-0.48146796226501465
5.8466530218026405,0.4812380346629942,306.01470552899906,176.27779877244845,-1.1453496217727661,-0.3752933144569397,-0.416980117559433
7.4402668980374855,0.4826793143003585,304.00164473239283,176.27779877244845,-1.0742318630218506,-0.3611442744731903,-0.36378777027130127
6.619550399078566,0.48194758855342884,306.01470552899906,176.27779877244845,-1.081117868423462,-0.3535686433315277,-0.38531309366226196
6.3613264589560234,0.49817317073311257,308.0146100430952,176.7417632776689,-0.9485392570495605,-0.31973758339881897,-0.3857308030128479
6.525586630401979,0.5016100867450148,307.00651458886017,176.7417632776689,-1.1544841527938843,-0.40199556946754456,-0.43475350737571716
6.525586630401979,0.5016100867450148,307.00651458886017,177.20611378475851,-1.1437057256698608,-0.39620593190193176,-0.4309748709201813
6.038227655120382,0.5109669055311185,307.00651458886017,176.7417632776689,-1.2075228691101074,-0.4098120629787445,-0.4552997648715973
5.856575754125937,0.5091398042025553,308.00649343804423,177.20611378475851,-1.2933547496795654,-0.44830888509750366,-0.49028587341308594
6.24244142648423,0.5242696094559337,307.00651458886017,178.13560373662455,-1.2451679706573486,-0.42572635412216187,-0.4388524889945984
5.834071815612257,0.528794232526628,307.001628660175,177.67076441967518,-1.1718194484710693,-0.38848692178726196,-0.4326695501804352
5.852061046374658,0.527176833460701,307.0,177.67076441967518,-1.1553393602371216,-0.38130584359169006,-0.42467689514160156
5.499704307156696,0.5303094970182951,305.0,178.13560373662455,-1.156395673751831,-0.3772710859775543,-0.42521366477012634
5.499704307156696,0.5303094970182951,305.0,177.67076441967518,-1.155909538269043,-0.37880367040634155,-0.4251101016998291
5.533857377894257,0.5270459916845719,305.0,177.67076441967518,-1.2092158794403076,-0.42273372411727905,-0.45271411538124084
5.533857377894257,0.5270459916845719,305.0,177.67076441967518,-0.9728442430496216,-0.3453139066696167,-0.39193904399871826
4.985805777361271,0.5264986079775666,306.0016339825655,177.67076441967518,-1.163440465927124,-0.4034482538700104,-0.4323580265045166
5.131089098993506,0.5316352465587288,305.00163933985664,177.67076441967518,-1.0217045545578003,-0.33776530623435974,-0.39226868748664856
4.454038929897152,0.5277974974507572,305.0147537415199,177.20611378475851,-1.0588796138763428,-0.33303409814834595,-0.3962010145187378
4.6170660170143,0.5278449070857463,306.00653587791226,177.18326900970237,-1.0917201042175293,-0.33632948994636536,-0.39856985211372375
4.6028375957444805,0.5294594395013796,306.01470552899906,177.65171666510943,-1.2048499584197998,-0.40501171350479126,-0.42779749631881714
4.6028375957444805,0.5294594395013796,306.01470552899906,177.65171666510943,-1.2645525932312012,-0.43302208185195923,-0.4743857979774475
4.631382526496228,0.5262022237628591,306.01470552899906,177.65171666510943,-1.2304346561431885,-0.4217371344566345,-0.4841318130493164
5.3731293871160295,0.5235165927218085,306.01470552899906,177.18326900970237,-1.1361489295959473,-0.39903613924980164,-0.4308875501155853
4.793779586293557,0.5262256994537752,307.02605752606735,177.18326900970237,-1.1339019536972046,-0.3640972971916199,-0.42590364813804626
5.3731293871160295,0.5235165927218085,306.01470552899906,177.20611378475851,-1.1724865436553955,-0.39437979459762573,-0.4261094927787781
5.1789208292931805,0.5232640138145217,307.02605752606735,177.20611378475851,-1.1122578382492065,-0.3653917908668518,-0.4143432676792145
5.356439965066389,0.5251237194002941,306.0261426741186,177.20611378475851,-1.1170670986175537,-0.3662344813346863,-0.41183334589004517
5.389922862913881,0.5219038177416191,306.00653587791226,177.20611378475851,-1.1145787239074707,-0.36630499362945557,-0.40221697092056274
5.533857377894257,0.5236013564158808,307.00651458886017,177.20611378475851,-1.0651435852050781,-0.34468957781791687,-0.39736711978912354
5.638902460533592,0.5138432639309579,307.02605752606735,176.7417632776689,-1.218811273574829,-0.41870030760765076,-0.4835970997810364
6.421573170056025,0.5096878077829622,307.01465763054375,176.24739012633987,-1.215393304824829,-0.426225483417511,-0.46819424629211426
6.421573170056025,0.5096878077829622,307.01465763054375,176.7151311119507,-1.2805954217910767,-0.44556474685668945,-0.4895303249359131
6.038227655120382,0.5109343812750418,307.02605752606735,176.7151311119507,-1.282666802406311,-0.47667399048805237,-0.4880378842353821
6.421573170056025,0.5096878077829622,307.01465763054375,176.7151311119507,-1.1183984279632568,-0.37086910009384155,-0.41915518045425415
6.4421108089432435,0.5080506053684738,307.02605752606735,176.7151311119507,-1.1242759227752686,-0.3749313950538635,-0.4237489700317383
6.421573170056025,0.5096878077829622,307.01465763054375,176.7151311119507,-1.1023305654525757,-0.3427044749259949,-0.4081800580024719
6.421573170056025,0.5096878077829622,307.01465763054375,176.7151311119507,-1.194737195968628,-0.39706549048423767,-0.44048935174942017
6.421573170056025,0.5096878077829622,307.01465763054375,176.7151311119507,-1.2283954620361328,-0.4157536029815674,-0.4549342095851898
6.645773141918938,0.504992308762216,308.0146100430952,176.7151311119507,-1.2135146856307983,-0.4152309000492096,-0.4533402919769287
6.46277970948756,0.5064511979597758,307.01465763054375,177.18326900970237,-1.2139673233032227,-0.41504114866256714,-0.45358753204345703
6.872687151514495,0.5068961395770197,305.0147537415199,176.7151311119507,-1.2154567241668701,-0.42602047324180603,-0.45631304383277893
6.546793308078225,0.503257012796543,305.0147537415199,176.24739012633987,-1.2636595964431763,-0.4640638828277588,-0.4619126319885254
6.504516339153126,0.5065143048463298,305.0147537415199,176.7151311119507,-1.1451109647750854,-0.3988896906375885,-0.4215541481971741
6.667153231037166,0.5100165253319974,304.00657887618155,176.7151311119507,-1.1574065685272217,-0.4129442572593689,-0.42378854751586914
6.688670731099335,0.5083912321886979,304.00164473239283,176.24739012633987,-1.1597602367401123,-0.4222129285335541,-0.4119385778903961
6.504516339153126,0.5065360838506476,305.00163933985664,176.24739012633987,-1.1962974071502686,-0.42453688383102417,-0.4552377164363861
6.2796545928628085,0.5079248085168535,306.01470552899906,176.7151311119507,-1.196486234664917,-0.42189446091651917,-0.45412421226501465
6.624529157668309,0.5099291756827725,306.00653587791226,176.7151311119507,-1.0953688621520996,-0.34040507674217224,-0.38016214966773987
6.828631236483125,0.5068281230936441,307.01465763054375,176.7151311119507,-1.1015472412109375,-0.34711509943008423,-0.38419201970100403
6.096401469916224,0.5060949553484437,307.01465763054375,176.7151311119507,-1.292190432548523,-0.4794085919857025,-0.49696555733680725
7.765588878960863,0.504616707715186,308.00649343804423,176.7151311119507,-1.1696467399597168,-0.4467884600162506,-0.4697445034980774
7.056561904449513,0.5021561328169677,308.0146100430952,176.7151311119507,-1.1598376035690308,-0.3985380530357361,-0.46456828713417053
7.011350363025416,0.5053783008326237,308.0146100430952,176.2164809099846,-1.105299711227417,-0.3769480586051941,-0.4522354006767273
6.763591661032599,0.5083813407099694,309.00647242412253,176.2164809099846,-1.1220221519470215,-0.3777448832988739,-0.4474301338195801
6.96671175014309,0.5086222243752897,308.00162337234525,176.7151311119507,-1.138409972190857,-0.3997848331928253,-0.43663519620895386
6.944603916414142,0.5102255787835683,308.00649343804423,176.7151311119507,-1.0898727178573608,-0.36735740303993225,-0.4037705957889557
6.763591661032599,0.5083813407099694,309.00647242412253,176.68806006683357,-1.171537160873413,-0.4075300693511963,-0.42959898710250854
6.603419988634108,0.5082172349979212,308.0146100430952,176.68806006683357,-1.295896291732788,-0.46206530928611755,-0.5092974305152893
6.076886482597809,0.5076955114195401,307.02605752606735,176.7151311119507,-1.1378874778747559,-0.3760319650173187,-0.4307920038700104
6.11604175547476,0.5044568757034873,307.02605752606735,176.7151311119507,-1.1632063388824463,-0.40430864691734314,-0.43318265676498413
5.932081932183621,0.5026489678381822,308.0259729308553,176.7417632776689,-1.2315280437469482,-0.4173945486545563,-0.46099990606307983
6.11604175547476,0.5011923314975237,309.02588888311607,176.7151311119507,-1.2284936904907227,-0.4165825843811035,-0.4489611089229584
6.096401469916224,0.5060949553484437,307.01465763054375,177.18326900970237,-1.1532163619995117,-0.363345205783844,-0.41409367322921753
6.872687151514495,0.5035942009484436,307.01465763054375,177.18326900970237,-1.269106149673462,-0.443582683801651,-0.4732248783111572
7.056561904449513,0.5021561328169677,308.0146100430952,176.7151311119507,-1.1533520221710205,-0.41087833046913147,-0.43995943665504456
5.785307608726456,0.5009116051418796,307.00651458886017,176.24739012633987,-1.1574985980987549,-0.41038089990615845,-0.42506343126296997
5.748000359233579,0.5041523845992838,307.00651458886017,176.24739012633987,-1.128772497177124,-0.3873157501220703,-0.4061149060726166
5.98999738328102,0.5010987835578481,306.0016339825655,176.24739012633987,-1.224098563194275,-0.4234139919281006,-0.4680038392543793
6.423982686221989,0.496570896622605,306.00653587791226,176.24739012633987,-1.2708766460418701,-0.4541687071323395,-0.5037908554077148
6.257135376751374,0.49637527690471944,305.0147537415199,176.24739012633987,-1.1357042789459229,-0.37461382150650024,-0.43272966146469116
6.068994144354314,0.4945778926553349,306.01470552899906,176.24739012633987,-1.252087116241455,-0.4137987196445465,-0.4698120951652527
6.257135376751374,0.49314187153207356,307.01465763054375,176.27779877244845,-1.239955186843872,-0.4285569190979004,-0.4679916501045227
6.257135376751374,0.49314187153207356,307.01465763054375,176.27779877244845,-1.3095208406448364,-0.46928277611732483,-0.5015847086906433
6.257135376751374,0.49637527690471944,305.0147537415199,176.27779877244845,-1.2976100444793701,-0.4662984311580658,-0.498291552066803
6.445142186615954,0.49493402245464263,306.01470552899906,176.27779877244845,-1.2215298414230347,-0.43519240617752075,-0.4590386748313904
6.445142186615954,0.49493402245464263,306.01470552899906,176.27779877244845,-1.2245972156524658,-0.44282445311546326,-0.46416720747947693
7.620176683385482,0.496133275112538,304.0148022712052,176.24739012633987,-1.2287815809249878,-0.445732980966568,-0.4645608067512512
7.506309518431634,0.4893975882622361,305.026228380446,175.78012169898318,-1.287390947341919,-0.460438072681427,-0.486632764339447
7.431850138857623,0.4942920734750235,305.0147537415199,175.78012169898318,-0.9682677984237671,-0.34355244040489197,-0.360792338848114
7.431850138857623,0.4942920734750235,305.0147537415199,175.78012169898318,-1.0728576183319092,-0.3697866201400757,-0.3812148869037628
7.3830214587159375,0.49754324579337955,305.0147537415199,175.78012169898318,-1.108581304550171,-0.37975844740867615,-0.3972734808921814
7.3830214587159375,0.49754324579337955,305.0147537415199,175.78012169898318,-1.1835691928863525,-0.4100882411003113,-0.4312858581542969
7.570139032580202,0.4961300375327629,306.01470552899906,176.24739012633987,-1.2385830879211426,-0.4555718004703522,-0.4734559953212738
7.595075913918639,0.49452361720165094,306.00653587791226,176.24739012633987,-1.248530626296997,-0.45734676718711853,-0.4751831591129303
7.219476136896329,0.49410233686239113,306.00653587791226,176.27779877244845,-1.1556880474090576,-0.39438965916633606,-0.4243784546852112
7.19574596199942,0.4957313202164123,306.0016339825655,176.24739012633987,-1.1653597354888916,-0.4014464020729065,-0.42600077390670776
6.9853427545559175,0.49552387108706236,307.00651458886017,176.24739012633987,-1.1007912158966064,-0.37082821130752563,-0.40852394700050354
6.611244970902899,0.49513832018180176,307.00651458886017,176.24739012633987,-1.1250360012054443,-0.3807513117790222,-0.41330599784851074
6.589621130017451,0.4967640629125415,307.001628660175,176.24739012633987,-1.1442755460739136,-0.3871702253818512,-0.41558200120925903
7.19574596199942,0.4924915541654739,308.0146100430952,175.78012169898318,-1.1169764995574951,-0.36563169956207275,-0.4039364457130432
7.172170493003639,0.49734450589717855,306.00653587791226,175.78012169898318,-1.1183862686157227,-0.36707574129104614,-0.4047946333885193
7.173440993269285,0.4825941302962965,307.00651458886017,176.24739012633987,-1.31929612159729,-0.4752492904663086,-0.5257481336593628
7.125477772965608,0.48583637738660196,307.0,176.24739012633987,-1.363127589225769,-0.5246292352676392,-0.5327826142311096
6.865919886489741,0.49208793645045934,306.0016339825655,176.7151311119507,-1.157623529434204,-0.41336536407470703,-0.4452453553676605
6.865919886489741,0.49208793645045934,306.0016339825655,176.7151311119507,-1.2016047239303589,-0.44456225633621216,-0.4475998878479004
6.589621130017451,0.4967640629125415,307.001628660175,176.24739012633987,-1.2131386995315552,-0.4457283616065979,-0.4527641832828522
6.820736637985682,0.49211620289085,308.00162337234525,176.24739012633987,-1.2264683246612549,-0.44464603066444397,-0.4585729241371155
6.633010592017231,0.493528408696419,307.001628660175,176.24739012633987,-1.1944082975387573,-0.42635950446128845,-0.4488346576690674
6.633010592017231,0.493528408696419,307.001628660175,176.24739012633987,-1.1602293252944946,-0.40656718611717224,-0.4302453398704529
7.620176683385482,0.4897112485591807,308.00162337234525,176.7151311119507,-1.2416255474090576,-0.46105924248695374,-0.4596678614616394
7.860259049905572,0.48829807670037484,307.001628660175,176.24739012633987,-1.1881177425384521,-0.4136792719364166,-0.4276951253414154
7.506309518431634,0.4862408236814976,307.00651458886017,176.24739012633987,-1.1704552173614502,-0.3968338370323181,-0.4123285710811615
7.481325408897048,0.4878426055110154,307.01465763054375,176.24739012633987,-1.130368709564209,-0.3597589433193207,-0.39652523398399353
7.340501484061068,0.4859854477961146,306.01470552899906,176.24739012633987,-1.2788411378860474,-0.4502028822898865,-0.49098920822143555
7.291610191566133,0.4892266641962579,306.01470552899906,176.27779877244845,-1.1788171529769897,-0.40342584252357483,-0.4498651623725891
6.102090749970811,0.4811799090224905,303.0594001181947,175.81429455843136,-1.3720877170562744,-0.5018047094345093,-0.5574002861976624
6.448360390529536,0.4816425648465047,305.05901068481813,175.81429455843136,-1.1918904781341553,-0.41605788469314575,-0.468805730342865
6.448360390529536,0.48169432876592705,305.026228380446,175.81429455843136,-1.1883653402328491,-0.41506871581077576,-0.45451098680496216
6.642014536480957,0.4802553785827235,306.0588178765644,176.27779877244845,-1.3348770141601562,-0.5218258500099182,-0.5248285531997681
6.789459092381292,0.4821164061339864,307.05862632402955,176.27779877244845,-0.8655297160148621,-0.34027811884880066,-0.314991295337677
6.98152846557796,0.4838871858356701,306.0588178765644,175.81429455843136,-1.0348575115203857,-0.3580542802810669,-0.3663150370121002
7.222050972363725,0.4792811814120313,307.05862632402955,175.81429455843136,-1.194668173789978,-0.413281112909317,-0.45277291536331177
6.835517211710425,0.472725732674112,311.05787242890995,175.84791905248218,-1.2131670713424683,-0.42155998945236206,-0.45699596405029297
7.150045638974737,0.46647001712846836,310.0403199585499,175.84791905248218,-1.1383548974990845,-0.3691287636756897,-0.42356759309768677
7.346492321891082,0.46818335212884044,309.04045042680093,175.84791905248218,-1.242295742034912,-0.4356690049171448,-0.45774611830711365
7.346492321891082,0.46812453758768285,309.0792778560219,175.81429455843136,-0.9625035524368286,-0.32454678416252136,-0.36730459332466125
7.052772291939346,0.4728713152034234,310.0403199585499,175.81429455843136,-1.0457282066345215,-0.34161388874053955,-0.3855586647987366
6.905782631500081,0.47099281191383935,309.04045042680093,175.81429455843136,-1.2604176998138428,-0.4431651532649994,-0.4596216678619385
6.687401354378932,0.47085745968655307,310.0580590792634,176.27779877244845,-1.248705267906189,-0.44197940826416016,-0.4583544135093689
6.642014536480957,0.47406087069812003,310.0580590792634,176.30771889112674,-1.1824073791503906,-0.38575121760368347,-0.45741409063339233
6.575073032453062,0.4788939343331982,310.0403199585499,176.27779877244845,-0.9259530901908875,-0.3012206256389618,-0.3566409945487976
6.789459092381292,0.47899709153821407,309.0582469373694,175.81429455843136,-1.1269097328186035,-0.37898725271224976,-0.38452669978141785
6.642014536480957,0.47406087069812003,310.0580590792634,175.81429455843136,-1.1789458990097046,-0.4051038324832916,-0.4451146125793457
6.55305680981023,0.48051855322696063,310.0258053775524,175.84791905248218,-1.1428210735321045,-0.39222294092178345,-0.4112773835659027
6.744014783687091,0.4822909869314085,309.00647242412253,176.30771889112674,-1.1311436891555786,-0.3955524265766144,-0.3983505368232727
7.722251183244942,0.48327588131839355,308.00162337234525,176.7417632776689,-1.1997661590576172,-0.42476123571395874,-0.4146333336830139
7.800608969937579,0.4784428212371719,308.00649343804423,176.27779877244845,-1.2741590738296509,-0.4576290249824524,-0.4914912283420563
7.415073540540599,0.4779827784128149,308.0259729308553,176.27779877244845,-1.2479817867279053,-0.438264936208725,-0.47972312569618225
7.173440993269285,0.479440549275471,309.02588888311607,175.84791905248218,-1.1112070083618164,-0.3614923357963562,-0.41231757402420044
7.516878934542185,0.4715746787592974,308.00649343804423,176.30771889112674,-1.2970256805419922,-0.49464040994644165,-0.49912792444229126
7.346492321891082,0.4712725937510507,307.01465763054375,175.84791905248218,-1.218859076499939,-0.48834142088890076,-0.4505225121974945
6.905782631500081,0.47410059135902916,307.01465763054375,176.30771889112674,-1.2171567678451538,-0.4737676680088043,-0.4656239151954651
6.297341499231742,0.473596709659527,308.0259729308553,176.30771889112674,-1.2966606616973877,-0.5050674676895142,-0.515474796295166
5.6530862723458295,0.476364266469667,309.04045042680093,176.30771889112674,-0.9543710947036743,-0.3493015170097351,-0.39607366919517517
5.999444417138656,0.4799118370759741,309.04045042680093,176.30771889112674,-1.3089370727539062,-0.5024405717849731,-0.5082646608352661
5.615013836753398,0.4795844607335354,309.04045042680093,175.84791905248218,-1.0210462808609009,-0.3174944818019867,-0.4097951352596283
5.939492207588975,0.48476209783105884,309.02588888311607,175.84791905248218,-1.0956915616989136,-0.36129122972488403,-0.41117721796035767
5.787812054184816,0.48288952736730206,308.05843601498725,176.30771889112674,-1.2294516563415527,-0.4365769922733307,-0.47829967737197876
5.959343144221324,0.4831705322980371,309.01456276363416,175.84791905248218,-0.9863266944885254,-0.3185049891471863,-0.3927486836910248
5.7684598977724155,0.48453243345614255,308.0405817420815,175.84791905248218,-1.091967225074768,-0.34663644433021545,-0.39394205808639526
5.866532593027751,0.4764307923468062,308.05843601498725,175.84791905248218,-1.3597893714904785,-0.5132917165756226,-0.5536848306655884
5.6339859227819895,0.4778767763712417,309.1035425225664,175.84791905248218,-1.0058071613311768,-0.3403092920780182,-0.4252767562866211
5.730140068486548,0.4846163992291131,310.0403199585499,175.84791905248218,-0.9280201196670532,-0.32553279399871826,-0.4015229642391205
6.4664409783877534,0.49008938351770265,308.0259729308553,176.30771889112674,-0.9906467199325562,-0.34878167510032654,-0.36088213324546814
6.911702952398646,0.4856488162713255,308.0146100430952,176.76796713651348,-1.1261686086654663,-0.40701693296432495,-0.3873036503791809
7.542766124373502,0.4699529489020819,308.0146100430952,175.84791905248218,-1.2532262802124023,-0.45314398407936096,-0.46925315260887146
7.568831224199261,0.46832646537557504,308.0259729308553,175.84791905248218,-1.2371423244476318,-0.44778314232826233,-0.4724203944206238
7.199690373091409,0.4662773387705879,308.0405817420815,176.30771889112674,-1.286063551902771,-0.46335601806640625,-0.49762120842933655
7.371894228081466,0.46655189959476734,309.0582469373694,176.30771889112674,-0.9675731658935547,-0.35144320130348206,-0.38243573904037476
7.568831224199261,0.4682771133059027,308.05843601498725,176.30771889112674,-1.2993242740631104,-0.4728724956512451,-0.5205565690994263
7.271320808565878,0.472970416754934,309.0582469373694,176.30771889112674,-1.1112415790557861,-0.3997548520565033,-0.44831934571266174
6.470328659710536,0.4738298098722305,309.04045042680093,176.30771889112674,-1.2047492265701294,-0.4296691417694092,-0.4498679041862488
6.8822016005559785,0.47262129637431716,309.02588888311607,176.30771889112674,-1.1997430324554443,-0.42339134216308594,-0.4545048177242279
6.8822016005559785,0.47257181345110955,309.0582469373694,176.30771889112674,-1.2204773426055908,-0.4311036169528961,-0.47118958830833435
6.448360390529536,0.4754100749551614,309.0582469373694,176.30771889112674,-0.98578280210495,-0.3149365484714508,-0.4057193696498871
7.271320808565878,0.4730199414158333,309.02588888311607,176.30771889112674,-1.0519605875015259,-0.34066686034202576,-0.36006051301956177
7.2466025759871675,0.474602598985223,309.04045042680093,176.76796713651348,-1.218841314315796,-0.4242098927497864,-0.4096718728542328
7.2466025759871675,0.474602598985223,309.04045042680093,176.79375292448162,-1.0804810523986816,-0.3780066668987274,-0.3766114115715027
6.7666609774944915,0.48057090182458057,309.0792778560219,176.33716214248554,-1.1103250980377197,-0.3787635564804077,-0.38646358251571655
7.827080658320513,0.47682198464615594,308.0146100430952,176.33716214248554,-1.001154899597168,-0.3568248450756073,-0.3511078953742981
7.005116708495328,0.4730603736562347,312.01442274356486,176.79375292448162,-1.1441395282745361,-0.37762224674224854,-0.4002256393432617
7.197664327485163,0.4747996942845645,311.00160771288625,176.79375292448162,-1.0343652963638306,-0.3371259272098541,-0.37675073742866516
6.812410654822008,0.47438795862031186,311.01446911679204,176.79375292448162,-1.1601078510284424,-0.3876628279685974,-0.44837117195129395
6.958097799068348,0.476241592951227,312.01442274356486,176.33716214248554,-0.9836913347244263,-0.33471184968948364,-0.39925432205200195
7.296207362808699,0.47143228732841397,309.01456276363416,175.84791905248218,-1.2734930515289307,-0.4849502146244049,-0.506049394607544
6.98152846557796,0.4776458335852001,310.0580590792634,175.84791905248218,-1.0904003381729126,-0.37827539443969727,-0.4245130121707916
7.267406702238432,0.48444644352646404,310.0580590792634,176.76796713651348,-1.174263596534729,-0.4189194142818451,-0.4380256235599518
6.93482314310419,0.48084728537032545,310.0580590792634,176.76796713651348,-1.2515745162963867,-0.4689865708351135,-0.48326095938682556
6.55305680981023,0.48358731345610134,308.05843601498725,177.22859080993277,-1.2461134195327759,-0.4445371627807617,-0.4704523980617523
6.36195336415487,0.48184096086192596,309.0582469373694,176.76796713651348,-1.0585094690322876,-0.35476547479629517,-0.4312742352485657
6.7666609774944915,0.48376160085928016,307.04071391266666,176.76796713651348,-1.075706958770752,-0.36145925521850586,-0.42936092615127563
6.597237066625037,0.48036252399157353,308.05843601498725,176.30771889112674,-1.3886297941207886,-0.5565474033355713,-0.5586739778518677
6.150094854626813,0.48491032686288427,308.0146100430952,176.30771889112674,-1.0552284717559814,-0.4210668206214905,-0.4290952682495117
7.173440993269285,0.48575854633587295,305.00655730656024,176.30771889112674,-1.1354588270187378,-0.4268885552883148,-0.4339997172355652
7.2466025759871675,0.4808665782841251,305.0147537415199,176.30771889112674,-1.3183139562606812,-0.48268619179725647,-0.5318034887313843
6.575073032453062,0.48204346087008754,308.0146100430952,176.30771889112674,-0.9394806027412415,-0.3270094096660614,-0.4211358428001404
7.390049307172844,0.4796101832809143,308.0146100430952,176.30771889112674,-1.0994477272033691,-0.40639179944992065,-0.4217790961265564
7.271320808565878,0.47613129007412947,307.00651458886017,177.22859080993277,-1.2545233964920044,-0.4887174665927887,-0.46395406126976013
7.296207362808699,0.4745032151321161,307.01465763054375,177.22859080993277,-1.218042254447937,-0.45504775643348694,-0.4413641095161438
7.321263954301267,0.4728703005524691,307.02605752606735,176.76796713651348,-1.1067934036254883,-0.35826149582862854,-0.3940249979496002
7.296207362808699,0.4745032151321161,307.01465763054375,176.76796713651348,-1.1269840002059937,-0.37279391288757324,-0.40235066413879395
7.271320808565878,0.4761009831876425,307.02605752606735,176.30771889112674,-1.2121098041534424,-0.4036256670951843,-0.4398070275783539
7.271320808565878,0.4761009831876425,307.02605752606735,176.30771889112674,-1.2559776306152344,-0.43400850892066956,-0.478255033493042
6.98152846557796,0.48079692331275403,308.0259729308553,176.76796713651348,-1.2736445665359497,-0.5003063678741455,-0.4739725589752197
7.028864114600467,0.47757467498662337,308.0259729308553,176.76796713651348,-1.2682263851165771,-0.4999167025089264,-0.4711533188819885
7.173440993269285,0.47939035238408156,309.0582469373694,176.30771889112674,-1.3099030256271362,-0.5307778716087341,-0.5137602090835571
6.789459092381292,0.4759178742078336,311.05787242890995,176.33716214248554,-0.9986612200737,-0.37259331345558167,-0.4142115116119385
7.197664327485163,0.47781275252848765,309.04045042680093,176.33716214248554,-1.0753815174102783,-0.3971485495567322,-0.42099612951278687
7.2466025759871675,0.4745429780397866,309.0792778560219,176.33716214248554,-1.2031276226043701,-0.4137350022792816,-0.47167491912841797
7.028864114600467,0.4744447035173356,310.0580590792634,176.33716214248554,-0.9964577555656433,-0.33526310324668884,-0.409309446811676
7.2466025759871675,0.474602598985223,309.04045042680093,175.88100825030497,-1.2660596370697021,-0.42963695526123047,-0.4923976957798004
7.2466025759871675,0.474602598985223,309.04045042680093,176.33716214248554,-1.2616604566574097,-0.43025317788124084,-0.48352402448654175
7.2466025759871675,0.474602598985223,309.04045042680093,176.33716214248554,-1.2645303010940552,-0.4520818293094635,-0.48376020789146423
7.271320808565878,0.472970416754934,309.0582469373694,176.33716214248554,-1.269885778427124,-0.4640538692474365,-0.49750298261642456
7.271320808565878,0.472970416754934,309.0582469373694,176.33716214248554,-1.1584322452545166,-0.40743184089660645,-0.4392682909965515
7.4402668980374855,0.47327813832288385,310.0403199585499,176.33716214248554,-1.174481987953186,-0.4136333465576172,-0.43973755836486816
7.712318419502228,0.4702334634802378,309.02588888311607,176.33716214248554,-1.2046741247177124,-0.4421086311340332,-0.45315247774124146
7.321263954301267,0.46976097723197746,309.0582469373694,176.33716214248554,-1.1838194131851196,-0.39848101139068604,-0.45426708459854126
6.733409984771962,0.4706899165139426,308.05843601498725,176.33716214248554,-0.9729445576667786,-0.30301225185394287,-0.3684925436973572
6.537137114780479,0.46898030011627156,309.0582469373694,176.33716214248554,-1.146965503692627,-0.34630146622657776,-0.4353170394897461
6.8822016005559785,0.47262129637431716,309.02588888311607,176.33716214248554,-1.1527588367462158,-0.36510366201400757,-0.43707528710365295
6.905782631500081,0.47099281191383935,309.04045042680093,176.33716214248554,-1.1561883687973022,-0.3736502528190613,-0.44045430421829224
6.426540202387567,0.4739781444974139,311.0401903291599,176.79375292448162,-1.1244735717773438,-0.36006903648376465,-0.43514037132263184
7.005116708495328,0.47922364105401244,308.00162337234525,176.79375292448162,-1.2019999027252197,-0.46363815665245056,-0.4542267322540283
7.052772291939346,0.47600130238444516,308.00162337234525,176.79375292448162,-1.291745662689209,-0.4977951943874359,-0.49085336923599243
6.858780330701087,0.47426491537509186,309.0016181187406,176.79375292448162,-1.268624186515808,-0.5072492957115173,-0.4927228093147278
6.019697430860089,0.478275273489178,309.0582469373694,176.79375292448162,-1.253942847251892,-0.41818585991859436,-0.49012884497642517
6.150094854626813,0.4817420690885548,310.0403199585499,176.79375292448162,-1.0493760108947754,-0.3425478935241699,-0.4273746907711029
7.028864114600467,0.47757467498662337,308.0259729308553,176.79375292448162,-1.1790797710418701,-0.38651084899902344,-0.44708332419395447
7.005116708495328,0.47607246511010676,310.0403199585499,176.79375292448162,-1.1529946327209473,-0.3850582242012024,-0.4402955174446106
7.028864114600467,0.47449406262754773,310.0258053775524,176.79375292448162,-1.1246615648269653,-0.38303330540657043,-0.40605488419532776
7.028864114600467,0.47449406262754773,310.0258053775524,176.33716214248554,-1.2290575504302979,-0.43578124046325684,-0.45347294211387634
6.642014536480957,0.4741101898760782,310.0258053775524,176.33716214248554,-1.2133439779281616,-0.43166837096214294,-0.45313864946365356
6.744014783687091,0.47915984376626236,311.02572240893517,176.79375292448162,-1.078057885169983,-0.3487243056297302,-0.411449670791626
7.531460121594934,0.4814769821834512,309.01456276363416,176.79375292448162,-1.0966625213623047,-0.3909907937049866,-0.4141239523887634
7.17478256277546,0.46786063176989595,308.05843601498725,176.79375292448162,-1.3770506381988525,-0.5234002470970154,-0.5526849627494812
6.977500722703255,0.46614780784491544,309.0582469373694,176.76796713651348,-0.9662089347839355,-0.35116466879844666,-0.39577701687812805
7.595076063365663,0.46669528167129243,308.0405817420815,176.7417632776689,-1.2542736530303955,-0.5169612169265747,-0.47521647810935974
7.6215024962329,0.46505945172984847,308.05843601498725,176.7417632776689,-1.198645830154419,-0.45478588342666626,-0.4620738923549652
7.199690373091409,0.46621838286565515,308.0795351853154,177.22859080993277,-1.1647145748138428,-0.40074482560157776,-0.44585245847702026
7.173440993269285,0.47932010321675866,309.1035425225664,176.30771889112674,-1.1396909952163696,-0.37460967898368835,-0.40396374464035034
7.125477772965608,0.47949845055958934,311.05787242890995,176.30771889112674,-1.0082972049713135,-0.3622366189956665,-0.39372414350509644
6.744014783687091,0.4791103192248052,311.05787242890995,176.30771889112674,-1.2813043594360352,-0.45027533173561096,-0.5004059076309204
6.170708617721159,0.48011121687780645,310.0580590792634,176.30771889112674,-0.9380586743354797,-0.33293023705482483,-0.3708457350730896
6.319609156723441,0.4819884515408734,311.02572240893517,176.33716214248554,-1.2170299291610718,-0.44121208786964417,-0.4726513922214508
7.005116708495328,0.4730603736562347,312.01442274356486,176.33716214248554,-1.2384366989135742,-0.47495517134666443,-0.4722635746002197
7.2466025759871675,0.4715902812613455,311.01446911679204,176.33716214248554,-1.2876310348510742,-0.4775960445404053,-0.5042141675949097
7.052772291939346,0.47291067481675325,310.01451578918045,176.33716214248554,-1.2101002931594849,-0.4422066807746887,-0.47647231817245483
7.101077500972865,0.46967049693392,310.0403199585499,176.33716214248554,-1.2533609867095947,-0.4683244228363037,-0.5034175515174866
6.858780330701087,0.47115656055853583,311.0401903291599,176.79375292448162,-1.0808789730072021,-0.36201220750808716,-0.4155673384666443
6.905782631500081,0.4679066707304713,311.07876816009156,176.79375292448162,-1.3537367582321167,-0.48670291900634766,-0.530968427658081
6.905782631500081,0.46782932599052085,311.1301978272119,176.79375292448162,-1.036517858505249,-0.3302153944969177,-0.4135136604309082
6.53118693153225,0.4820982515197548,310.0403199585499,176.79375292448162,-0.985428512096405,-0.3312588334083557,-0.37801074981689453
6.911702952398646,0.4824757334300096,310.0403199585499,176.76796713651348,-1.0484403371810913,-0.34599629044532776,-0.37727195024490356
7.491167849954386,0.4701192174420338,310.01451578918045,177.68950527098397,-1.3293815851211548,-0.5186470746994019,-0.5109879970550537
7.346492321891082,0.4712725937510507,307.01465763054375,177.70794656883893,-1.3214255571365356,-0.5251854658126831,-0.515053927898407
6.9534305270459695,0.4678198115834447,309.01456276363416,177.70794656883893,-1.3377511501312256,-0.5267319679260254,-0.5280660390853882
7.026142109014679,0.4659510226220278,307.05862632402955,177.70794656883893,-1.2729262113571167,-0.4428064823150635,-0.5222803354263306
6.756651467627433,0.4691052681431108,308.0405817420815,177.70794656883893,-1.0935800075531006,-0.3625868260860443,-0.40071192383766174
7.827080658320513,0.47995867128602193,306.0016339825655,178.16535657356243,-1.1439859867095947,-0.41304364800453186,-0.4020862579345703
6.721519004569461,0.48693398839479385,307.07979419037,177.70794656883893,-1.0771085023880005,-0.3770626187324524,-0.38486772775650024
6.7666609774944915,0.4838026576244797,307.01465763054375,177.68950527098397,-1.0423275232315063,-0.3570869565010071,-0.3715786337852478
6.789459092381292,0.47907734824282694,309.00647242412253,177.22859080993277,-1.1003303527832031,-0.37983807921409607,-0.40885862708091736
6.98152846557796,0.48082733072422223,308.00649343804423,177.22859080993277,-1.102784514427185,-0.38371601700782776,-0.4223870635032654
7.052772291939346,0.47598123297225176,308.0146100430952,177.22859080993277,-1.2514458894729614,-0.47241514921188354,-0.4611140787601471
7.076842870179495,0.4743827569577134,308.00649343804423,177.22859080993277,-1.2315137386322021,-0.472992479801178,-0.4590049386024475
6.905782631500081,0.47410059135902916,307.01465763054375,177.22859080993277,-1.2537305355072021,-0.4913102984428406,-0.4951741099357605
7.150045638974737,0.469537835683437,308.0146100430952,177.22859080993277,-1.3186383247375488,-0.5224734544754028,-0.5159140825271606
6.492446515826362,0.4721950458153301,309.0582469373694,177.22859080993277,-1.201094627380371,-0.4317992627620697,-0.4983428120613098
6.929525055582472,0.47241620216670094,307.05862632402955,177.22859080993277,-1.2976144552230835,-0.4709502160549164,-0.5231679677963257
7.101077500972865,0.4726597339674098,308.0795351853154,177.22859080993277,-1.1253291368484497,-0.34824901819229126,-0.4298693537712097
6.98152846557796,0.4746338797830112,312.0256399721023,177.22859080993277,-1.0322229862213135,-0.3423307538032532,-0.41870737075805664
7.2466025759871675,0.4746423587689399,309.01456276363416,177.22859080993277,-1.0757437944412231,-0.3524729907512665,-0.4203570485115051
7.271320808565878,0.4730496636808521,309.00647242412253,177.22859080993277,-1.15965735912323,-0.42166441679000854,-0.4269053339958191
7.568831224199261,0.46530550892021316,310.0258053775524,177.22859080993277,-1.181584358215332,-0.4203609526157379,-0.43853020668029785
7.542766124373502,0.4668824181225857,310.0403199585499,177.22859080993277,-1.0163401365280151,-0.34080690145492554,-0.3969799280166626
7.516878934542185,0.4715448564834434,308.0259729308553,177.22859080993277,-1.0458853244781494,-0.3520987629890442,-0.40183311700820923
7.321263954301267,0.46976097723197746,309.0582469373694,177.22859080993277,-1.3584885597229004,-0.507999062538147,-0.5550923347473145
6.929525055582472,0.46935964832213345,309.0582469373694,176.30771889112674,-0.8657533526420593,-0.3172818124294281,-0.36421412229537964
7.17478256277546,0.46786063176989595,308.05843601498725,176.30771889112674,-1.1729018688201904,-0.3995184898376465,-0.44481968879699707
7.199690373091409,0.46621838286565515,308.0795351853154,176.30771889112674,-1.2701388597488403,-0.455853134393692,-0.49814581871032715
6.254559104990563,0.470740633762788,312.00641019056,176.30771889112674,-0.990283191204071,-0.317208468914032,-0.3924397826194763
6.905782631500081,0.4710520016941991,309.0016181187406,176.30771889112674,-1.076310634613037,-0.37927329540252686,-0.39619922637939453
6.756651467627433,0.46611836652943295,310.01451578918045,176.30771889112674,-1.4076098203659058,-0.572201132774353,-0.575465977191925
7.005116708495328,0.47613190791432664,310.0016128990299,176.30771889112674,-1.2258126735687256,-0.4341145157814026,-0.48163360357284546
7.101077500972865,0.47277929754720077,308.00162337234525,176.33716214248554,-1.3082680702209473,-0.4860449433326721,-0.5282029509544373
6.9534305270459695,0.4677806233100355,309.04045042680093,176.30771889112674,-1.2292636632919312,-0.43913930654525757,-0.4671925902366638
6.710327150812811,0.4692827148529277,310.0403199585499,176.30771889112674,-0.955199122428894,-0.32477980852127075,-0.39918652176856995
7.150045638974737,0.4665088439274596,310.01451578918045,176.30771889112674,-1.137546181678772,-0.39730870723724365,-0.4026986062526703
7.199690373091409,0.46330844323652537,310.01451578918045,176.76796713651348,-1.2396657466888428,-0.42432332038879395,-0.47431644797325134
7.595076063365663,0.46372372499822906,310.01451578918045,176.76796713651348,-0.9890648722648621,-0.33753296732902527,-0.3794439733028412
7.449159166602842,0.464812462822431,307.01465763054375,176.76796713651348,-1.2371126413345337,-0.4348720908164978,-0.5042038559913635
7.101077500972865,0.4697291403830652,310.0016128990299,176.76796713651348,-0.9407358169555664,-0.32248494029045105,-0.37605664134025574
7.4232258269694045,0.4694982157474378,305.00655730656024,177.22859080993277,-1.353234052658081,-0.5225478410720825,-0.49335163831710815
7.199690373091409,0.4693842343767291,306.0016339825655,177.22859080993277,-1.3755755424499512,-0.5432543158531189,-0.5550175905227661
7.125477858325317,0.4742403248963038,306.00653587791226,177.22859080993277,-0.9951393008232117,-0.3613903820514679,-0.394631564617157
7.222050972363725,0.4793727074503088,307.0,177.22859080993277,-1.0941749811172485,-0.3849307894706726,-0.40577802062034607
7.633761001608148,0.4781762419906641,307.001628660175,176.76796713651348,-1.0997271537780762,-0.4111599326133728,-0.41837039589881897
7.365192510179134,0.4781281294169317,310.00645154577023,177.22859080993277,-1.1063172817230225,-0.37087517976760864,-0.4068393111228943
7.491167849954386,0.4701192174420338,310.01451578918045,177.22859080993277,-1.2249877452850342,-0.41994205117225647,-0.44751518964767456
7.516878934542185,0.4685031396822288,310.0258053775524,177.22859080993277,-1.3048031330108643,-0.49239015579223633,-0.4861186146736145
7.321263954301267,0.46678937993104463,311.02572240893517,177.22859080993277,-1.18477201461792,-0.4366990923881531,-0.45417410135269165
7.371894228081466,0.46360060216314547,311.02572240893517,177.22859080993277,-1.1982190608978271,-0.4406507909297943,-0.45248478651046753
7.397471459432209,0.4649742734528315,309.04045042680093,176.76796713651348,-1.199690341949463,-0.44057321548461914,-0.4520002007484436
7.397471459432209,0.4649742734528315,309.04045042680093,177.22859080993277,-1.133100986480713,-0.37855327129364014,-0.43669161200523376
7.568831224199261,0.46832646537557504,308.0259729308553,177.22859080993277,-1.2806200981140137,-0.48985663056373596,-0.4990909695625305
7.989737824892005,0.4671354112846373,308.0405817420815,176.76796713651348,-1.3276218175888062,-0.5074096918106079,-0.5265180468559265
7.321263954301267,0.4698101658329491,309.02588888311607,177.22859080993277,-1.2627930641174316,-0.4605466425418854,-0.5000950694084167
7.542766124373502,0.4699529489020819,308.0146100430952,177.22859080993277,-1.2603137493133545,-0.46030378341674805,-0.49898260831832886
7.792499677503914,0.4684728180275511,307.01465763054375,177.22859080993277,-1.1418331861495972,-0.4216589033603668,-0.4451057016849518
7.792499677503914,0.4684728180275511,307.01465763054375,177.22859080993277,-1.204026460647583,-0.46207746863365173,-0.44767528772354126
7.346492321891082,0.46818335212884044,309.04045042680093,177.22859080993277,-1.0425446033477783,-0.3680603802204132,-0.3927306830883026
7.199690373091409,0.46330844323652537,310.01451578918045,177.22859080993277,-0.9747779965400696,-0.3424277901649475,-0.3582267761230469
7.275456917887509,0.45849180926790634,310.0258053775524,176.76796713651348,-1.401909589767456,-0.543254017829895,-0.552402138710022
7.199690373091409,0.4632698828018612,310.0403199585499,176.76796713651348,-1.0583223104476929,-0.37949466705322266,-0.4358719289302826
7.296207362808699,0.47139279644557336,309.04045042680093,176.76796713651348,-1.1819097995758057,-0.4470672607421875,-0.45455074310302734
7.765589086899514,0.46702695873547134,309.02588888311607,176.79375292448162,-1.2912018299102783,-0.5088943243026733,-0.5075606107711792
7.542766124373502,0.4668824181225857,310.0403199585499,176.79375292448162,-1.258219838142395,-0.4437600076198578,-0.505268394947052
7.542766124373502,0.4699529489020819,308.0146100430952,176.33716214248554,-1.256016492843628,-0.4581092894077301,-0.4826418459415436
7.765589086899514,0.46697806153318216,309.0582469373694,176.33716214248554,-1.2883827686309814,-0.4879273772239685,-0.5204440951347351
7.542766124373502,0.4668824181225857,310.0403199585499,176.33716214248554,-0.9792020916938782,-0.33983558416366577,-0.4159645140171051
7.81959629388511,0.4637723018031251,309.0582469373694,176.33716214248554,-1.19071364402771,-0.40475577116012573,-0.45335301756858826
7.4232258269694045,0.46327529372287,309.1035425225664,176.33716214248554,-1.2927005290985107,-0.48307475447654724,-0.5215320587158203
7.321263954301267,0.4696921391393308,309.1035425225664,176.30771889112674,-1.1277467012405396,-0.3845609724521637,-0.44669055938720703
7.659769417634101,0.47647360599661764,307.05862632402955,176.30771889112674,-1.1543006896972656,-0.3981488347053528,-0.44504404067993164
7.465631090046078,0.4747135996558017,308.05843601498725,176.30771889112674,-1.2424393892288208,-0.4464930593967438,-0.4905124604701996
7.321263954301267,0.4696921391393308,309.1035425225664,176.76796713651348,-1.2024234533309937,-0.41243037581443787,-0.4875257909297943
6.191460527224351,0.47230685417733964,314.1289544120376,176.30771889112674,-0.9760686755180359,-0.33736661076545715,-0.39568468928337097
6.812410654822008,0.4712608175480347,313.0782649753892,176.30771889112674,-0.9838496446609497,-0.3473528027534485,-0.39543670415878296
7.296207362808699,0.4653131770709814,313.0782649753892,176.30771889112674,-1.2184096574783325,-0.4325741231441498,-0.43930038809776306
7.346492321891082,0.4620697054674158,313.12936623702353,176.30771889112674,-1.2272748947143555,-0.42967313528060913,-0.48728758096694946
7.346492321891082,0.4620697054674158,313.12936623702353,176.30771889112674,-0.7817817330360413,-0.27281707525253296,-0.34089499711990356
8.073611636882019,0.4593055117280014,310.0580590792634,175.84791905248218,-1.2110507488250732,-0.4061930775642395,-0.46598300337791443
8.272672051666516,0.4580577031843781,311.05787242890995,175.84791905248218,-1.1802031993865967,-0.4312349259853363,-0.44284072518348694
8.101959713235148,0.4577351363893267,310.0403199585499,176.30771889112674,-1.225327730178833,-0.4531487822532654,-0.46711045503616333
7.962163381977063,0.4627562900720734,312.0256399721023,176.30771889112674,-1.2005999088287354,-0.4082479476928711,-0.46604442596435547
8.215217224146402,0.46431107528613613,309.0,176.27779877244845,-1.2080156803131104,-0.4334614872932434,-0.4658324718475342
7.765589086899514,0.46705630443070123,309.00647242412253,176.27779877244845,-1.1805851459503174,-0.421896368265152,-0.4598727822303772
7.371894228081466,0.46660075217370434,309.02588888311607,176.30771889112674,-1.1893720626831055,-0.4218650758266449,-0.5024106502532959
7.052772291939346,0.4728122942056779,310.0790221862808,176.30771889112674,-1.1691868305206299,-0.3979052007198334,-0.44567006826400757
7.4402668980374855,0.4732190665478853,310.0790221862808,176.30771889112674,-1.032728910446167,-0.3754202723503113,-0.3843335509300232
7.542766124373502,0.4668824181225857,310.0403199585499,176.30771889112674,-1.2952897548675537,-0.48686447739601135,-0.48137345910072327
7.346492321891082,0.46818335212884044,309.04045042680093,176.30771889112674,-1.2525969743728638,-0.4698442816734314,-0.47612786293029785
7.738862624804043,0.46860807928314785,309.04045042680093,176.30771889112674,-1.294243574142456,-0.5197478532791138,-0.48282742500305176
7.222050972363725,0.4762599955782315,309.00647242412253,176.33716214248554,-1.0328737497329712,-0.3676580786705017,-0.41562384366989136
7.659769417634101,0.47347011793064464,309.00647242412253,176.33716214248554,-1.0954641103744507,-0.37026941776275635,-0.41665321588516235
7.685954624405454,0.47185416069181246,309.01456276363416,176.33716214248554,-1.3588515520095825,-0.519744873046875,-0.542549729347229
7.712318419502228,0.4702630106565797,309.00647242412253,176.30771889112674,-0.9235356450080872,-0.3146686851978302,-0.3757984936237335
8.102653531461375,0.4737846306322604,307.0,176.27779877244845,-1.1525590419769287,-0.4260237216949463,-0.4088236391544342
8.383639963469772,0.4676568102417418,308.00162337234525,176.30771889112674,-1.2955939769744873,-0.5152931809425354,-0.4909709393978119
8.158549705178624,0.4674751774249403,309.02588888311607,176.30771889112674,-1.1569520235061646,-0.3911755681037903,-0.4438244700431824
7.465631090046078,0.4717011504572389,310.0258053775524,176.30771889112674,-0.9546799659729004,-0.3334354758262634,-0.38537508249282837
7.712318419502228,0.4702334634802378,309.02588888311607,176.30771889112674,-1.0417863130569458,-0.33767443895339966,-0.4011293351650238
7.765589086899514,0.47006896488032435,307.02605752606735,176.30771889112674,-1.3291912078857422,-0.4820388853549957,-0.5397201776504517
7.542766124373502,0.4668824181225857,310.0403199585499,176.30771889112674,-1.0032870769500732,-0.3723765015602112,-0.4137219786643982
7.076842870179495,0.4712929278360211,310.0258053775524,176.30771889112674,-1.0414538383483887,-0.3489007353782654,-0.3883531391620636
7.371894228081466,0.46660075217370434,309.02588888311607,175.84791905248218,-1.2299261093139648,-0.4415912628173828,-0.43887925148010254
7.846880859297962,0.4621961927437235,309.04045042680093,175.84791905248218,-1.2790478467941284,-0.4895382821559906,-0.4860706329345703
7.321263954301267,0.4667411339640695,311.05787242890995,175.84791905248218,-1.153616189956665,-0.38246065378189087,-0.4316475987434387
7.078148555730194,0.47965443429928295,313.0255580619576,176.30771889112674,-0.8759312629699707,-0.34340041875839233,-0.3364371955394745
7.291610191566133,0.4798193374330078,312.01442274356486,176.30771889112674,-0.9617144465446472,-0.3518105447292328,-0.34415584802627563
7.55677887832611,0.4767995510972333,311.0064308016797,176.30771889112674,-1.1305053234100342,-0.40467777848243713,-0.3963955044746399
7.633761001608148,0.47200660953422996,311.01446911679204,176.76796713651348,-1.3694348335266113,-0.5234535932540894,-0.5503221750259399
7.415073540540599,0.47185580769609636,312.0256399721023,176.76796713651348,-0.9023171663284302,-0.337898313999176,-0.3844261169433594
7.962163381977063,0.4657413191202833,310.0258053775524,176.30771889112674,-1.276629090309143,-0.45131605863571167,-0.4827502369880676
7.595076063365663,0.4636851300003156,310.0403199585499,176.30771889112674,-1.2231783866882324,-0.4408292770385742,-0.4727003574371338
7.595076063365663,0.4636851300003156,310.0403199585499,176.30771889112674,-0.8552724123001099,-0.3240734934806824,-0.3389768600463867
7.846880859297962,0.4621961927437235,309.04045042680093,176.30771889112674,-1.1222560405731201,-0.3783131241798401,-0.39802104234695435
7.846880859297962,0.4592246405292063,311.0401903291599,176.30771889112674,-1.1088297367095947,-0.354299932718277,-0.39259371161460876
7.595076063365663,0.4636851300003156,310.0403199585499,176.30771889112674,-1.1667354106903076,-0.4032119810581207,-0.424295574426651
7.846880859297962,0.4621961927437235,309.04045042680093,176.33716214248554,-1.3684427738189697,-0.5309277772903442,-0.5675687193870544
7.6215024962329,0.462108266059871,310.0258053775524,176.76796713651348,-1.3099968433380127,-0.4945146441459656,-0.5390260815620422
7.6215024962329,0.462108266059871,310.0258053775524,176.76796713651348,-1.1767818927764893,-0.40347719192504883,-0.4319615364074707
7.648112402600888,0.4604882337873189,310.0403199585499,176.76796713651348,-1.1812822818756104,-0.40775126218795776,-0.4371111989021301
7.674907688144602,0.4588636810786004,310.0580590792634,176.30771889112674,-1.1589632034301758,-0.3965088725090027,-0.43751105666160583
7.17478256277546,0.46186465040900937,312.05768697470023,176.76796713651348,-1.0743025541305542,-0.35480186343193054,-0.4133215546607971
7.17478256277546,0.46186465040900937,312.05768697470023,176.30771889112674,-1.2115651369094849,-0.4113318920135498,-0.43701308965682983
7.250025746685287,0.4571216935137227,312.04006153056696,176.33716214248554,-1.2128959894180298,-0.43411701917648315,-0.46406155824661255
7.4752733395528566,0.45722415551095363,311.02572240893517,176.33716214248554,-1.2779593467712402,-0.49065083265304565,-0.46715402603149414
7.674907688144602,0.45891141920875306,310.0258053775524,176.33716214248554,-1.3042564392089844,-0.5006365180015564,-0.4911467134952545
7.050716769642207,0.4583910786322323,311.0401903291599,176.33716214248554,-1.0312546491622925,-0.3418049216270447,-0.41877374053001404
7.449159166602842,0.45879678439894434,311.0401903291599,176.33716214248554,-1.0345823764801025,-0.3456364870071411,-0.3870663344860077
7.674907688144602,0.45891141920875306,310.0258053775524,176.33716214248554,-1.3026881217956543,-0.5226672291755676,-0.48265576362609863
7.846880859297962,0.4592626188731051,311.01446911679204,176.33716214248554,-1.243167519569397,-0.4584542214870453,-0.48058468103408813
8.272672051666516,0.4610986089754216,309.00647242412253,176.33716214248554,-1.3442858457565308,-0.5524479150772095,-0.5188546180725098
8.243845209606027,0.4626878072656279,309.01456276363416,176.33716214248554,-1.3702046871185303,-0.581661581993103,-0.5375339388847351
7.371894228081466,0.46360060216314547,311.02572240893517,176.79375292448162,-0.9475706219673157,-0.35232359170913696,-0.4009544849395752
6.803616935967246,0.4599481359199434,312.01442274356486,176.79375292448162,-1.0199445486068726,-0.3225005269050598,-0.3758832812309265
7.674907688144602,0.45891141920875306,310.0258053775524,176.79375292448162,-1.3749674558639526,-0.5327669382095337,-0.535807192325592
7.250025746685287,0.4600126779372921,310.0790221862808,176.79375292448162,-1.2844042778015137,-0.521666407585144,-0.5257411003112793
7.449159166602842,0.4617075597200637,309.0792778560219,176.33716214248554,-0.9193869829177856,-0.32404857873916626,-0.3447588086128235
7.4752733395528566,0.46013486026314476,309.0582469373694,176.33716214248554,-1.200913667678833,-0.4237286150455475,-0.44078248739242554
7.4752733395528566,0.46013486026314476,309.0582469373694,176.33716214248554,-1.1768981218338013,-0.41686224937438965,-0.43098965287208557
7.674907688144602,0.46184218869207244,308.05843601498725,176.33716214248554,-1.1996756792068481,-0.42915821075439453,-0.4317931532859802
7.701890284857707,0.4602021896185219,308.0795351853154,176.33716214248554,-1.3117965459823608,-0.482255220413208,-0.5132452249526978
8.04545997258908,0.4639208141065383,308.0405817420815,176.33716214248554,-0.9752308130264282,-0.3375224471092224,-0.37181028723716736
8.130506250239849,0.45912152937159556,308.0259729308553,176.79375292448162,-1.2381681203842163,-0.48003625869750977,-0.45813798904418945
8.04545997258908,0.46087102718234346,310.0790221862808,176.33716214248554,-1.1489239931106567,-0.38867390155792236,-0.4276503622531891
7.8805633770048065,0.4675345305066283,312.01442274356486,176.30771889112674,-0.9469012022018433,-0.349427729845047,-0.3558949828147888
8.130506181072684,0.46607763969569677,311.01446911679204,176.30771889112674,-1.1100318431854248,-0.38532736897468567,-0.4090670943260193
8.073611636882019,0.4593055117280014,310.0580590792634,176.76796713651348,-1.293223261833191,-0.4687767028808594,-0.5066394805908203
7.81959629388511,0.45784769041070544,313.05750270517393,176.30771889112674,-1.1044681072235107,-0.364155113697052,-0.4801297187805176
7.712318419502228,0.46425350669247534,313.0063897111367,176.30771889112674,-1.137243390083313,-0.3755730092525482,-0.46628403663635254
7.765589086899514,0.4640528515328759,311.0064308016797,176.27779877244845,-1.2094709873199463,-0.4351179599761963,-0.46808958053588867
7.874355323428398,0.4576535218041682,311.02572240893517,176.76796713651348,-1.3211030960083008,-0.5143753886222839,-0.5179746150970459
7.792499677503914,0.4624480084492763,311.01446911679204,176.30771889112674,-0.8681151270866394,-0.31415480375289917,-0.34301990270614624
7.846880859297962,0.4592626188731051,311.01446911679204,176.7417632776689,-1.2413649559020996,-0.462747186422348,-0.45333194732666016
7.250025746685287,0.4571592560263573,312.01442274356486,176.27779877244845,-1.1879229545593262,-0.44733771681785583,-0.4492601752281189
7.224770837196825,0.4616915615932642,310.0258053775524,176.30771889112674,-1.057523250579834,-0.36185282468795776,-0.37940943241119385
7.397471459432209,0.46501322662457123,309.01456276363416,176.30771889112674,-1.3546719551086426,-0.5703145265579224,-0.5251578688621521
7.449159166602842,0.4617655680406996,309.04045042680093,176.30771889112674,-1.3008739948272705,-0.5187801122665405,-0.5052581429481506
7.648112402600888,0.4604882337873189,310.0403199585499,176.33716214248554,-1.2380083799362183,-0.4505702555179596,-0.4805237352848053
7.648112402600888,0.4604882337873189,310.0403199585499,176.33716214248554,-1.1252704858779907,-0.40111660957336426,-0.4226275384426117
7.449159166602842,0.4617655680406996,309.04045042680093,176.33716214248554,-1.1285746097564697,-0.4039831757545471,-0.4283077120780945
7.81959629388511,0.46382086333079714,309.02588888311607,176.33716214248554,-1.1204864978790283,-0.37786865234375,-0.40021640062332153
8.243845209606027,0.4657017731944743,307.01465763054375,176.30771889112674,-1.1857911348342896,-0.43953531980514526,-0.4039575159549713
8.243845209606027,0.4626878072656279,309.01456276363416,176.30771889112674,-1.2423750162124634,-0.5002102255821228,-0.46567773818969727
6.899525050325582,0.46237815923809367,306.08005488760614,176.30771889112674,-1.248240351676941,-0.4743189215660095,-0.4816744327545166
6.851236893930414,0.4655422867414008,306.13232433050905,176.30771889112674,-1.260242223739624,-0.4669565260410309,-0.47935518622398376
6.651590810064221,0.4638357934126787,307.13189349203054,176.30771889112674,-0.948599636554718,-0.3231426775455475,-0.37068265676498413
6.251818943848472,0.4634699652092343,307.13189349203054,176.33716214248554,-1.258488655090332,-0.44543489813804626,-0.4963919222354889
6.429259786523562,0.46379995479117286,308.1038785864274,176.30771889112674,-0.9248045682907104,-0.32857799530029297,-0.35426169633865356
6.851236893930414,0.4625998355635694,308.0795351853154,176.30771889112674,-0.9308875799179077,-0.34834927320480347,-0.367331326007843
7.224770837196825,0.4646400860421798,308.05843601498725,176.30771889112674,-1.1880050897598267,-0.40389975905418396,-0.45394763350486755
7.17478256277546,0.46786063176989595,308.05843601498725,176.30771889112674,-1.1412835121154785,-0.3607339560985565,-0.45249930024147034
7.371894228081466,0.46959016887823574,307.05862632402955,176.30771889112674,-1.2726876735687256,-0.497245728969574,-0.4779091477394104
7.397471459432209,0.46800262112008195,307.04071391266666,176.30771889112674,-1.257593035697937,-0.4761475622653961,-0.4913090765476227
7.17478256277546,0.46786063176989595,308.05843601498725,176.30771889112674,-1.028581976890564,-0.3271658420562744,-0.4201635420322418
7.271320808565878,0.472970416754934,309.0582469373694,176.30771889112674,-1.074234962463379,-0.3444579243659973,-0.4016806483268738
7.516878934542185,0.47149516526090673,308.05843601498725,176.30771889112674,-1.1655243635177612,-0.40556955337524414,-0.4134348928928375
7.934777431188141,0.470290973389337,308.0795351853154,176.30771889112674,-1.2051492929458618,-0.43256789445877075,-0.4516807496547699
7.934777431188141,0.46725838937800773,310.0790221862808,175.88100825030497,-0.9878760576248169,-0.3593809902667999,-0.3846748471260071
7.595076063365663,0.4636272555678168,310.0790221862808,175.88100825030497,-1.0228444337844849,-0.37430161237716675,-0.39001670479774475
8.04545997258908,0.46087102718234346,310.0790221862808,176.33716214248554,-1.3686845302581787,-0.5414950847625732,-0.5444446802139282
7.81959629388511,0.4607909565417652,311.05787242890995,176.33716214248554,-1.081691026687622,-0.3901500105857849,-0.4216974675655365
8.32604454154192,0.46477508147370616,312.04006153056696,176.33716214248554,-1.001186490058899,-0.36781781911849976,-0.39797505736351013
8.32604454154192,0.46477508147370616,312.04006153056696,176.30771889112674,-1.094717264175415,-0.3733068108558655,-0.40334153175354004
7.989737824892005,0.4611480434422926,312.04006153056696,176.30771889112674,-1.3383909463882446,-0.5254162549972534,-0.5299935936927795
7.792499677503914,0.4624097666922108,311.0401903291599,176.30771889112674,-1.0446503162384033,-0.3702671527862549,-0.417240709066391
7.792499677503914,0.4624097666922108,311.0401903291599,176.30771889112674,-1.0548069477081299,-0.376956045627594,-0.418644517660141
8.731160688176553,0.45542875564736696,311.0064308016797,176.76796713651348,-1.2166789770126343,-0.4403976798057556,-0.44636988639831543
9.130535496209642,0.45887876572168607,309.00647242412253,176.76796713651348,-1.2203484773635864,-0.4577461779117584,-0.44627657532691956
9.227722388037945,0.4540747650629393,309.01456276363416,176.76796713651348,-1.3036315441131592,-0.5142327547073364,-0.510593831539154
8.501237377923376,0.45823894933397413,310.01451578918045,176.76796713651348,-1.1399927139282227,-0.3899603486061096,-0.48220548033714294
7.846880859297962,0.4592626188731051,311.01446911679204,176.33716214248554,-1.099482774734497,-0.3630391061306,-0.4432446360588074
7.934777431188141,0.4643600228975494,312.01442274356486,175.88100825030497,-1.1215991973876953,-0.36245423555374146,-0.44206827878952026
8.215217224146402,0.46430134986462396,309.00647242412253,176.33716214248554,-1.242626428604126,-0.42776066064834595,-0.48891764879226685
8.130506250239849,0.45912152937159556,308.0259729308553,175.88100825030497,-1.357686996459961,-0.5310152769088745,-0.5466595888137817
8.159253324876387,0.457531539666211,308.0146100430952,175.84791905248218,-1.1370291709899902,-0.41792693734169006,-0.4270268976688385
8.130506250239849,0.45912152937159556,308.0259729308553,175.84791905248218,-1.1612355709075928,-0.41952237486839294,-0.435692697763443
7.792499677503914,0.4624097666922108,311.0401903291599,176.30771889112674,-0.9571884870529175,-0.3336222767829895,-0.395870566368103
7.595076063365663,0.4636851300003156,310.0403199585499,176.33716214248554,-1.0422751903533936,-0.3386908173561096,-0.38975363969802856
7.250025746685287,0.46007010116329566,310.0403199585499,176.33716214248554,-1.3143473863601685,-0.4957195818424225,-0.5283375382423401
7.397471459432209,0.46198486039910175,311.0401903291599,176.76796713651348,-1.1046383380889893,-0.37165313959121704,-0.41624870896339417
7.792499677503914,0.4624097666922108,311.0401903291599,176.30771889112674,-1.2972842454910278,-0.5246925950050354,-0.4976896643638611
7.199690373091409,0.46030096901499257,312.04006153056696,176.30771889112674,-1.1706287860870361,-0.3869234621524811,-0.4552527368068695
7.346492321891082,0.46521177756802345,311.01446911679204,176.30771889112674,-1.1393787860870361,-0.37144777178764343,-0.4390340745449066
7.792499677503914,0.46544091822944555,309.01456276363416,176.33716214248554,-1.313372254371643,-0.4867028295993805,-0.5130565166473389
7.648112402600888,0.4634776318437093,308.0405817420815,176.76796713651348,-1.381049394607544,-0.5198458433151245,-0.5530258417129517
7.4232258269694045,0.4633431913624785,309.0582469373694,176.33716214248554,-0.8472294807434082,-0.3194713890552521,-0.3288377523422241
7.026142109014679,0.4629362987767331,309.0582469373694,176.33716214248554,-0.9768952131271362,-0.33322611451148987,-0.36793166399002075
7.17478256277546,0.4648433100788723,310.0580590792634,176.33716214248554,-1.0295579433441162,-0.34850233793258667,-0.38294416666030884
7.962163381977063,0.4657413191202833,310.0258053775524,176.79375292448162,-1.2278807163238525,-0.4653489589691162,-0.4483354985713959
7.595076063365663,0.4636851300003156,310.0403199585499,176.79375292448162,-1.3198935985565186,-0.5113152265548706,-0.5150448083877563
7.516878934542185,0.4684544037760759,310.0580590792634,176.79375292448162,-0.9038395881652832,-0.3064511716365814,-0.36870723962783813
6.858780330701087,0.4741457508394876,309.0792778560219,175.88100825030497,-1.0526247024536133,-0.35306698083877563,-0.4223683774471283
6.6646310057469345,0.4754933175639731,308.0795351853154,175.88100825030497,-1.1666948795318604,-0.4112622141838074,-0.4226992130279541
6.687401354378932,0.4738439214729508,308.1038785864274,175.88100825030497,-1.1757618188858032,-0.4108127951622009,-0.4397137761116028
6.858780330701087,0.4741457508394876,309.0792778560219,175.88100825030497,-1.2869927883148193,-0.5072128772735596,-0.4600995182991028
7.224770837196825,0.4646400860421798,308.05843601498725,175.88100825030497,-1.195479393005371,-0.4296172559261322,-0.44426947832107544
7.275456917887509,0.4614198989747851,308.05843601498725,176.33716214248554,-1.331351399421692,-0.5209624767303467,-0.5071967840194702
6.318952091319249,0.4689167980261014,310.0403199585499,175.88100825030497,-1.1489291191101074,-0.38608843088150024,-0.46457505226135254
6.905782631500081,0.46796470446674865,311.0401903291599,175.84791905248218,-1.0854096412658691,-0.379059374332428,-0.40749725699424744
7.271320808565878,0.4699785172954861,311.02572240893517,176.30771889112674,-1.110775113105774,-0.38768041133880615,-0.3936488628387451
7.397471459432209,0.46198486039910175,311.0401903291599,176.33716214248554,-1.3129894733428955,-0.48657673597335815,-0.5121564865112305
7.568831224199261,0.46232327306653703,312.0256399721023,176.33716214248554,-1.1973291635513306,-0.4529326558113098,-0.46737033128738403
7.371894228081466,0.46360060216314547,311.02572240893517,176.33716214248554,-1.3526219129562378,-0.5489646792411804,-0.5215827226638794
7.371894228081466,0.46360060216314547,311.02572240893517,176.33716214248554,-1.3462918996810913,-0.517457127571106,-0.5070313215255737
7.792499677503914,0.4684728180275511,307.01465763054375,176.76796713651348,-1.2969399690628052,-0.48698288202285767,-0.5034087896347046
8.215217224146402,0.46732598639653455,307.00651458886017,176.76796713651348,-1.2743645906448364,-0.4826327860355377,-0.4792264997959137
7.4752733395528566,0.4631804688192613,307.02605752606735,176.76796713651348,-1.2991644144058228,-0.4957992434501648,-0.5208391547203064
7.6215024962329,0.46510846468779876,308.0259729308553,176.76796713651348,-1.1498262882232666,-0.39731818437576294,-0.4343501627445221
7.648112402600888,0.46351671213766144,308.0146100430952,176.76796713651348,-1.3098387718200684,-0.4851980209350586,-0.5258469581604004
7.648112402600888,0.46351671213766144,308.0146100430952,176.76796713651348,-1.2900779247283936,-0.4895145297050476,-0.5145620703697205
7.874355323428398,0.4606151858138061,309.02588888311607,176.76796713651348,-1.2854032516479492,-0.4908684194087982,-0.5091887712478638
8.471532022672537,0.46280270013268754,308.0259729308553,176.76796713651348,-1.2384002208709717,-0.475677490234375,-0.4878629148006439
8.073611636882019,0.4623356080421501,308.0259729308553,176.76796713651348,-1.345611810684204,-0.523894727230072,-0.5471218824386597
8.186786058946147,0.46589069575399056,309.01456276363416,176.79375292448162,-1.110419511795044,-0.4063444137573242,-0.39532288908958435
8.731160688176553,0.4583763914853619,309.00647242412253,177.25070888384357,-1.3006759881973267,-0.5275370478630066,-0.47355833649635315
8.360366503513914,0.4562834360359028,309.01456276363416,176.76796713651348,-1.2932345867156982,-0.49335360527038574,-0.47359657287597656
8.412735408675807,0.46303687240648084,310.00645154577023,176.76796713651348,-1.1321595907211304,-0.3861461877822876,-0.4209991991519928
8.761967772366997,0.45676515916824395,309.01456276363416,176.76796713651348,-1.274259328842163,-0.4744725823402405,-0.4801292419433594
8.792991339072234,0.45514937833102237,309.02588888311607,176.76796713651348,-1.2735449075698853,-0.47375208139419556,-0.48585647344589233
8.824233659697597,0.4535291021560801,309.04045042680093,176.76796713651348,-1.2240219116210938,-0.45635175704956055,-0.47114571928977966
8.824233659697597,0.4535291021560801,309.04045042680093,176.30771889112674,-1.2171151638031006,-0.4538101255893707,-0.45744481682777405
8.501237377923376,0.45814362091308053,310.0790221862808,176.30771889112674,-1.0122113227844238,-0.32388120889663696,-0.4066507816314697
8.215217224146402,0.461239322272023,311.05787242890995,176.76796713651348,-0.988233745098114,-0.34061866998672485,-0.3755348324775696
8.700567846183008,0.45986744649722755,309.0792778560219,176.30771889112674,-1.2796664237976074,-0.47019726037979126,-0.5029605627059937
7.902021662845316,0.4559833789731456,311.07876816009156,176.30771889112674,-1.2586278915405273,-0.45173579454421997,-0.494304358959198
7.701890284857707,0.45723466125590434,310.0790221862808,176.30771889112674,-1.2094626426696777,-0.4420051574707031,-0.4425526559352875
7.902021662845316,0.4559833789731456,311.07876816009156,176.30771889112674,-1.1534202098846436,-0.4210803508758545,-0.4058563709259033
8.33093059135593,0.457819629891817,309.0582469373694,176.30771889112674,-1.2980763912200928,-0.5037677884101868,-0.486514151096344
7.449159166602842,0.458664058129255,311.1301978272119,176.30771889112674,-1.0667389631271362,-0.36561161279678345,-0.3929589092731476
7.846880859297962,0.45916769067502683,311.07876816009156,176.30771889112674,-0.9791584014892578,-0.33437591791152954,-0.3641637861728668
7.275456917887509,0.4614198989747851,308.05843601498725,176.76796713651348,-1.21125328540802,-0.4328390955924988,-0.4531420171260834
7.449159166602842,0.4617075597200637,309.0792778560219,176.76796713651348,-1.3245640993118286,-0.517491340637207,-0.45388680696487427
7.929881881462817,0.4573620446599616,309.0582469373694,176.76796713651348,-1.2136307954788208,-0.45193737745285034,-0.43383970856666565
7.729062151505656,0.45862533257982924,308.05843601498725,176.79375292448162,-1.2780402898788452,-0.5048040747642517,-0.46834152936935425
8.101959713235148,0.4577351363893267,310.0403199585499,176.79375292448162,-0.9223243594169617,-0.3271559178829193,-0.3429376780986786
8.33093059135593,0.45786756811611234,309.02588888311607,176.79375292448162,-1.0271120071411133,-0.34097373485565186,-0.33510178327560425
8.792991339072234,0.45517797769705626,309.00647242412253,176.76796713651348,-1.069839596748352,-0.3479119539260864,-0.35812002420425415
9.090637583633507,0.4521043621008793,308.00162337234525,177.25070888384357,-1.3714593648910522,-0.5786350965499878,-0.5486788153648376
9.195099630365593,0.45569342299410126,309.0,177.25070888384357,-0.8077942728996277,-0.31170880794525146,-0.33020949363708496
9.162704786261475,0.45728843303785255,309.0016181187406,177.25070888384357,-1.1020991802215576,-0.38733282685279846,-0.41291338205337524
9.227722388037945,0.45409378708814946,309.0016181187406,177.25070888384357,-1.3233097791671753,-0.5275571346282959,-0.4999926686286926
8.837792804071963,0.46193319162150653,310.0016128990299,177.2724765268596,-0.8151416778564453,-0.3205046057701111,-0.32316774129867554
8.86863261226936,0.4603323262889187,310.00645154577023,177.2724765268596,-1.199721097946167,-0.43158870935440063,-0.48483943939208984
8.186786058946147,0.4599373715135984,313.01437666663173,177.2724765268596,-1.0261768102645874,-0.36951959133148193,-0.4092174470424652
7.674907688144602,0.45309393765474226,314.00636936215164,177.2724765268596,-1.450889229774475,-0.6158474683761597,-0.5743448138237
7.528051759453333,0.451172623321271,313.0,177.2939019920036,-1.382261872291565,-0.5510324239730835,-0.5505267381668091
8.188203043003943,0.45299533864392294,310.00645154577023,177.2939019920036,-1.186766266822815,-0.4732828140258789,-0.462254136800766
8.591607364668882,0.4534659832785472,310.00645154577023,177.2939019920036,-1.1983845233917236,-0.46939510107040405,-0.46394234895706177
8.449926714937387,0.44858987440450937,311.0064308016797,176.84410962813365,-1.3136875629425049,-0.5117902159690857,-0.5296996831893921
8.855697037272224,0.44907359769232885,311.0064308016797,176.86869944952446,-1.2699837684631348,-0.5164903998374939,-0.5167575478553772
8.983808315461014,0.44272977693030197,311.0,177.31499327534868,-1.2874205112457275,-0.5069734454154968,-0.5131720304489136
8.824233659697597,0.4506691751388978,311.00160771288625,177.7615432035041,-1.1192376613616943,-0.3891759514808655,-0.3934495449066162
8.246718980571606,0.44980271527683535,310.00645154577023,177.31499327534868,-1.3859319686889648,-0.5326492190361023,-0.5398989319801331
7.729062151505656,0.45571497670088995,310.0258053775524,176.86869944952446,-1.2024990320205688,-0.36224350333213806,-0.4472532272338867
7.250025746685287,0.46007010116329566,310.0403199585499,176.86869944952446,-1.0913265943527222,-0.31034737825393677,-0.3894518315792084
7.449159166602842,0.45879678439894434,311.0401903291599,176.86869944952446,-1.091697335243225,-0.3342953622341156,-0.3697526454925537
7.846880859297962,0.4592246405292063,311.0401903291599,176.86869944952446,-1.1131905317306519,-0.3557955026626587,-0.36337557435035706
7.874355323428398,0.45760622009241486,311.05787242890995,176.86869944952446,-1.2279309034347534,-0.40001583099365234,-0.41056856513023376
8.442032068753473,0.45837764797780234,312.07851576165893,177.31499327534868,-1.0932252407073975,-0.35957175493240356,-0.3570639491081238
9.035357834560267,0.460583352471527,311.07876816009156,177.31499327534868,-1.2201411724090576,-0.4631759524345398,-0.3918214738368988
9.035357834560267,0.460583352471527,311.07876816009156,177.31499327534868,-1.0855804681777954,-0.38043612241744995,-0.3652501404285431
8.807165078114156,0.4634426195427863,310.0580590792634,177.2939019920036,-1.17413330078125,-0.4183235168457031,-0.4106220602989197
8.746537250840229,0.46656211972854095,310.1032086257735,177.7260954303383,-1.2267423868179321,-0.4371558725833893,-0.4629908502101898
8.776747271608942,0.4650048349985449,310.0790221862808,177.7260954303383,-1.0952690839767456,-0.35542768239974976,-0.39815783500671387
9.232706796231914,0.46238202577801996,310.0403199585499,177.70794656883893,-1.1202669143676758,-0.4326280951499939,-0.39711862802505493
9.0668643005208,0.45902688812530384,311.05787242890995,177.25070888384357,-1.3140571117401123,-0.5092304944992065,-0.4923270344734192
8.471532022672537,0.45682339496714525,312.05768697470023,177.25070888384357,-1.0922644138336182,-0.38401129841804504,-0.419238418340683
8.243845209606027,0.4596745851716443,311.0401903291599,177.25070888384357,-1.09730064868927,-0.3718070089817047,-0.41028347611427307
8.301699814653642,0.45649301755748073,311.0401903291599,176.79375292448162,-1.2370517253875732,-0.43983960151672363,-0.4676345884799957
8.101959713235148,0.4577351363893267,310.0403199585499,177.25070888384357,-0.8959612846374512,-0.2902958393096924,-0.33180591464042664
8.272672051666516,0.4581050515649093,311.02572240893517,176.33716214248554,-0.936901867389679,-0.3173507750034332,-0.3531985878944397
8.89968669505716,0.4586886931660361,310.0403199585499,176.33716214248554,-1.2147109508514404,-0.43626323342323303,-0.4460979402065277
8.33093059135593,0.45487655118955567,311.05787242890995,176.33716214248554,-1.1856968402862549,-0.4340183734893799,-0.44233641028404236
8.301699814653642,0.45649301755748073,311.0401903291599,176.33716214248554,-1.185836911201477,-0.4310940206050873,-0.4403380751609802
8.792991339072234,0.45222285837612675,311.02572240893517,176.79375292448162,-1.186206579208374,-0.440852552652359,-0.4404682219028473
8.855697037272224,0.448999331523282,311.05787242890995,176.79375292448162,-1.1936107873916626,-0.4369753301143646,-0.45044857263565063
8.792991339072234,0.45222285837612675,311.02572240893517,176.79375292448162,-0.8740517497062683,-0.32444000244140625,-0.34727829694747925
8.61005282555001,0.46175736355441016,311.02572240893517,176.79375292448162,-1.1264262199401855,-0.4149344563484192,-0.4224035143852234
8.471532022672537,0.4598173749207042,310.0258053775524,176.79375292448162,-1.316450834274292,-0.5001882910728455,-0.5071655511856079
8.471532022672537,0.4598173749207042,310.0258053775524,176.79375292448162,-1.21449613571167,-0.4470179080963135,-0.4657384753227234
7.874355323428398,0.4576535218041682,311.02572240893517,176.81913055431212,-1.211973786354065,-0.4388422966003418,-0.46977806091308594
8.073611636882019,0.4593532958242435,310.0258053775524,176.81913055431212,-1.2070645093917847,-0.42548471689224243,-0.45382627844810486
8.101959713235148,0.45777323613739035,310.01451578918045,176.81913055431212,-1.2073471546173096,-0.43220552802085876,-0.4562113881111145
8.101959713235148,0.45777323613739035,310.01451578918045,177.2724765268596,-1.2776153087615967,-0.5039514899253845,-0.4812881052494049
7.902021662845316,0.45902933040050686,309.01456276363416,177.2724765268596,-1.1706374883651733,-0.39994338154792786,-0.44624680280685425
7.648112402600888,0.4604882337873189,310.0403199585499,176.81913055431212,-1.2347781658172607,-0.4654964506626129,-0.46823668479919434
7.846880859297962,0.4592246405292063,311.0401903291599,176.81913055431212,-0.9618933796882629,-0.3454118072986603,-0.36054539680480957
7.902021662845316,0.4560776488475262,311.01446911679204,176.81913055431212,-1.2452011108398438,-0.5015180706977844,-0.4705595374107361
7.874355323428398,0.4576535218041682,311.02572240893517,176.79375292448162,-1.2301033735275269,-0.4802769720554352,-0.4799872934818268
7.674907688144602,0.45597016435191356,312.0256399721023,176.79375292448162,-1.078351616859436,-0.3830086290836334,-0.43439215421676636
7.874355323428398,0.4576535218041682,311.02572240893517,176.79375292448162,-1.2307484149932861,-0.44287341833114624,-0.48226505517959595
7.4752733395528566,0.46018304091486256,309.02588888311607,176.79375292448162,-1.2190237045288086,-0.4418222904205322,-0.4817203879356384
7.874355323428398,0.4606151858138061,309.02588888311607,176.33716214248554,-1.1315205097198486,-0.41851621866226196,-0.3927597105503082
8.301699814653642,0.45948538409377687,309.01456276363416,176.79375292448162,-1.3178070783615112,-0.5260853171348572,-0.4766855835914612
8.731160688176553,0.4583763914853619,309.00647242412253,176.79375292448162,-1.2987754344940186,-0.5201124548912048,-0.4717784821987152
8.501237377923376,0.46121424555368773,308.0146100430952,177.25070888384357,-1.3742859363555908,-0.5400776267051697,-0.542582631111145
8.442032068753473,0.46139100893504453,310.0403199585499,176.79375292448162,-1.0539010763168335,-0.3459916114807129,-0.3998020887374878
8.243845209606027,0.46264904888933583,309.04045042680093,176.33716214248554,-1.0574123859405518,-0.31811413168907166,-0.36313825845718384
8.442032068753473,0.46139100893504453,310.0403199585499,176.33716214248554,-1.2374967336654663,-0.426030695438385,-0.4638332426548004
8.471532022672537,0.45976954254876573,310.0580590792634,176.33716214248554,-1.2134602069854736,-0.4231795370578766,-0.4618777334690094
8.158549705178624,0.4644213988527299,311.05787242890995,176.79375292448162,-1.0752092599868774,-0.36571019887924194,-0.42091336846351624
7.765589086899514,0.46397610814895013,311.05787242890995,176.79375292448162,-1.0779855251312256,-0.37999460101127625,-0.42559880018234253
7.765589086899514,0.46397610814895013,311.05787242890995,176.79375292448162,-1.106698751449585,-0.38108551502227783,-0.42507442831993103
7.568831224199261,0.462275794424914,312.05768697470023,176.79375292448162,-1.0259664058685303,-0.3268465995788574,-0.3841715157032013
7.568831224199261,0.462275794424914,312.05768697470023,176.79375292448162,-0.9517110586166382,-0.3268558382987976,-0.3493763506412506
8.04545997258908,0.46087102718234346,310.0790221862808,176.33716214248554,-1.2360951900482178,-0.44510316848754883,-0.4723305106163025
7.792499677503914,0.4623524218407805,311.07876816009156,176.33716214248554,-1.2118866443634033,-0.4307917058467865,-0.4661034643650055
7.989737824892005,0.46412242080867766,310.0403199585499,176.33716214248554,-1.108492136001587,-0.3564339578151703,-0.4118853509426117
7.989737824892005,0.46412242080867766,310.0403199585499,176.33716214248554,-1.3316582441329956,-0.5006574988365173,-0.5126290917396545
7.792499677503914,0.4624097666922108,311.0401903291599,176.33716214248554,-1.226170301437378,-0.45547741651535034,-0.4853922426700592
7.792499677503914,0.4654019292308872,309.04045042680093,176.33716214248554,-1.2379909753799438,-0.46751198172569275,-0.47421255707740784
7.792499677503914,0.4654019292308872,309.04045042680093,176.33716214248554,-1.1819887161254883,-0.4024282395839691,-0.47368893027305603
7.765589086899514,0.46697806153318216,309.0582469373694,175.88100825030497,-1.0365750789642334,-0.3403690457344055,-0.40036898851394653
8.158549705178624,0.4674262332946537,309.0582469373694,176.33716214248554,-1.0397906303405762,-0.340004563331604,-0.3914596140384674
8.412735408675807,0.4658961724380214,308.1038785864274,176.30771889112674,-1.2524354457855225,-0.4092109799385071,-0.4812864661216736
8.272672051666516,0.46095380672936676,309.1035425225664,176.30771889112674,-1.2555789947509766,-0.43643370270729065,-0.4823168218135834
8.272672051666516,0.46095380672936676,309.1035425225664,176.79375292448162,-0.9991461038589478,-0.3513498902320862,-0.3908533453941345
8.855697037272224,0.4547797429082286,307.1042168385188,175.88100825030497,-1.2819321155548096,-0.470644474029541,-0.4863494038581848
8.591607364668882,0.4563334872062692,308.05843601498725,175.88100825030497,-1.149170160293579,-0.3918735384941101,-0.42402392625808716
8.33093059135593,0.45786756811611234,309.02588888311607,175.88100825030497,-1.190605878829956,-0.4030153155326843,-0.4491061270236969
8.561272867914267,0.4580035659895368,308.0146100430952,176.33716214248554,-1.2621803283691406,-0.46393442153930664,-0.4735696315765381
8.561272867914267,0.45796495052320885,308.0405817420815,176.33716214248554,-1.3267872333526611,-0.5009860992431641,-0.5145115256309509
8.561272867914267,0.45796495052320885,308.0405817420815,176.33716214248554,-1.0422046184539795,-0.341082364320755,-0.4027058184146881
8.731160688176553,0.4583763914853619,309.00647242412253,175.88100825030497,-1.0564062595367432,-0.35778743028640747,-0.34936267137527466
8.89968669505716,0.45874596541802287,310.0016128990299,176.33716214248554,-1.0956324338912964,-0.3712829351425171,-0.37227967381477356
8.930957274852275,0.45715493370096794,310.0,176.33716214248554,-1.2573199272155762,-0.4830113351345062,-0.4351314902305603
9.130535496209642,0.4588883775598186,309.0,176.33716214248554,-1.2387315034866333,-0.46989139914512634,-0.4319539964199066
9.297271600873245,0.4592560485595533,310.0016128990299,176.33716214248554,-1.2735000848770142,-0.5097825527191162,-0.4703595042228699
8.501237377923376,0.45823894933397413,310.01451578918045,176.33716214248554,-1.0922932624816895,-0.3414876163005829,-0.4355364441871643
8.776747271608942,0.46212044713596445,312.01442274356486,175.84791905248218,-1.055199384689331,-0.34472835063934326,-0.40446656942367554
9.397227353335573,0.46279238162578784,311.0064308016797,175.84791905248218,-1.3135225772857666,-0.4896087646484375,-0.4834895730018616
9.429835346241152,0.4611944258507393,311.01446911679204,176.30771889112674,-1.3266667127609253,-0.5120309591293335,-0.5079506635665894
9.200756660111967,0.4610217817761064,312.0256399721023,176.30771889112674,-0.9762712717056274,-0.3630214333534241,-0.3738739490509033
8.807165078114156,0.4605202288049651,312.0256399721023,176.33716214248554,-1.0429127216339111,-0.3451751172542572,-0.378432959318161
8.776747271608942,0.46212044713596445,312.01442274356486,176.76796713651348,-1.1477259397506714,-0.3882063925266266,-0.41915494203567505
9.961440631402288,0.4583635999223367,309.0016181187406,176.76796713651348,-1.1476519107818604,-0.4006430506706238,-0.3999828100204468
8.855697037272224,0.45198010153961815,309.00647242412253,176.76796713651348,-1.3909684419631958,-0.536850094795227,-0.5433979034423828
8.855697037272224,0.45198010153961815,309.00647242412253,177.22859080993277,-1.1764329671859741,-0.41467729210853577,-0.4514122009277344
8.99415696854887,0.45395906196111474,310.00645154577023,176.30771889112674,-1.281590461730957,-0.4474094808101654,-0.5126753449440002
9.195099630365593,0.4556838780772237,309.00647242412253,176.30771889112674,-1.3355530500411987,-0.5180326700210571,-0.5418347120285034
8.792991339072234,0.45517797769705626,309.00647242412253,176.76796713651348,-1.3158228397369385,-0.5087559223175049,-0.5403660535812378
9.130535496209642,0.45887876572168607,309.00647242412253,176.76796713651348,-1.2085530757904053,-0.4687953591346741,-0.46199965476989746
9.130535496209642,0.45887876572168607,309.00647242412253,176.79375292448162,-1.236497163772583,-0.4707081913948059,-0.4819890558719635
8.700567846183008,0.4599637538166099,309.01456276363416,176.79375292448162,-1.089806079864502,-0.3850322961807251,-0.42926597595214844
9.098589432866746,0.460464370017618,309.01456276363416,176.79375292448162,-1.1393074989318848,-0.40360409021377563,-0.4300794005393982
9.297271600873245,0.46221871022356587,308.0146100430952,176.79375292448162,-1.2092695236206055,-0.44464555382728577,-0.45841068029403687
8.700567846183008,0.4599252236284978,309.04045042680093,176.79375292448162,-1.2204339504241943,-0.4418650269508362,-0.47668686509132385
8.471532022672537,0.4598173749207042,310.0258053775524,176.79375292448162,-0.853302001953125,-0.3184575140476227,-0.32728344202041626
8.700567846183008,0.4599252236284978,309.04045042680093,176.79375292448162,-1.1049081087112427,-0.32163527607917786,-0.3702111542224884
8.761967772366997,0.45672689691962154,309.04045042680093,176.79375292448162,-1.2333316802978516,-0.4222114086151123,-0.42031508684158325
7.902021662845316,0.46198025668606196,307.04071391266666,176.79375292448162,-1.307392954826355,-0.47094830870628357,-0.4874823987483978
7.296207362808699,0.4684008514400522,311.01446911679204,176.33716214248554,-1.0195019245147705,-0.3329818844795227,-0.39515823125839233
7.765589086899514,0.4640240683015102,311.02572240893517,176.33716214248554,-1.0415918827056885,-0.3399079442024231,-0.3744228482246399
7.792499677503914,0.4624097666922108,311.0401903291599,176.33716214248554,-1.3226016759872437,-0.5194907188415527,-0.5279390215873718
7.792499677503914,0.4624097666922108,311.0401903291599,176.33716214248554,-0.9251059293746948,-0.3396208882331848,-0.3459135890007019
8.32604454154192,0.46477508147370616,312.04006153056696,176.33716214248554,-0.9751173257827759,-0.3501577079296112,-0.35270971059799194
8.86863261226936,0.4603323262889187,310.00645154577023,176.33716214248554,-1.3124758005142212,-0.513278603553772,-0.4973856508731842
8.89968669505716,0.4587268722837397,310.01451578918045,176.33716214248554,-1.3632639646530151,-0.5483094453811646,-0.5404130220413208
8.670187036630239,0.45857867932481855,311.02572240893517,176.33716214248554,-1.053537130355835,-0.37571096420288086,-0.4209121763706207
8.301699814653642,0.45653076999338704,311.01446911679204,176.33716214248554,-1.0562824010849,-0.38164645433425903,-0.41853705048561096
8.501237377923376,0.45823894933397413,310.01451578918045,176.33716214248554,-1.3257672786712646,-0.5253477692604065,-0.5264578461647034
8.073611636882019,0.4564092088920033,312.0256399721023,176.33716214248554,-1.0965908765792847,-0.35167643427848816,-0.4424256682395935
7.962163381977063,0.4627848109679468,312.00641019056,176.33716214248554,-0.9489551782608032,-0.3285641372203827,-0.39487916231155396
8.731160688176553,0.4583763914853619,309.00647242412253,176.30771889112674,-1.3386532068252563,-0.5456900000572205,-0.5263740420341492
8.531150271003373,0.4596209543288476,308.00649343804423,176.30771889112674,-1.3331122398376465,-0.5335264205932617,-0.5307779312133789
8.243845209606027,0.4597126007264217,311.01446911679204,176.30771889112674,-1.1629526615142822,-0.39708441495895386,-0.4644137918949127
8.04545997258908,0.45801228099957764,312.01442274356486,176.30771889112674,-0.9039634466171265,-0.32129985094070435,-0.35411205887794495
8.824233659697597,0.4535860972678192,309.0016181187406,176.33716214248554,-1.1747959852218628,-0.4407730996608734,-0.40846043825149536
8.855697037272224,0.45198956887587266,309.0,176.33716214248554,-1.4594652652740479,-0.6059139370918274,-0.5515691041946411
8.501237377923376,0.46117535938665394,308.0405817420815,176.33716214248554,-1.0245065689086914,-0.36595064401626587,-0.43410077691078186
8.243845209606027,0.46270719010698225,309.0016181187406,176.33716214248554,-0.8793286085128784,-0.3315160870552063,-0.327445924282074
8.243845209606027,0.46270719010698225,309.0016181187406,176.79375292448162,-1.3004988431930542,-0.5203450322151184,-0.5012428164482117
8.837792804071963,0.46193319162150653,310.0016128990299,176.79375292448162,-1.1964093446731567,-0.48455381393432617,-0.47695669531822205
8.243845209606027,0.4597126007264217,311.01446911679204,176.33716214248554,-1.1926413774490356,-0.46275728940963745,-0.4696212410926819
8.272672051666516,0.4581334676419832,311.0064308016797,176.33716214248554,-1.014460802078247,-0.3745177388191223,-0.3712695240974426
8.471532022672537,0.45689847174048637,312.00641019056,176.33716214248554,-1.1329240798950195,-0.4106485843658447,-0.39518874883651733
8.471532022672537,0.45689847174048637,312.00641019056,176.33716214248554,-1.269398808479309,-0.4631422460079193,-0.4789811074733734
8.471532022672537,0.4598460815106853,310.00645154577023,176.33716214248554,-1.2575842142105103,-0.4648757576942444,-0.4736694395542145
8.501237377923376,0.4582580221599236,310.0016128990299,176.33716214248554,-1.1478339433670044,-0.39227738976478577,-0.39708226919174194
8.837792804071963,0.46191396583398503,310.01451578918045,176.33716214248554,-1.1573314666748047,-0.40056365728378296,-0.401783287525177
8.837792804071963,0.46191396583398503,310.01451578918045,176.33716214248554,-1.265051245689392,-0.4568954408168793,-0.4793303608894348
8.972991995740388,0.46385423934893,311.01446911679204,176.33716214248554,-1.0381500720977783,-0.3411712348461151,-0.3985118269920349
8.580295152733777,0.46338282183255375,311.00160771288625,176.33716214248554,-1.2012046575546265,-0.4614712595939636,-0.44339483976364136
8.442032068753473,0.4614486186004273,310.0016128990299,176.33716214248554,-1.224635124206543,-0.458649218082428,-0.45502138137817383
7.846880859297962,0.4592626188731051,311.01446911679204,176.33716214248554,-1.2394206523895264,-0.4604213833808899,-0.4662177562713623
8.04545997258908,0.46096692310940957,310.01451578918045,176.33716214248554,-1.291548490524292,-0.49988093972206116,-0.4881901741027832
8.101959713235148,0.45777323613739035,310.01451578918045,176.33716214248554,-1.2733567953109741,-0.48834314942359924,-0.5018494129180908
8.101959713235148,0.45777323613739035,310.01451578918045,176.33716214248554,-1.1021485328674316,-0.38486340641975403,-0.43357354402542114
8.130506250239849,0.45618842793741415,310.00645154577023,176.76796713651348,-1.3177833557128906,-0.5166582465171814,-0.5109352469444275
8.130506250239849,0.45618842793741415,310.00645154577023,176.79375292448162,-1.3610994815826416,-0.576330840587616,-0.5414946675300598
7.701890284857707,0.4543984711606298,312.01442274356486,176.79375292448162,-1.0771459341049194,-0.37793469429016113,-0.3993690609931946
8.360366503513914,0.4592751741913545,307.001628660175,176.79375292448162,-1.114264726638794,-0.4063452184200287,-0.4048381447792053
8.561272867914267,0.4580228773861112,308.00162337234525,176.79375292448162,-1.2773689031600952,-0.5039070844650269,-0.47435325384140015
8.761967772366997,0.45384680480256767,311.00160771288625,176.79375292448162,-0.9440291523933411,-0.33790361881256104,-0.34624746441841125
8.561272867914267,0.45506792193851614,310.0016128990299,176.33716214248554,-1.3031147718429565,-0.4934522211551666,-0.5111672282218933
8.101959713235148,0.45777323613739035,310.01451578918045,176.79375292448162,-1.1115224361419678,-0.3548556864261627,-0.4062581956386566
7.962163381977063,0.45983725698647443,314.00636936215164,175.88100825030497,-0.9708631634712219,-0.330311119556427,-0.39258307218551636
7.989737824892005,0.4582487157469055,314.0143308831621,175.42535688908617,-1.064021110534668,-0.3437252640724182,-0.3901292085647583
8.073611636882019,0.4564373386004519,312.00641019056,175.42535688908617,-1.1401565074920654,-0.3762710988521576,-0.40793031454086304
8.501237377923376,0.4553017926136297,312.01442274356486,175.88100825030497,-1.274176836013794,-0.4899320602416992,-0.4865471422672272
8.383639963469772,0.46160437232041723,312.04006153056696,175.88100825030497,-1.0207396745681763,-0.36003607511520386,-0.37953975796699524
7.989737824892005,0.45821154173309114,314.0398063940302,176.33716214248554,-0.8587129712104797,-0.3002336323261261,-0.3238894045352936
7.989737824892005,0.45821154173309114,314.0398063940302,176.33716214248554,-0.9617525935173035,-0.3226931691169739,-0.34143686294555664
8.531150271003373,0.45372862170654005,312.00641019056,176.33716214248554,-1.2911196947097778,-0.508584201335907,-0.4859982430934906
8.561272867914267,0.45209512230756776,312.04006153056696,176.33716214248554,-1.3370845317840576,-0.5212081670761108,-0.5297054052352905
8.471532022672537,0.45682339496714525,312.05768697470023,176.33716214248554,-1.0203605890274048,-0.3705713152885437,-0.40854892134666443
8.272672051666516,0.455131895494983,313.05750270517393,176.30771889112674,-1.0462292432785034,-0.34964656829833984,-0.3933369219303131
8.360366503513914,0.4504161015102665,313.0399335548102,175.88100825030497,-1.110785961151123,-0.3705957531929016,-0.40226203203201294
9.227722388037945,0.4511176348059439,311.0401903291599,175.88100825030497,-1.3304827213287354,-0.5272358059883118,-0.4865359365940094
8.99415696854887,0.45097507231092554,312.05768697470023,175.88100825030497,-1.2556482553482056,-0.5134170055389404,-0.4772670269012451
9.004067800953724,0.4593245518139419,313.0063897111367,176.33716214248554,-0.9644309282302856,-0.3524799942970276,-0.41380175948143005
9.0668643005208,0.4561693687548947,313.0063897111367,175.88100825030497,-1.217164158821106,-0.4320792555809021,-0.45159515738487244
9.098589432866746,0.45750346077550047,311.01446911679204,175.84791905248218,-1.3057096004486084,-0.49893373250961304,-0.5002642869949341
8.89968669505716,0.4557865881422692,312.01442274356486,175.84791905248218,-1.28617262840271,-0.4554009437561035,-0.48540082573890686
8.930957274852275,0.4571454198474509,310.00645154577023,175.84791905248218,-1.248382806777954,-0.4650809168815613,-0.48341822624206543
8.531150271003373,0.45372862170654005,312.00641019056,175.88100825030497,-1.4085181951522827,-0.5643562078475952,-0.5864059329032898
8.501237377923376,0.4553017926136297,312.01442274356486,176.33716214248554,-1.1152645349502563,-0.39498379826545715,-0.44848209619522095
8.930957274852275,0.45421512129729846,312.00641019056,176.30771889112674,-1.3712722063064575,-0.5544743537902832,-0.5532265305519104
8.731160688176553,0.45542875564736696,311.0064308016797,176.30771889112674,-1.3582465648651123,-0.5223726034164429,-0.5436095595359802
8.930957274852275,0.45421512129729846,312.00641019056,176.76796713651348,-1.0247342586517334,-0.3875136077404022,-0.3582158386707306
9.5290188712387,0.45940338776234113,309.00647242412253,176.76796713651348,-1.0442626476287842,-0.448615163564682,-0.3907255530357361
10.0319039261858,0.45517650006959615,309.0016181187406,176.76796713651348,-1.2433336973190308,-0.49620795249938965,-0.448932021856308
10.103360855677797,0.45197116450075037,309.01456276363416,176.30771889112674,-1.3493645191192627,-0.5277317762374878,-0.5075228214263916
9.195099630365593,0.45565524692487575,309.02588888311607,176.30771889112674,-1.117960810661316,-0.3586045503616333,-0.4378799498081207
9.130535496209642,0.4588499338308014,309.02588888311607,175.84791905248218,-1.046775221824646,-0.3432769179344177,-0.4184763431549072
9.130535496209642,0.4588499338308014,309.02588888311607,175.84791905248218,-1.1948899030685425,-0.40231451392173767,-0.44673091173171997
8.962446604650395,0.45554032157809865,310.01451578918045,175.84791905248218,-1.4203526973724365,-0.5795804858207703,-0.5605518221855164
8.471532022672537,0.45976954254876573,310.0580590792634,175.84791905248218,-1.1978046894073486,-0.42871221899986267,-0.4702175259590149
8.580295152733777,0.4633253420530881,311.0401903291599,175.84791905248218,-0.9977439641952515,-0.34631696343421936,-0.3961891829967499
8.807165078114156,0.46349083404526775,310.0258053775524,175.84791905248218,-1.1355289220809937,-0.393999308347702,-0.3982993960380554
9.035357834560267,0.46064047790803625,311.0401903291599,175.84791905248218,-1.366898536682129,-0.5420122742652893,-0.5410853624343872
8.64001607980854,0.46014655352989986,311.0401903291599,175.84791905248218,-1.0066293478012085,-0.35099202394485474,-0.38224560022354126
8.807165078114156,0.4605202288049651,312.0256399721023,175.84791905248218,-0.9929819107055664,-0.35142892599105835,-0.3715934157371521
8.837792804071963,0.4589532535005132,312.01442274356486,176.30771889112674,-1.2273435592651367,-0.4591495990753174,-0.4450410306453705
8.89968669505716,0.45569298112841905,312.07851576165893,175.84791905248218,-1.3200206756591797,-0.4917861521244049,-0.5251353979110718
8.837792804071963,0.4558638496994453,314.1289544120376,176.30771889112674,-0.9237577319145203,-0.3426372706890106,-0.35552266240119934
9.0668643005208,0.45602975071188745,313.1022197302344,175.84791905248218,-1.1387107372283936,-0.3783816397190094,-0.3992004990577698
9.462668381026933,0.4565439335710365,313.1022197302344,175.84791905248218,-1.0722925662994385,-0.3501524329185486,-0.3588339388370514
9.232706796231914,0.45936219245481313,312.07851576165893,175.84791905248218,-1.0495455265045166,-0.3490491509437561,-0.3588569462299347
9.5290188712387,0.45630764235007126,311.1028768751585,175.84791905248218,-1.2630103826522827,-0.4386185109615326,-0.48948293924331665
8.64001607980854,0.4570764898619543,313.12936623702353,176.30771889112674,-1.01520836353302,-0.3373340666294098,-0.4367760121822357
8.383639963469772,0.4586091655737886,314.0780157858872,176.30771889112674,-1.028072714805603,-0.3423728346824646,-0.427924245595932
8.86863261226936,0.45730644353341304,312.05768697470023,175.84791905248218,-1.161571741104126,-0.4122700095176697,-0.43038803339004517
8.86863261226936,0.45730644353341304,312.05768697470023,175.84791905248218,-1.434285283088684,-0.5650900602340698,-0.5648077130317688
8.86863261226936,0.45730644353341304,312.05768697470023,175.84791905248218,-1.309307336807251,-0.5053502917289734,-0.5188599824905396
8.471532022672537,0.45682339496714525,312.05768697470023,175.84791905248218,-1.1440210342407227,-0.37669771909713745,-0.4621577262878418
8.761967772366997,0.45676515916824395,309.01456276363416,175.84791905248218,-1.1220471858978271,-0.3822605013847351,-0.3797833323478699
8.99415696854887,0.4568778295013568,308.0259729308553,175.84791905248218,-1.2090092897415161,-0.4411315321922302,-0.4211648106575012
8.962446604650395,0.4555024076720097,310.0403199585499,175.84791905248218,-1.1438610553741455,-0.3950037658214569,-0.4147936701774597
8.99415696854887,0.4539307228772693,310.0258053775524,175.84791905248218,-1.1561201810836792,-0.39638230204582214,-0.42069211602211
9.630291354619493,0.4545668220055015,309.04045042680093,175.84791905248218,-1.2749884128570557,-0.47752413153648376,-0.48999834060668945
8.792991339072234,0.45510172469816934,309.0582469373694,175.84791905248218,-0.9367374181747437,-0.31709325313568115,-0.37422558665275574
8.911474402012555,0.4640654484915663,313.0015974400131,175.84791905248218,-0.9903451800346375,-0.34348398447036743,-0.3875127136707306
9.169025031756926,0.46263931026574906,312.00160255998685,175.84791905248218,-1.2761061191558838,-0.4896044135093689,-0.4841776490211487
9.264877684751687,0.45788665283765656,312.00641019056,176.30771889112674,-1.3213106393814087,-0.5062641501426697,-0.5295783281326294
9.035357834560267,0.4577352115597247,313.01437666663173,176.30771889112674,-1.1186320781707764,-0.3936704993247986,-0.4066029489040375
8.186786058946147,0.46289489378385823,311.01446911679204,175.84791905248218,-1.165870189666748,-0.39774948358535767,-0.4155574440956116
8.837792804071963,0.45897211194513804,312.00160255998685,175.84791905248218,-1.1601725816726685,-0.40699976682662964,-0.41737470030784607
8.807165078114156,0.4605486118864599,312.00641019056,175.84791905248218,-1.1660047769546509,-0.424870103597641,-0.43249374628067017
8.86863261226936,0.4603323262889187,310.00645154577023,175.84791905248218,-1.3384772539138794,-0.5175071954727173,-0.5459253191947937
8.837792804071963,0.4589532535005132,312.01442274356486,175.84791905248218,-1.28498375415802,-0.4839025139808655,-0.5308176279067993
8.61005282555001,0.4617860061829674,311.0064308016797,176.30771889112674,-1.2666096687316895,-0.47437602281570435,-0.4836006760597229
9.362737772677443,0.45903441070278,308.00162337234525,176.30771889112674,-1.3278526067733765,-0.5528806447982788,-0.5094780325889587
9.362737772677443,0.45903441070278,308.00162337234525,176.30771889112674,-1.2450624704360962,-0.46731144189834595,-0.4762781262397766
9.260575451520047,0.4554082777457182,307.02605752606735,175.84791905248218,-1.288069486618042,-0.49173933267593384,-0.5096370577812195
8.449926714937387,0.45440552131201256,307.02605752606735,175.84791905248218,-1.272026777267456,-0.4820811152458191,-0.5009249448776245
8.39000970231778,0.45762747093294004,307.02605752606735,175.84791905248218,-1.1223089694976807,-0.3703821301460266,-0.4448534846305847
8.700567846183008,0.4599637538166099,309.01456276363416,175.84791905248218,-1.048186182975769,-0.34109827876091003,-0.4014221727848053
8.731160688176553,0.4583763914853619,309.00647242412253,176.30771889112674,-1.1724542379379272,-0.4023543894290924,-0.4124138355255127
9.195099630365593,0.4556838780772237,309.00647242412253,176.30771889112674,-1.304570198059082,-0.50535649061203,-0.4965265691280365
8.962446604650395,0.45554032157809865,310.01451578918045,176.33716214248554,-1.2032612562179565,-0.450737863779068,-0.4692668914794922
9.130535496209642,0.4558996200402336,311.02572240893517,176.33716214248554,-1.0661195516586304,-0.3539118766784668,-0.40153393149375916
9.762110153478567,0.4536631980718883,312.01442274356486,176.33716214248554,-1.1387721300125122,-0.37753766775131226,-0.4186459481716156
9.831219456963765,0.45041242762329103,312.07851576165893,175.88100825030497,-1.3446033000946045,-0.5029902458190918,-0.5167844891548157
9.562541053643084,0.45185360621318754,313.0782649753892,175.88100825030497,-0.9435340762138367,-0.3575391173362732,-0.3496253788471222
9.395814736305452,0.4514871239047193,312.05768697470023,176.33716214248554,-1.2923123836517334,-0.5045586228370667,-0.4783610701560974
9.098589432866746,0.4544876214463132,313.0782649753892,176.33716214248554,-1.1530721187591553,-0.3861149251461029,-0.423698365688324
9.0668643005208,0.4560948898430361,313.05750270517393,176.33716214248554,-1.027225375175476,-0.3407893478870392,-0.3996463716030121
9.562541053643084,0.4548143534230419,311.0401903291599,175.88100825030497,-1.4338183403015137,-0.5933628082275391,-0.5725308060646057
8.99415696854887,0.4538835028626391,310.0580590792634,175.88100825030497,-1.19504976272583,-0.4413972795009613,-0.4890734553337097
9.195099630365593,0.45267868197218825,311.05787242890995,175.42535688908617,-1.0662113428115845,-0.3581997752189636,-0.3983321785926819
9.227722388037945,0.45403672818292506,309.04045042680093,175.88100825030497,-1.2351353168487549,-0.43716901540756226,-0.4494188725948334
9.195099630365593,0.45554077625962514,309.1035425225664,175.88100825030497,-1.2323644161224365,-0.4313061237335205,-0.45493283867836
9.026090682280747,0.45226022095900764,310.0790221862808,175.88100825030497,-0.798381507396698,-0.296509325504303,-0.2762274146080017
9.227722388037945,0.4539796907814127,309.0792778560219,176.33716214248554,-1.2669668197631836,-0.45379024744033813,-0.44627174735069275
9.195099630365593,0.45261319703180514,311.1028768751585,176.33716214248554,-1.0170735120773315,-0.3437052369117737,-0.3819110691547394
8.272672051666516,0.455131895494983,313.05750270517393,176.33716214248554,-0.9735120534896851,-0.32862716913223267,-0.36273863911628723
8.531150271003373,0.45370065893319966,312.0256399721023,176.33716214248554,-1.2348803281784058,-0.46432796120643616,-0.4490702152252197
8.792991339072234,0.45222285837612675,311.02572240893517,175.88100825030497,-1.2800978422164917,-0.4977165162563324,-0.4865604043006897
8.591607364668882,0.45343767497588733,310.0258053775524,175.88100825030497,-1.2340831756591797,-0.483157217502594,-0.4777498245239258
8.39000970231778,0.45461837569941205,309.0582469373694,175.88100825030497,-1.2775933742523193,-0.48322829604148865,-0.4854676127433777
8.301699814653642,0.4507340830426821,315.0142853903613,176.76796713651348,-0.9866868257522583,-0.34467023611068726,-0.3738754987716675
8.99415696854887,0.45102139029706584,312.0256399721023,176.33716214248554,-1.3850330114364624,-0.5628553032875061,-0.5276502370834351
9.026090682280747,0.4523166764484454,310.0403199585499,176.33716214248554,-1.277718424797058,-0.5207701325416565,-0.49542346596717834
9.026090682280747,0.4523166764484454,310.0403199585499,176.33716214248554,-1.2272584438323975,-0.4163029193878174,-0.4808359742164612
8.419862368916425,0.4501313083959927,311.0401903291599,176.33716214248554,-1.2113157510757446,-0.40536409616470337,-0.459865003824234
8.419862368916425,0.45298710675442866,309.0792778560219,175.88100825030497,-1.258513331413269,-0.41634654998779297,-0.4798939824104309
8.622155987808336,0.45176551984935615,310.0790221862808,175.88100825030497,-0.9582054018974304,-0.32263481616973877,-0.3705945611000061
8.159253324876387,0.4544854333650767,310.0790221862808,175.42535688908617,-1.0325745344161987,-0.3440496027469635,-0.3701784610748291
8.159253324876387,0.45454216662702174,310.0403199585499,175.88100825030497,-1.1771434545516968,-0.4227388799190521,-0.4324663281440735
8.449926714937387,0.4514176117674189,309.0582469373694,176.33716214248554,-1.3533004522323608,-0.5574876070022583,-0.5285438895225525
8.824233659697597,0.4535291021560801,309.04045042680093,175.88100825030497,-0.8937681317329407,-0.3274464011192322,-0.3419411778450012
8.824233659697597,0.4535291021560801,309.04045042680093,175.88100825030497,-1.0388646125793457,-0.3317667841911316,-0.35803988575935364
8.824233659697597,0.4535291021560801,309.04045042680093,175.88100825030497,-1.2170259952545166,-0.42558446526527405,-0.4418657422065735
8.99415696854887,0.4538835028626391,310.0580590792634,175.88100825030497,-1.0851194858551025,-0.35197025537490845,-0.4112853407859802
9.162704786261475,0.4542913428941206,311.0401903291599,175.88100825030497,-0.9976625442504883,-0.3501127362251282,-0.366917222738266
9.195099630365593,0.45565524692487575,309.02588888311607,175.88100825030497,-1.181936264038086,-0.4065321087837219,-0.42260241508483887
9.195099630365593,0.45565524692487575,309.02588888311607,175.84791905248218,-1.271442174911499,-0.49615854024887085,-0.4644547998905182
9.195099630365593,0.45565524692487575,309.02588888311607,175.84791905248218,-0.9847170114517212,-0.32915109395980835,-0.39155372977256775
9.49645007252188,0.45262866958048253,308.00162337234525,175.84791905248218,-1.1144654750823975,-0.3877662718296051,-0.3989505171775818
9.49645007252188,0.45262866958048253,308.00162337234525,175.84791905248218,-1.1879867315292358,-0.441781222820282,-0.4220462739467621
9.49645007252188,0.45262866958048253,308.00162337234525,175.84791905248218,-1.2084660530090332,-0.4544224143028259,-0.4383358359336853
9.49645007252188,0.45262866958048253,308.00162337234525,175.81429455843136,-1.324479341506958,-0.5091353058815002,-0.5078688859939575
8.99415696854887,0.4538835028626391,310.0580590792634,175.81429455843136,-1.0985920429229736,-0.37017470598220825,-0.4199731945991516
9.297271600873245,0.4591987126261123,310.0403199585499,175.81429455843136,-1.0532963275909424,-0.34816092252731323,-0.3891982436180115
8.99415696854887,0.4539307228772693,310.0258053775524,176.27779877244845,-1.287502408027649,-0.4887201189994812,-0.4872494339942932
8.99415696854887,0.4539307228772693,310.0258053775524,176.30771889112674,-1.2372876405715942,-0.4716782569885254,-0.4755195677280426
8.561272867914267,0.455011108872765,310.0403199585499,176.30771889112674,-1.21344792842865,-0.4203883111476898,-0.467823326587677
8.531150271003373,0.4565797737265941,310.0580590792634,176.30771889112674,-1.2024462223052979,-0.4480510354042053,-0.45878416299819946
7.986192111519096,0.4541575650639678,309.0582469373694,176.76796713651348,-1.207431674003601,-0.4455567002296448,-0.4644063115119934
7.929881881462817,0.45729502348892076,309.1035425225664,176.76796713651348,-1.1384446620941162,-0.3696504235267639,-0.41305336356163025
7.902021662845316,0.4559833789731456,311.07876816009156,176.30771889112674,-1.0435538291931152,-0.3450268507003784,-0.4011104106903076
8.130506250239849,0.45611249777269613,310.0580590792634,176.30771889112674,-1.2696454524993896,-0.4935012757778168,-0.5032557249069214
8.531150271003373,0.4536540657975205,312.05768697470023,176.30771889112674,-1.212424397468567,-0.46869713068008423,-0.48899102210998535
7.874355323428398,0.4546183586874929,313.1022197302344,176.30771889112674,-1.0492534637451172,-0.3535967171192169,-0.4375239908695221
8.272672051666516,0.4550668938979671,313.1022197302344,176.30771889112674,-1.0131114721298218,-0.3543342649936676,-0.3880058526992798
8.39000970231778,0.45169587615631956,311.05787242890995,176.30771889112674,-1.2626721858978271,-0.44844475388526917,-0.45277056097984314
8.188203043003943,0.45001768379491985,312.05768697470023,176.30771889112674,-1.2570165395736694,-0.46373286843299866,-0.4708147644996643
7.957938011011528,0.4527994955847739,311.07876816009156,176.30771889112674,-1.1028010845184326,-0.34110692143440247,-0.3937526345252991
7.929881881462817,0.4515193232000607,313.05750270517393,176.30771889112674,-1.0169105529785156,-0.3374290466308594,-0.3705655038356781
8.824233659697597,0.4506132724088473,311.0401903291599,176.30771889112674,-1.257464051246643,-0.48051196336746216,-0.44818463921546936
8.792991339072234,0.4521761179616515,311.05787242890995,176.30771889112674,-1.239678978919983,-0.46152764558792114,-0.46580347418785095
8.700567846183008,0.4569682719308377,311.0401903291599,176.30771889112674,-0.8974348306655884,-0.3384617269039154,-0.34277433156967163
8.622155987808336,0.45182191358542284,310.0403199585499,175.84791905248218,-1.1806224584579468,-0.41983819007873535,-0.4198828339576721
9.195099630365593,0.45272547433555954,311.02572240893517,176.30771889112674,-1.0524265766143799,-0.3764464855194092,-0.3578457534313202
9.429124144513176,0.4528715644542893,310.01451578918045,176.30771889112674,-1.259885549545288,-0.4937264025211334,-0.4764139652252197
7.986192111519096,0.4540910134727218,309.1035425225664,175.84791905248218,-1.2185323238372803,-0.4697190821170807,-0.494880348443985
7.902021662845316,0.45893321873091997,309.0792778560219,175.84791905248218,-0.9670042991638184,-0.35612794756889343,-0.40894579887390137
8.855697037272224,0.45195170309989274,309.02588888311607,175.84791905248218,-1.1220539808273315,-0.4423256516456604,-0.4093724191188812
9.293661246342642,0.45084307665117757,309.04045042680093,175.88100825030497,-1.2251675128936768,-0.4660775661468506,-0.45612749457359314
9.260575451520047,0.45246114682914707,309.02588888311607,175.88100825030497,-1.213401198387146,-0.4632057547569275,-0.4544997811317444
9.293661246342642,0.45084307665117757,309.04045042680093,175.88100825030497,-1.2251968383789062,-0.46195197105407715,-0.4592946171760559
9.49645007252188,0.4525714249313984,308.0405817420815,175.88100825030497,-1.2310154438018799,-0.4938052296638489,-0.45654910802841187
9.90130450780826,0.45311831814712183,308.0405817420815,175.81429455843136,-1.2248318195343018,-0.4929448664188385,-0.45181864500045776
8.246718980571606,0.4526470544341654,308.05843601498725,175.88100825030497,-1.1815927028656006,-0.4080680012702942,-0.4598938822746277
8.21735753985999,0.4542222911548507,308.0795351853154,175.84791905248218,-1.1162173748016357,-0.38815629482269287,-0.3863585591316223
8.360366503513914,0.4562452141402055,309.04045042680093,176.30771889112674,-1.0850298404693604,-0.35290223360061646,-0.3975919187068939
8.652920994930184,0.4531717884314409,308.0259729308553,176.33716214248554,-1.2005976438522339,-0.453359454870224,-0.42607516050338745
8.449926714937387,0.45440552131201256,307.02605752606735,176.33716214248554,-1.1949703693389893,-0.44229573011398315,-0.42976194620132446
8.962446604650395,0.45554032157809865,310.01451578918045,176.33716214248554,-1.005696177482605,-0.3661293387413025,-0.3809487223625183
10.139468454221305,0.45333372141699524,307.0,176.33716214248554,-1.346787691116333,-0.5247336626052856,-0.5097805261611938
9.93671935261563,0.45157890808717255,308.0,176.33716214248554,-1.3246115446090698,-0.5310897827148438,-0.5110360980033875
10.139468454221305,0.45333372141699524,307.0,176.33716214248554,-1.3122161626815796,-0.52724289894104,-0.5057713985443115
9.866138739980473,0.45476771720253617,308.00649343804423,176.33716214248554,-1.2411359548568726,-0.45855388045310974,-0.4917382299900055
10.067506891404232,0.45357608552428913,309.00647242412253,176.30771889112674,-1.1423686742782593,-0.4295576512813568,-0.4295961856842041
10.268624320632037,0.4523977192034504,310.00645154577023,176.30771889112674,-1.2548928260803223,-0.525341808795929,-0.4523375928401947
9.831219456963765,0.453411162159489,310.01451578918045,176.30771889112674,-1.039265513420105,-0.3433387875556946,-0.39470791816711426
9.162704786261475,0.4543289132492975,311.01446911679204,176.30771889112674,-0.9625481367111206,-0.322893887758255,-0.3498334288597107
9.32989085088251,0.4547236914036887,312.00641019056,176.30771889112674,-1.1786386966705322,-0.4030272960662842,-0.4267301559448242
9.831219456963765,0.453411162159489,310.01451578918045,176.30771889112674,-1.2645995616912842,-0.45389288663864136,-0.4711018204689026
9.026090682280747,0.4523543251890547,310.01451578918045,175.84791905248218,-1.263784646987915,-0.46181973814964294,-0.4802432954311371
9.831219456963765,0.453411162159489,310.01451578918045,175.84791905248218,-1.2164523601531982,-0.459559828042984,-0.43408912420272827
9.831219456963765,0.453411162159489,310.01451578918045,176.30771889112674,-1.294548749923706,-0.49837493896484375,-0.46692222356796265
9.831219456963765,0.4533734254599972,310.0403199585499,175.84791905248218,-1.228676199913025,-0.4233096241950989,-0.46323662996292114
9.596297732964416,0.45325034053965907,311.02572240893517,175.84791905248218,-0.9217009544372559,-0.3397914469242096,-0.3250197768211365
10.0319039261858,0.45515743268945225,309.01456276363416,175.38863455884658,-1.091099739074707,-0.3968918025493622,-0.3394462764263153
10.0319039261858,0.45515743268945225,309.01456276363416,175.84791905248218,-1.2127662897109985,-0.4191057085990906,-0.42232489585876465
10.46948653355996,0.4541244214441015,309.02588888311607,175.84791905248218,-1.2655510902404785,-0.46157336235046387,-0.45513391494750977
9.562541053643084,0.4576998627392613,309.0792778560219,175.84791905248218,-1.036696195602417,-0.35397887229919434,-0.396991103887558
10.089706568683566,0.46034233691294646,310.0016128990299,175.38863455884658,-0.977845311164856,-0.34772688150405884,-0.3723146319389343
9.961440631402288,0.4554159546224498,311.00160771288625,175.38863455884658,-1.1960513591766357,-0.42581748962402344,-0.4405100345611572
10.160528081866167,0.45716678122758125,310.0016128990299,175.84791905248218,-1.2449856996536255,-0.4748775064945221,-0.45844417810440063
9.961440631402288,0.4583635999223367,309.0016181187406,175.84791905248218,-1.2955162525177002,-0.5016754865646362,-0.5094950795173645
10.160528081866167,0.45714775381938194,310.01451578918045,175.84791905248218,-1.2484596967697144,-0.4832680821418762,-0.4701818525791168
10.395818795247717,0.4573356393347196,309.00647242412253,175.84791905248218,-1.1205778121948242,-0.4036373198032379,-0.3988742232322693
9.866138739980473,0.4546910375719736,308.05843601498725,175.84791905248218,-1.2703747749328613,-0.47923827171325684,-0.4876481890678406
9.796544102067056,0.4549364920290873,310.0580590792634,176.30771889112674,-0.975554347038269,-0.33907002210617065,-0.3756386637687683
9.831219456963765,0.453411162159489,310.01451578918045,176.30771889112674,-1.095991849899292,-0.4017149806022644,-0.4036843180656433
9.831219456963765,0.453411162159489,310.01451578918045,175.84791905248218,-1.1978683471679688,-0.4369516372680664,-0.422227144241333
10.232340273309248,0.45692063669807026,308.0146100430952,175.84791905248218,-1.2231347560882568,-0.456148624420166,-0.4300173223018646
10.196309062144817,0.4585012963666898,308.0259729308553,175.84791905248218,-1.21797776222229,-0.4546135365962982,-0.4302695691585541
9.562541053643084,0.45775736753820556,309.04045042680093,175.84791905248218,-1.2144160270690918,-0.4443235397338867,-0.4466251730918884
8.930957274852275,0.4541871285415476,312.0256399721023,175.84791905248218,-1.0643891096115112,-0.3422444760799408,-0.3981080651283264
9.596297732964416,0.45618350975387273,309.02588888311607,175.84791905248218,-1.1788489818572998,-0.4110081195831299,-0.41359958052635193
9.5290188712387,0.45932642690805525,309.0582469373694,175.84791905248218,-1.2591363191604614,-0.45982807874679565,-0.48938804864883423
9.5290188712387,0.4564208361148611,311.02572240893517,176.30771889112674,-0.9517863988876343,-0.34074321389198303,-0.3921075463294983
9.5290188712387,0.45937452290883857,309.02588888311607,175.84791905248218,-1.130185604095459,-0.4314262270927429,-0.4082132875919342
9.630291354619493,0.45756621687981736,307.01465763054375,175.84791905248218,-1.2457044124603271,-0.4738137722015381,-0.4637645184993744
9.596297732964416,0.45915488648897446,307.02605752606735,175.84791905248218,-1.280322790145874,-0.49581918120384216,-0.4781034588813782
9.831219456963765,0.45631663559534047,308.0405817420815,175.84791905248218,-1.0039570331573486,-0.3570880591869354,-0.3925219774246216
9.664524397806883,0.4559437305557189,307.02605752606735,175.84791905248218,-1.1927158832550049,-0.4214879870414734,-0.4398137629032135
10.067506891404232,0.4565017943109835,307.02605752606735,175.84791905248218,-1.1343737840652466,-0.41110172867774963,-0.4273017942905426
10.268624320632037,0.4582818003268526,306.0261426741186,175.84791905248218,-1.2350175380706787,-0.5075091123580933,-0.4623892903327942
10.103360855677797,0.4548767165021323,307.04071391266666,175.84791905248218,-1.2236380577087402,-0.4898461699485779,-0.4711576998233795
10.067506891404232,0.4565017943109835,307.02605752606735,175.84791905248218,-1.1285834312438965,-0.41662830114364624,-0.42114582657814026
9.462668433306405,0.4571620467362411,306.0261426741186,175.84791905248218,-1.316800594329834,-0.48344001173973083,-0.5152357816696167
8.99415696854887,0.4539307228772693,310.0258053775524,175.84791905248218,-1.2204314470291138,-0.4418866038322449,-0.4691976010799408
8.792991339072234,0.45514937833102237,309.02588888311607,175.84791905248218,-1.2773363590240479,-0.5258725881576538,-0.49345430731773376
9.195099630365593,0.45565524692487575,309.02588888311607,175.84791905248218,-1.2105830907821655,-0.5103545188903809,-0.4651143550872803
8.99415696854887,0.4539307228772693,310.0258053775524,175.84791905248218,-1.0636160373687744,-0.37644240260124207,-0.37844347953796387
8.99415696854887,0.4539307228772693,310.0258053775524,175.84791905248218,-1.2616407871246338,-0.45691436529159546,-0.46228060126304626
9.630291354619493,0.4545668220055015,309.04045042680093,175.84791905248218,-1.197998046875,-0.43936580419540405,-0.45912766456604004
9.630291354619493,0.4545668220055015,309.04045042680093,175.84791905248218,-1.2665250301361084,-0.48879900574684143,-0.4666256904602051
9.630291354619493,0.4545668220055015,309.04045042680093,175.84791905248218,-1.0918042659759521,-0.3864782154560089,-0.3946414589881897
9.630291354619493,0.4545668220055015,309.04045042680093,175.84791905248218,-1.2305519580841064,-0.43754005432128906,-0.46582746505737305
9.630291354619493,0.4545668220055015,309.04045042680093,175.84791905248218,-1.2313004732131958,-0.4557579457759857,-0.47384732961654663
9.664524397806883,0.45299313450773093,309.02588888311607,175.84791905248218,-1.3080636262893677,-0.5290886163711548,-0.5088578462600708
9.664524397806883,0.45299313450773093,309.02588888311607,175.84791905248218,-0.9334093928337097,-0.34406930208206177,-0.3525254428386688
10.067506891404232,0.4535475868070186,309.02588888311607,175.84791905248218,-1.1924147605895996,-0.4400388300418854,-0.4118223786354065
10.067506891404232,0.45357608552428913,309.00647242412253,175.84791905248218,-1.055063247680664,-0.3725041449069977,-0.34286805987358093
9.90130450780826,0.4531565249468714,308.0146100430952,175.84791905248218,-1.3057135343551636,-0.512927234172821,-0.4863516688346863
9.831219456963765,0.4533734254599972,310.0403199585499,175.84791905248218,-1.1352671384811401,-0.4069361090660095,-0.43144163489341736
9.429124144513176,0.44993183914678786,312.04006153056696,175.84791905248218,-1.117069125175476,-0.38156479597091675,-0.4316198229789734
9.32989085088251,0.45469566730534683,312.0256399721023,175.84791905248218,-0.9918109178543091,-0.33729058504104614,-0.39470604062080383
9.664524397806883,0.45299313450773093,309.02588888311607,175.84791905248218,-1.2039639949798584,-0.430450439453125,-0.427440881729126
9.831219456963765,0.45635511207625146,308.0146100430952,175.84791905248218,-1.3140915632247925,-0.522170901298523,-0.5099090337753296
9.831219456963765,0.45635511207625146,308.0146100430952,175.84791905248218,-1.2406686544418335,-0.4859243929386139,-0.48857957124710083
10.0319039261858,0.4581223454726406,307.01465763054375,175.84791905248218,-1.2447559833526611,-0.49173346161842346,-0.4804031252861023
10.067506891404232,0.4565017943109835,307.02605752606735,175.81429455843136,-1.2427061796188354,-0.491752952337265,-0.47524580359458923
9.831219456963765,0.45631663559534047,308.0405817420815,175.81429455843136,-1.0286118984222412,-0.3458179235458374,-0.38420456647872925
10.103360855677797,0.4578980854558943,305.0147537415199,175.84791905248218,-1.2736890316009521,-0.4965021014213562,-0.4985992908477783
10.103360855677797,0.4578980854558943,305.0147537415199,175.84791905248218,-1.283943772315979,-0.5003222227096558,-0.4995443820953369
10.103360855677797,0.4578980854558943,305.0147537415199,175.84791905248218,-1.2781355381011963,-0.49971437454223633,-0.4887475371360779
9.630291354619493,0.45752738660794173,307.04071391266666,175.84791905248218,-1.0233999490737915,-0.35070306062698364,-0.3974617123603821
9.0668643005208,0.45320010290010043,315.0571376750573,175.38863455884658,-0.9716402292251587,-0.31830495595932007,-0.3762572407722473
9.035357834560267,0.4547925579065928,315.03968004046726,175.38863455884658,-1.1078007221221924,-0.3734503388404846,-0.37782007455825806
9.429835346241152,0.4582103563903959,313.0399335548102,175.84791905248218,-1.3470491170883179,-0.5615596771240234,-0.4938899874687195
8.86863261226936,0.4543302463384712,314.10189429546585,175.84791905248218,-1.2419358491897583,-0.41724103689193726,-0.4765560030937195
9.013568020887202,0.46747137018252577,314.0573196090166,175.38863455884658,-0.8181077241897583,-0.30868950486183167,-0.2866726517677307
9.560439022323784,0.46310374083892,312.04006153056696,175.38863455884658,-1.2874681949615479,-0.5467915534973145,-0.48416852951049805
9.397227353335573,0.4627636765760276,311.02572240893517,175.38863455884658,-1.2517277002334595,-0.4917033314704895,-0.48151248693466187
9.462668381026933,0.4595919523803015,311.02572240893517,175.38863455884658,-1.2274911403656006,-0.4703902304172516,-0.4664415717124939
9.264877684751687,0.46081186902858806,310.0258053775524,175.84791905248218,-1.1840234994888306,-0.45178017020225525,-0.4555734694004059
9.232706796231914,0.46238202577801996,310.0403199585499,175.84791905248218,-1.2394474744796753,-0.4605643153190613,-0.47761470079421997
9.200756660111967,0.45803936899747055,314.0573196090166,175.84791905248218,-0.9132696390151978,-0.3068466782569885,-0.31888073682785034
9.495728773548446,0.4550593406513168,313.0399335548102,175.84791905248218,-1.2792812585830688,-0.4821735918521881,-0.4910414218902588
9.0668643005208,0.4560948898430361,313.05750270517393,175.84791905248218,-1.2249171733856201,-0.4520900845527649,-0.47523340582847595
9.264877684751687,0.4548964851604018,314.0573196090166,175.84791905248218,-1.1738805770874023,-0.40902185440063477,-0.4676695466041565
9.762110153478567,0.4507373205157359,314.0398063940302,175.84791905248218,-1.0926569700241089,-0.3754730820655823,-0.4182818531990051
