neck_angle,normalized_neck_length,shoulder_width,head_tilt,nose_depth,left_shoulder_depth,right_shoulder_depth
4.098575603023357,0.5826630032328071,288.20999288713085,175.3218755683286,-0.6918585896492004,-0.18128369748592377,-0.24770507216453552
4.451914365170543,0.5775492813287391,290.02758489495443,175.7233854848709,-1.1199055910110474,-0.2680721580982208,-0.42442402243614197
4.181640032652776,0.5932174449600245,289.0276803352925,175.68320623804868,-0.9026018381118774,-0.17802336812019348,-0.4007643163204193
5.120409876223016,0.6010137565850003,289.0,175.60054272388706,-1.0419085025787354,-0.2891003489494324,-0.40963253378868103
5.180429541665311,0.6111126703760406,290.0017241328058,175.60054272388706,-0.9894887804985046,-0.2579323947429657,-0.40797892212867737
4.9359711926666305,0.6191010415280814,291.0154635066666,175.60054272388706,-0.937035083770752,-0.22287876904010773,-0.4068581461906433
4.266316403188138,0.6237060741830213,291.0068727710739,175.55801405000398,-0.9853317141532898,-0.21720647811889648,-0.42352551221847534
3.9406056309985154,0.6251555458589924,291.0154635066666,175.55801405000398,-0.9842926263809204,-0.204715758562088,-0.4259141981601715
4.086423236790752,0.6248610088165977,292.0068492347397,175.55801405000398,-0.9089638590812683,-0.20713627338409424,-0.3995296359062195
4.231391317451704,0.6288575695454527,291.00171820798585,175.55801405000398,-0.9628426432609558,-0.2081788331270218,-0.41470369696617126
4.108914227762433,0.6257308080909204,290.0068964697219,175.55801405000398,-1.0049934387207031,-0.18253925442695618,-0.41452473402023315
3.7939331569789894,0.6254932399104108,290.0068964697219,175.55801405000398,-1.027343511581421,-0.23458275198936462,-0.4157155454158783
4.097637905033526,0.6274616782807869,290.0017241328058,175.51465639049317,-1.0394079685211182,-0.258719265460968,-0.4219619333744049
4.097637905033526,0.6274616782807869,290.0017241328058,175.51465639049317,-1.0353662967681885,-0.25201529264450073,-0.4314172863960266
4.097637905033526,0.6274616782807869,290.0017241328058,176.11123930029655,-0.8384763598442078,-0.2468695193529129,-0.3424554765224457
4.097637905033526,0.6274616782807869,290.0017241328058,176.0732493402527,-0.9530376195907593,-0.23081457614898682,-0.38521459698677063
4.097637905033526,0.6274616782807869,290.0017241328058,176.0732493402527,-1.001684308052063,-0.2433754950761795,-0.41180887818336487
4.097637905033526,0.6274616782807869,290.0017241328058,175.51465639049317,-1.0120304822921753,-0.22055089473724365,-0.4252563416957855
4.278086401358263,0.6263081640061465,289.0017300986276,175.51465639049317,-1.0364506244659424,-0.22108879685401917,-0.4258255958557129
4.108914227762433,0.6257456885514624,290.0,176.0732493402527,-1.0833289623260498,-0.2416573315858841,-0.4480646252632141
4.086423236790752,0.6291701908161915,290.0068964697219,176.0732493402527,-0.8335822820663452,-0.18899531662464142,-0.371658593416214
4.075269719709981,0.6309011705126475,290.0017241328058,175.51465639049317,-0.8774183988571167,-0.1661798059940338,-0.36873647570610046
4.435857169108376,0.624279466225923,290.0017241328058,176.0732493402527,-1.04160475730896,-0.2948116660118103,-0.39427924156188965
4.47286665057295,0.6191116586739704,290.0068964697219,175.51465639049317,-1.0241385698318481,-0.2709551453590393,-0.39497169852256775
4.448125528051647,0.6225494121435843,290.0068964697219,176.0732493402527,-1.044285774230957,-0.289132684469223,-0.4143736958503723
4.448125528051647,0.6225494121435843,290.0068964697219,176.0732493402527,-1.0549697875976562,-0.2798709273338318,-0.4351416230201721
4.448125528051647,0.6225494121435843,290.0068964697219,176.0732493402527,-1.0351316928863525,-0.2558315098285675,-0.43212810158729553
4.657777037907324,0.6178979554301426,289.0276803352925,176.0732493402527,-1.0500622987747192,-0.25394555926322937,-0.4301404356956482
5.005318060300282,0.6147858858999131,289.0069203323685,175.47044532375324,-1.0779070854187012,-0.30470389127731323,-0.4268035292625427
5.2818638850404245,0.616013484095624,291.00171820798585,175.47044532375324,-0.9449334144592285,-0.2625292241573334,-0.42081356048583984
4.738138472175261,0.6262775268966015,290.0,176.03451050395006,-0.9657995104789734,-0.19740523397922516,-0.4308357834815979
4.435857169108376,0.624279466225923,290.0017241328058,176.03451050395006,-0.9693275690078735,-0.17517438530921936,-0.43224525451660156
4.435857169108376,0.624279466225923,290.0017241328058,176.03451050395006,-0.994465172290802,-0.18133272230625153,-0.43329858779907227
4.593562446225997,0.6222694280596784,291.00171820798585,176.03451050395006,-1.0078017711639404,-0.22333446145057678,-0.4331616759300232
4.580931060241231,0.6239710762826277,291.0068727710739,176.03451050395006,-0.9504629969596863,-0.22239446640014648,-0.41274580359458923
4.266316403188138,0.6237060741830213,291.0068727710739,176.03451050395006,-1.0620143413543701,-0.24064674973487854,-0.449407160282135
4.278086401358263,0.6220036915644871,291.00171820798585,175.47044532375324,-0.9348194003105164,-0.18797841668128967,-0.39917853474617004
3.646400498521216,0.6215288795169971,291.00171820798585,176.03451050395006,-1.0656613111495972,-0.27091655135154724,-0.4183556139469147
4.38745211821233,0.6268326186247276,292.00171232374646,176.03451050395006,-0.9954909086227417,-0.24991126358509064,-0.41859859228134155
4.399454216261185,0.625114332759437,292.0068492347397,175.47044532375324,-0.9549424052238464,-0.19302387535572052,-0.3966280221939087
4.38745211821233,0.6268326186247276,292.00171232374646,175.47044532375324,-0.966075599193573,-0.1984885334968567,-0.3997794985771179
4.673893019280558,0.6305170479076707,292.00171232374646,175.47044532375324,-0.9729258418083191,-0.1994159072637558,-0.3997410833835602
4.712229889278977,0.6254009763807544,292.0,175.47044532375324,-1.0956060886383057,-0.24425430595874786,-0.4204182028770447
4.712229889278977,0.6254009763807544,292.0,175.47044532375324,-0.9777102470397949,-0.20427599549293518,-0.3960021734237671
4.231391317451704,0.6288575695454527,291.00171820798585,175.47044532375324,-0.9581295847892761,-0.17751860618591309,-0.3940773606300354
5.267196621609727,0.613511486856812,293.0,175.47044532375324,-1.0673034191131592,-0.30875474214553833,-0.42342814803123474
4.8175989635512995,0.6117496704428876,292.0,174.90723559039364,-1.0009342432022095,-0.25954359769821167,-0.3978256285190582
4.949686737198448,0.6174221150202316,291.0,174.90723559039364,-1.0033438205718994,-0.24890562891960144,-0.40486082434654236
4.895275947480555,0.6242696257758279,291.0,175.47044532375324,-0.8102452158927917,-0.21255409717559814,-0.36925631761550903
4.922331293383935,0.6208458003939454,291.0,174.90723559039364,-0.9615844488143921,-0.2576976716518402,-0.3907119631767273
5.238104531424067,0.6211500596851048,291.0,174.95689328027328,-0.8973093032836914,-0.18881988525390625,-0.37829044461250305
4.9359711926666305,0.6191302844093693,291.00171820798585,174.95689328027328,-0.9299050569534302,-0.1728195697069168,-0.37952062487602234
5.094329165492199,0.6214158933154975,290.0017241328058,174.95689328027328,-1.0391955375671387,-0.2664850652217865,-0.40396276116371155
4.908766416880388,0.6225540198612782,291.00171820798585,174.95689328027328,-0.7452720403671265,-0.2593223452568054,-0.32654234766960144
4.895275947480555,0.6242696257758279,291.0,174.90723559039364,-0.8266582489013672,-0.23069342970848083,-0.36904412508010864
4.72514873084366,0.6279920570742679,290.0017241328058,175.47044532375324,-0.9361801147460938,-0.23245492577552795,-0.37307506799697876
4.72514873084366,0.6279920570742679,290.0017241328058,175.47044532375324,-1.0127546787261963,-0.2608262598514557,-0.4107455611228943
4.72514873084366,0.6279920570742679,290.0017241328058,175.47044532375324,-1.0209028720855713,-0.22581060230731964,-0.42464613914489746
4.738138472175261,0.6262626337887499,290.0068964697219,175.47044532375324,-1.0667130947113037,-0.22953149676322937,-0.42232951521873474
4.777538965211979,0.6211192381914452,290.0017241328058,175.47044532375324,-1.101832628250122,-0.2567588686943054,-0.42064839601516724
4.337922808281358,0.6176858253026821,289.0,174.90723559039364,-1.0632731914520264,-0.20139069855213165,-0.412710577249527
5.165878406146948,0.612818847043368,290.0068964697219,175.47044532375324,-1.0914204120635986,-0.27885672450065613,-0.4124355912208557
4.8311017158207665,0.6142469503988641,290.0017241328058,175.47044532375324,-1.0281310081481934,-0.27201536297798157,-0.4121653139591217
4.350091233429541,0.6159570024855553,289.0017300986276,175.47044532375324,-1.0191761255264282,-0.25901108980178833,-0.42511701583862305
4.3258221765987,0.6194072803261227,289.0017300986276,175.47044532375324,-0.724312424659729,-0.22337396442890167,-0.31373995542526245
4.3258221765987,0.6194072803261227,289.0017300986276,175.47044532375324,-0.8788837194442749,-0.2485734224319458,-0.34666767716407776
4.619034998126713,0.6231267252570812,289.0017300986276,175.47044532375324,-0.8161734342575073,-0.20489299297332764,-0.346243292093277
4.644791140079966,0.6196481603845742,289.0155705148081,175.42535546147994,-1.011084794998169,-0.23211798071861267,-0.38517704606056213
4.606263566281381,0.6248549576012492,289.0,175.42535546147994,-1.0018670558929443,-0.2674010396003723,-0.3956283926963806
3.9733254853209967,0.624337388004581,289.0,175.42535546147994,-0.9801653623580933,-0.21176616847515106,-0.3990624248981476
3.951452265247106,0.6277893279491629,289.0,175.42535546147994,-0.989120602607727,-0.19499488174915314,-0.4139266014099121
3.951452265247106,0.6277893279491629,289.0,175.42535546147994,-1.0057718753814697,-0.19980691373348236,-0.427150160074234
4.097637905033526,0.631818998679365,288.00173610587836,174.8565925224954,-1.0035945177078247,-0.19029098749160767,-0.4131019711494446
4.108914227762433,0.6300759520864594,288.00694436072195,174.8565925224954,-1.024092435836792,-0.19187122583389282,-0.4063557982444763
4.143118239503523,0.6248925378717763,288.00173610587836,175.42535546147994,-1.080174446105957,-0.25441211462020874,-0.39762449264526367
4.2132614310311105,0.6145036060163788,288.00173610587836,175.42535546147994,-1.0677434206008911,-0.24816517531871796,-0.3753439486026764
4.683967506334529,0.614508418005062,289.0,175.42535546147994,-0.9727516174316406,-0.24597278237342834,-0.36578747630119324
4.683967506334529,0.614508418005062,289.0,174.8565925224954,-0.9796579480171204,-0.252572625875473,-0.38277509808540344
4.657777037907324,0.6179571375149995,289.0,174.8565925224954,-0.679878830909729,-0.21133558452129364,-0.25853365659713745
4.497884109270073,0.6199642789769474,288.0,174.8565925224954,-0.8927140235900879,-0.2153206169605255,-0.3520048260688782
4.350091233429541,0.6159570024855553,289.0017300986276,174.8565925224954,-0.8293013572692871,-0.20093445479869843,-0.3377373516559601
4.510497912250509,0.6182298011611749,288.00173610587836,174.8565925224954,-1.0002515316009521,-0.2714568078517914,-0.39599165320396423
4.166238666382566,0.621399491548155,288.01562457616774,175.42535546147994,-0.9895209074020386,-0.23186030983924866,-0.39396411180496216
4.17789580086401,0.6197016914422081,288.0,175.99500046902872,-0.9921145439147949,-0.25174111127853394,-0.41690462827682495
4.497884109270073,0.6199493305333169,288.00694436072195,175.99500046902872,-0.9111382365226746,-0.21974118053913116,-0.37651097774505615
4.189618272264719,0.6179664797845037,288.00173610587836,175.42535546147994,-1.0006316900253296,-0.24989278614521027,-0.3881222605705261
4.337922808281358,0.6219751541434622,287.0069685565143,175.42535546147994,-0.8257695436477661,-0.22824883460998535,-0.325711190700531
4.0065927066425315,0.6234705679258303,287.0017421549911,175.42535546147994,-1.0104224681854248,-0.311538428068161,-0.36042869091033936
3.8361784261480074,0.6229228579574047,288.0,175.42535546147994,-0.9378417134284973,-0.1985856294631958,-0.3631593585014343
3.9954419703656323,0.62088554010154,289.0,175.42535546147994,-0.9962188005447388,-0.2129165679216385,-0.3648427128791809
4.9359711926666305,0.6234148719177388,289.0017300986276,175.95469601855126,-1.0030319690704346,-0.2188902646303177,-0.3853965401649475
5.410812406405004,0.6260490601339875,288.00173610587836,175.95469601855126,-1.0026226043701172,-0.20643451809883118,-0.3737529516220093
4.9359711926666305,0.6234148719177388,289.0017300986276,175.37936040046287,-1.086178183555603,-0.29277268052101135,-0.40291595458984375
4.619034998126713,0.6231267252570812,289.0017300986276,175.37936040046287,-1.0379931926727295,-0.21540963649749756,-0.4022570252418518
4.9359711926666305,0.6234148719177388,289.0017300986276,175.37936040046287,-1.0174638032913208,-0.21801498532295227,-0.399813711643219
4.9359711926666305,0.6234148719177388,289.0017300986276,175.37936040046287,-1.0165464878082275,-0.21781210601329803,-0.39727675914764404
4.922331293383935,0.6251423111084485,289.0,175.37936040046287,-1.0543125867843628,-0.26566439867019653,-0.39932626485824585
3.962358718250293,0.6304223305228089,287.0017421549911,175.37936040046287,-0.6644097566604614,-0.13239413499832153,-0.2628515958786011
4.108914227762433,0.6300759520864594,288.00694436072195,175.3324326714741,-0.8880189657211304,-0.19278104603290558,-0.35831138491630554
3.7939331569789894,0.6298367342062072,288.00694436072195,174.75223090985418,-1.0478124618530273,-0.20809626579284668,-0.4098082184791565
3.9406056309985154,0.6295115633926295,289.0017300986276,174.75223090985418,-1.024680733680725,-0.18950513005256653,-0.39618855714797974
4.097637905033526,0.631818998679365,288.00173610587836,174.69844966054984,-1.004601240158081,-0.20064306259155273,-0.39061060547828674
4.086423236790752,0.6335544943940351,288.0,175.28454368504592,-0.8023282289505005,-0.15697091817855835,-0.3235396444797516
4.086423236790752,0.6335544943940351,288.0,175.28454368504592,-0.9444862604141235,-0.20100125670433044,-0.35551637411117554
4.0641768559217155,0.6370179406813455,288.0,175.28454368504592,-0.9381269216537476,-0.20078369975090027,-0.3649071455001831
3.7424162604533753,0.6385098708769208,288.00173610587836,175.28454368504592,-0.9343268275260925,-0.16084101796150208,-0.3776520788669586
4.185703325560732,0.6401111938555051,289.0017300986276,174.69844966054984,-0.8372031450271606,-0.17178480327129364,-0.37560585141181946
4.802875728663948,0.6406533917101668,289.0017300986276,174.69844966054984,-0.921645998954773,-0.19482335448265076,-0.3762136399745941
4.77711170297418,0.6441014973012914,289.0017300986276,175.28454368504592,-0.9953145980834961,-0.19908960163593292,-0.3816424608230591
5.070069429075209,0.6461260208105446,289.0,175.28454368504592,-0.9813668131828308,-0.22590069472789764,-0.3824285566806793
3.7221988458301634,0.6375473524426831,290.0017241328058,174.69844966054984,-0.9124417304992676,-0.17577579617500305,-0.3699333369731903
3.567591540131073,0.6396434130316613,289.0017300986276,174.69844966054984,-0.9235861897468567,-0.1777569204568863,-0.39606061577796936
3.538908919810254,0.6448275813262688,289.0,174.69844966054984,-0.9406191110610962,-0.1782359778881073,-0.4159613251686096
3.538908919810254,0.6448275813262688,289.0,175.28454368504592,-0.9779268503189087,-0.1998632252216339,-0.4201106131076813
3.5200419083445196,0.6482812293327842,289.0,175.28454368504592,-0.9807907938957214,-0.16047993302345276,-0.40865558385849
4.118989633521212,0.6504645181767529,289.0017300986276,175.2356636739104,-0.8691573143005371,-0.16305719316005707,-0.3820118308067322
3.206244352292756,0.6498015397721701,289.0017300986276,175.2356636739104,-1.0044258832931519,-0.19993022084236145,-0.41567283868789673
3.1977402718792827,0.6515172332592096,289.0069203323685,175.2356636739104,-0.9882434606552124,-0.20597107708454132,-0.41468364000320435
3.501374910300467,0.651719340993704,289.0069203323685,175.2356636739104,-0.9874134063720703,-0.20547819137573242,-0.41417717933654785
3.5106836066566554,0.6500041882500355,289.0017300986276,175.2356636739104,-0.9440086483955383,-0.20444686710834503,-0.398179829120636
5.056550762538584,0.6478454967918922,289.0017300986276,175.2356636739104,-0.9886289834976196,-0.259142130613327,-0.40081262588500977
5.056550762538584,0.6478454967918922,289.0017300986276,175.2356636739104,-0.9552237391471863,-0.21978974342346191,-0.4007946848869324
5.083660411258397,0.6443988449795168,289.0017300986276,175.2356636739104,-0.9593318104743958,-0.2287454605102539,-0.4031682014465332
5.024730521982465,0.6343817445533567,288.0,175.2356636739104,-0.908789336681366,-0.20807692408561707,-0.365970253944397
5.960390917232532,0.6353787155434317,288.0,175.28454368504592,-0.9172647595405579,-0.2621486186981201,-0.36603987216949463
5.44830338036406,0.6378251755279034,289.0017300986276,175.28454368504592,-0.917013943195343,-0.25066322088241577,-0.37820717692375183
5.404400283168748,0.6429960508598106,289.0,174.69844966054984,-0.8199378252029419,-0.21061256527900696,-0.35186895728111267
5.7111691474638215,0.6433311361501916,289.0,174.6435574998653,-0.9722827076911926,-0.23694896697998047,-0.3986758291721344
5.404400283168748,0.6429960508598106,289.0,174.6435574998653,-0.9629932641983032,-0.22964134812355042,-0.39649808406829834
5.695879588784646,0.6450179249777283,289.0155705148081,174.6435574998653,-1.0827091932296753,-0.3251725137233734,-0.4087507128715515
4.482323112172403,0.6421016351824852,289.0,174.6435574998653,-0.6831973195075989,-0.19078585505485535,-0.3106054663658142
4.77711170297418,0.6441014973012914,289.0017300986276,174.6435574998653,-0.967246413230896,-0.2529982626438141,-0.38322609663009644
4.764332873094272,0.6458140002696764,289.0069203323685,174.6435574998653,-0.9503656625747681,-0.2509801983833313,-0.38179656863212585
4.305234188219526,0.6476445814353713,288.00694436072195,175.2356636739104,-0.9474031329154968,-0.1966385841369629,-0.39165931940078735
4.446429172966175,0.6472723293404156,289.0017300986276,175.82876961724665,-0.8653368949890137,-0.19198593497276306,-0.3860139846801758
4.726402571888606,0.6509980930982329,289.0017300986276,175.82876961724665,-1.0243048667907715,-0.25557249784469604,-0.39688998460769653
4.701448856325101,0.6544465792509576,289.0017300986276,174.6435574998653,-0.9225075840950012,-0.21411068737506866,-0.3897114396095276
4.738978845630395,0.6492777835889489,289.0,175.2356636739104,-0.8075337409973145,-0.18631254136562347,-0.3509184718132019
4.751622100956641,0.6475497317800107,289.0017300986276,175.2356636739104,-1.0324913263320923,-0.27104654908180237,-0.39898383617401123
4.751622100956641,0.6475497317800107,289.0017300986276,175.2356636739104,-0.8328225016593933,-0.16070656478405,-0.36192232370376587
5.043103837575596,0.649572765311638,289.0,175.82876961724665,-0.9964355230331421,-0.2366153746843338,-0.3875921368598938
5.043103837575596,0.649572765311638,289.0,175.82876961724665,-0.7293809056282043,-0.19448986649513245,-0.3118641972541809
5.056550762538584,0.6478454967918922,289.0017300986276,175.2356636739104,-0.9954690933227539,-0.27337875962257385,-0.35910046100616455
4.726402571888606,0.6509980930982329,289.0017300986276,174.6435574998653,-0.7653936743736267,-0.1642283797264099,-0.33870750665664673
5.029728086157592,0.6512922921413282,289.0017300986276,174.6435574998653,-0.8847132921218872,-0.17462372779846191,-0.37467747926712036
5.016422946221396,0.6530196522111913,289.0,175.2356636739104,-0.8972643613815308,-0.16220399737358093,-0.3871126174926758
5.043103837575596,0.649572765311638,289.0,175.28454368504592,-1.0126550197601318,-0.24516995251178741,-0.3978208303451538
4.550482337448607,0.6520508630309834,290.0017241328058,174.69844966054984,-0.9848648309707642,-0.23111656308174133,-0.41951021552085876
4.701448856325101,0.6544465792509576,289.0017300986276,175.28454368504592,-0.9596031904220581,-0.21680745482444763,-0.3945240378379822
4.852351425409047,0.6523334518427113,290.0017241328058,175.28454368504592,-1.0128371715545654,-0.25665760040283203,-0.40221041440963745
4.538498183844674,0.6537734588211244,290.0,175.28454368504592,-0.9957772493362427,-0.24705132842063904,-0.4017292559146881
4.5625298444641285,0.6503205839564179,290.0068964697219,175.28454368504592,-0.9889084100723267,-0.23756761848926544,-0.40136250853538513
4.878098936279697,0.6488976171710688,290.0017241328058,175.28454368504592,-0.9597607851028442,-0.23635420203208923,-0.3790915012359619
5.332775988664389,0.6471264031195352,291.00171820798585,174.69844966054984,-0.980156421661377,-0.24960899353027344,-0.3792243003845215
5.167585860437925,0.6509208674446176,290.0,174.69844966054984,-0.9695108532905579,-0.23797085881233215,-0.3799383044242859
5.361197266679837,0.6481595992387034,289.0017300986276,175.28454368504592,-0.9950440526008606,-0.23471827805042267,-0.40733203291893005
5.361197266679837,0.6481595992387034,289.0017300986276,175.28454368504592,-0.9938192367553711,-0.22155852615833282,-0.4054667055606842
5.361197266679837,0.6481595992387034,289.0017300986276,175.3324326714741,-1.0399885177612305,-0.24081924557685852,-0.40552082657814026
5.650496751519984,0.650217571278491,289.0,175.28454368504592,-1.0025479793548584,-0.20547457039356232,-0.4039124548435211
5.650496751519984,0.6502020016800732,289.0069203323685,175.28454368504592,-0.9897162318229675,-0.20603422820568085,-0.4075680375099182
5.208910389645031,0.6457658004423492,290.0017241328058,175.28454368504592,-0.7108707427978516,-0.1812681257724762,-0.29542607069015503
5.802153770693666,0.6481320406842251,290.0068964697219,175.28454368504592,-0.8748412132263184,-0.2355118691921234,-0.3277946710586548
5.771506119904347,0.6515626658034525,290.0068964697219,174.69844966054984,-0.8443942070007324,-0.19054941833019257,-0.3413671553134918
5.346948956849071,0.6498704750269246,289.0069203323685,174.69844966054984,-0.8960561752319336,-0.18979354202747345,-0.37301772832870483
5.346948956849071,0.6454042229946955,291.0068727710739,174.69844966054984,-0.9047632217407227,-0.18963360786437988,-0.37433692812919617
5.346948956849071,0.6454042229946955,291.0068727710739,174.69844966054984,-0.9063215255737305,-0.16342803835868835,-0.3756404221057892
5.346948956849071,0.6454042229946955,291.0068727710739,174.69844966054984,-0.9361982345581055,-0.20149676501750946,-0.382451593875885
5.070069429075209,0.641670137342764,291.0068727710739,174.69844966054984,-0.7744185924530029,-0.16660113632678986,-0.3673331141471863
5.043103837575596,0.6450931120352669,291.0068727710739,174.69844966054984,-0.9151094555854797,-0.17319607734680176,-0.3906821310520172
5.029728086157592,0.646785558970613,291.0154635066666,174.69844966054984,-0.7232596278190613,-0.17353421449661255,-0.325308233499527
5.016422946221396,0.6485162281442061,291.0068727710739,174.69844966054984,-0.9121449589729309,-0.17396274209022522,-0.3709152638912201
5.484190410711528,0.6450716207120524,292.00171232374646,174.69844966054984,-1.0312905311584473,-0.21865956485271454,-0.41971439123153687
5.181287828299379,0.6447533721449056,292.00171232374646,174.69844966054984,-1.0101181268692017,-0.21133747696876526,-0.4328010678291321
5.181287828299379,0.6447533721449056,292.00171232374646,174.69844966054984,-1.0074223279953003,-0.21061643958091736,-0.43179789185523987
5.181287828299379,0.6447533721449056,292.00171232374646,174.69844966054984,-0.9781239628791809,-0.19510868191719055,-0.4297505021095276
5.208910389645031,0.6457658004423492,290.0017241328058,174.69844966054984,-0.9924427270889282,-0.199689120054245,-0.4261918067932129
5.361197266679837,0.6437049468917277,291.00171820798585,174.6435574998653,-0.8478788137435913,-0.18555371463298798,-0.3614506125450134
4.891075223535436,0.6471835970484517,290.0,174.6435574998653,-0.8830877542495728,-0.1864749789237976,-0.39523693919181824
4.865191183619581,0.6506193861741817,290.0,174.6435574998653,-0.8971940875053406,-0.1880737692117691,-0.3714618384838104
5.484190410711528,0.6495203377779396,290.0017241328058,174.6435574998653,-0.9643900990486145,-0.23103873431682587,-0.372060090303421
5.484190410711528,0.6495203377779396,290.0017241328058,174.6435574998653,-0.9110525250434875,-0.1953524649143219,-0.37287911772727966
5.5281353438017025,0.6443756461530813,290.0,174.6435574998653,-0.7619582414627075,-0.14922545850276947,-0.3182455897331238
5.542940138399473,0.6426557261329128,290.0017241328058,174.6435574998653,-1.0090558528900146,-0.29816675186157227,-0.37638789415359497
5.542940138399473,0.6426557261329128,290.0017241328058,174.6435574998653,-0.8997721672058105,-0.22593538463115692,-0.3469823896884918
5.513409205348776,0.6460879470276016,290.0017241328058,174.6435574998653,-0.9990285038948059,-0.2637421488761902,-0.38945311307907104
5.513409205348776,0.6460879470276016,290.0017241328058,174.6435574998653,-0.8688396215438843,-0.2230721414089203,-0.34929853677749634
5.542940138399473,0.6426557261329128,290.0017241328058,174.6435574998653,-0.9289535284042358,-0.21489694714546204,-0.3849807381629944
5.2228321456214575,0.6440373234500565,290.0068964697219,174.69844966054984,-0.7702913880348206,-0.21004608273506165,-0.3450648784637451
5.2228321456214575,0.6440373234500565,290.0068964697219,174.11345072578337,-0.7917553782463074,-0.20161399245262146,-0.35963642597198486
4.930420780624297,0.6420263473678816,290.0017241328058,174.11345072578337,-0.8483115434646606,-0.19132566452026367,-0.35488200187683105
5.250899560886572,0.6406035192321287,290.0068964697219,174.11345072578337,-0.9446341395378113,-0.25315016508102417,-0.3858746290206909
5.23682833709527,0.642301309880989,290.01551682625535,174.11345072578337,-0.6799136400222778,-0.21669776737689972,-0.2754057049751282
4.930420780624297,0.6419958135789927,290.01551682625535,174.11345072578337,-0.9221962094306946,-0.2165411412715912,-0.36455583572387695
5.4987610998629615,0.6477925676103173,290.0068964697219,175.28454368504592,-0.7023444175720215,-0.19812467694282532,-0.31268295645713806
5.802153770693666,0.6481320406842251,290.0068964697219,175.28454368504592,-0.9695595502853394,-0.21320509910583496,-0.35686057806015015
5.833127612947254,0.6447016030193613,290.0068964697219,175.28454368504592,-0.9197456240653992,-0.179344043135643,-0.3489311635494232
5.542940138399473,0.6426251624117347,290.01551682625535,174.69844966054984,-0.9695611000061035,-0.2615271210670471,-0.36984437704086304
5.250899560886572,0.6406035192321287,290.0068964697219,174.69844966054984,-0.8275226354598999,-0.2108955681324005,-0.3392740786075592
5.542940138399473,0.6426251624117347,290.01551682625535,174.69844966054984,-0.9701119661331177,-0.2231164276599884,-0.3985101878643036
5.542940138399473,0.6426251624117347,290.01551682625535,174.69844966054984,-0.8454170227050781,-0.19382090866565704,-0.3664986789226532
5.542940138399473,0.6426251624117347,290.01551682625535,174.6435574998653,-0.9617477655410767,-0.19090212881565094,-0.3878861963748932
5.773154576486908,0.6363844854562188,289.0276803352925,175.2356636739104,-0.7203882932662964,-0.16419240832328796,-0.2836933732032776
6.099414335637259,0.6394731612629423,287.01567901423084,175.2356636739104,-1.012143850326538,-0.28361275792121887,-0.37972405552864075
5.864432863226815,0.6457399850382073,288.0,175.2356636739104,-0.9704446792602539,-0.273780882358551,-0.3981954753398895
5.695879588784646,0.6450488151612978,289.0017300986276,174.6435574998653,-0.924220860004425,-0.24036216735839844,-0.3922203779220581
5.66554403358735,0.6484920124747817,289.0017300986276,175.2356636739104,-0.8792007565498352,-0.20745854079723358,-0.3905969262123108
5.66554403358735,0.6484920124747817,289.0017300986276,175.2356636739104,-0.8680996894836426,-0.21101441979408264,-0.3762161433696747
5.650496751519984,0.6502020016800732,289.0069203323685,174.6435574998653,-0.9385697245597839,-0.21846413612365723,-0.3980385363101959
5.66554403358735,0.6484920124747817,289.0017300986276,174.6435574998653,-0.7513371109962463,-0.19820630550384521,-0.32614070177078247
5.9222927463746124,0.6539463514872764,289.0276803352925,174.6435574998653,-0.9692573547363281,-0.2726653218269348,-0.39590591192245483
6.2072427738138325,0.6560596157793654,289.0155705148081,174.6435574998653,-0.9110992550849915,-0.260488361120224,-0.38865435123443604
5.469696527722126,0.6511785274826645,290.02758489495443,174.05258123422658,-0.9933220148086548,-0.23332838714122772,-0.39157170057296753
5.66554403358735,0.6484609574029206,289.0155705148081,174.05258123422658,-0.6612449288368225,-0.20199307799339294,-0.2610454261302948
5.5281353438017025,0.6488348320722622,288.00694436072195,174.05258123422658,-0.9188004732131958,-0.21610787510871887,-0.35305893421173096
5.66554403358735,0.6484920124747817,289.0017300986276,174.05258123422658,-0.8082162737846375,-0.2146054208278656,-0.3456919193267822
5.6355289540159506,0.6519041697231586,289.0155705148081,173.9904440601303,-0.9099410176277161,-0.23821501433849335,-0.40612173080444336
5.605829315060473,0.6553475591029229,289.0155705148081,173.9904440601303,-0.6611741781234741,-0.19536474347114563,-0.2827998101711273
5.756303015889403,0.6532586298446768,290.01551682625535,173.9904440601303,-0.9804128408432007,-0.2630273699760437,-0.38243430852890015
5.605829315060473,0.6553475591029229,289.0155705148081,173.9904440601303,-0.9602979421615601,-0.22977492213249207,-0.3801693320274353
5.937969916630917,0.6522529975960636,289.0155705148081,173.9904440601303,-0.9745883941650391,-0.26064348220825195,-0.38973018527030945
5.9695737450768895,0.6488116364913027,289.0155705148081,173.9904440601303,-0.8517515063285828,-0.2396387755870819,-0.3608371615409851
5.66554403358735,0.6484609574029206,289.0155705148081,173.9904440601303,-0.9801579713821411,-0.24577727913856506,-0.3940318524837494
5.6206400150319,0.6536454059412323,289.0069203323685,173.3946645212623,-0.7277132272720337,-0.236270934343338,-0.3074031472206116
5.003187861591238,0.6546451795538558,289.0432493589843,173.3946645212623,-0.9057736396789551,-0.23591160774230957,-0.38223326206207275
5.208910389645031,0.6502188754009903,288.01562457616774,173.46286116040486,-0.703187108039856,-0.19526341557502747,-0.28467392921447754
4.751622100956641,0.6520305561270944,287.01567901423084,173.46286116040486,-0.8588262796401978,-0.19561895728111267,-0.37479913234710693
4.458329871677415,0.650034151980132,287.0069685565143,173.46286116040486,-0.8496013879776001,-0.16901925206184387,-0.37257713079452515
4.494416685291138,0.6448041656719893,287.01567901423084,174.05258123422658,-0.9675287008285522,-0.24211831390857697,-0.3813033699989319
4.943676723309995,0.6447434892689115,288.00694436072195,174.05258123422658,-0.6694349646568298,-0.2312229871749878,-0.2643420994281769
5.056550762538584,0.6477524378264301,289.0432493589843,174.05258123422658,-0.9366615414619446,-0.2717221677303314,-0.3607020974159241
5.056550762538584,0.6478144726804603,289.0155705148081,174.05258123422658,-0.730596125125885,-0.238285094499588,-0.32974281907081604
5.5281353438017025,0.6487879040374489,288.0277764383151,174.05258123422658,-0.8798714876174927,-0.23635010421276093,-0.37271207571029663
5.070069429075209,0.6461105491851754,289.0069203323685,174.05258123422658,-0.8423303365707397,-0.1948649287223816,-0.37022721767425537
5.361197266679837,0.6481285600854916,289.0155705148081,174.05258123422658,-0.9599469304084778,-0.23895768821239471,-0.42295050621032715
5.375521518670231,0.6464254833458526,289.0069203323685,174.05258123422658,-0.8433933258056641,-0.23710116744041443,-0.4154120087623596
5.5281353438017025,0.6488348320722622,288.00694436072195,174.05258123422658,-0.94859379529953,-0.23585155606269836,-0.42724156379699707
4.648679182044335,0.6427348448630376,288.00173610587836,174.05258123422658,-0.9136254191398621,-0.1888376772403717,-0.4140593409538269
4.636173827047231,0.6444691364174886,288.0,174.05258123422658,-0.9800764918327332,-0.19994695484638214,-0.42179736495018005
4.726402571888606,0.6509669180148491,289.0155705148081,173.52966961524828,-0.7879937887191772,-0.21738126873970032,-0.3737226724624634
4.599057538108803,0.6451456328192322,290.01551682625535,173.46286116040486,-0.8165014386177063,-0.19383949041366577,-0.36309993267059326
4.904120591254826,0.6454312177913432,290.01551682625535,173.46286116040486,-0.9554325342178345,-0.21119654178619385,-0.41170039772987366
5.4987610998629615,0.6477925676103173,290.0068964697219,174.05258123422658,-0.7727245092391968,-0.21278710663318634,-0.34388500452041626
5.937969916630917,0.6476177168193928,291.08418026406036,173.9904440601303,-1.0066711902618408,-0.2749612033367157,-0.40827760100364685
6.27326931094735,0.6446584284626484,291.04295215655026,173.46286116040486,-0.7588188052177429,-0.2462366819381714,-0.3166770935058594
6.442110266757342,0.6453928487529238,290.02758489495443,173.9904440601303,-0.9724901914596558,-0.2594819664955139,-0.3961685001850128
6.256631829033021,0.6464004707343334,291.02749011047047,174.05258123422658,-0.8563558459281921,-0.20657339692115784,-0.39145609736442566
5.817599594429644,0.6463975842848109,290.01551682625535,173.3946645212623,-0.9078512191772461,-0.20427946746349335,-0.40479081869125366
5.817599594429644,0.6463975842848109,290.01551682625535,173.46286116040486,-0.9042832255363464,-0.20453901588916779,-0.393932044506073
5.953730030356746,0.6505517631920846,289.0069203323685,173.46286116040486,-0.955420970916748,-0.20028933882713318,-0.3940308690071106
5.680671432883788,0.6467742630417195,289.0,174.05258123422658,-0.9448105692863464,-0.19301536679267883,-0.38392120599746704
6.001514642404682,0.6454013819987398,289.0017300986276,174.05258123422658,-0.9883307218551636,-0.2965388596057892,-0.3807384669780731
5.9855017252589855,0.6471258940309994,289.0,174.05258123422658,-1.0398070812225342,-0.2846798300743103,-0.4316229820251465
5.650496751519984,0.650217571278491,289.0,174.05258123422658,-1.0211824178695679,-0.23522846400737762,-0.43263959884643555
5.9695737450768895,0.6488427083573349,289.0017300986276,174.05258123422658,-0.7279818058013916,-0.19074460864067078,-0.3068479001522064
6.306810134714586,0.6457722970346014,289.0017300986276,174.6435574998653,-1.0070326328277588,-0.3097124397754669,-0.37389466166496277
6.137791624557486,0.6450764756499491,290.0,174.05258123422658,-0.8443371653556824,-0.2088232785463333,-0.35732725262641907
5.9855017252589855,0.6471258940309994,289.0,174.05258123422658,-0.9796465635299683,-0.23970112204551697,-0.39376673102378845
6.289995178422439,0.6474958256166274,289.0,174.05258123422658,-0.7249026894569397,-0.19399185478687286,-0.3108828365802765
5.802153770693666,0.6481320406842251,290.0068964697219,174.05258123422658,-1.0111799240112305,-0.2555096447467804,-0.4175046980381012
5.4987610998629615,0.6477925676103173,290.0068964697219,174.05258123422658,-0.9847930073738098,-0.19916829466819763,-0.4170669615268707
5.802153770693666,0.6481320406842251,290.0068964697219,174.05258123422658,-0.983777642250061,-0.2141292840242386,-0.4164091944694519
6.137791624557486,0.6450611354962443,290.0068964697219,174.05258123422658,-0.9206730127334595,-0.2169986516237259,-0.38770127296447754
5.361197266679837,0.6481285600854916,289.0155705148081,174.05258123422658,-0.9278855323791504,-0.20104236900806427,-0.3881341218948364
5.4987610998629615,0.6477925676103173,290.0068964697219,174.11345072578337,-0.7655428647994995,-0.1981678307056427,-0.3311850428581238
5.833127612947254,0.6447016030193613,290.0068964697219,174.05258123422658,-0.9359057545661926,-0.23600760102272034,-0.385274201631546
5.375521518670231,0.6419829071100903,291.0068727710739,173.9904440601303,-0.7547482252120972,-0.22962820529937744,-0.35037416219711304
5.848738481730538,0.6429979234295571,290.0017241328058,173.9904440601303,-0.8959711194038391,-0.21926721930503845,-0.3537711203098297
5.695879588784646,0.6450488151612978,289.0017300986276,173.9904440601303,-0.9939107894897461,-0.2343563586473465,-0.3685772120952606
5.680671432883788,0.6467742630417195,289.0,173.9904440601303,-0.987190842628479,-0.22959432005882263,-0.3974551856517792
5.680671432883788,0.6467742630417195,289.0,173.9904440601303,-0.8412267565727234,-0.149493008852005,-0.35111767053604126
5.8802114269395656,0.6395677114283609,290.0017241328058,174.11345072578337,-0.9489585757255554,-0.1962055116891861,-0.357482373714447
5.433590183584215,0.6395513043546436,289.0,174.6435574998653,-0.9338370561599731,-0.1978219896554947,-0.3603728413581848
5.404400283168748,0.6429806541822394,289.0069203323685,174.05258123422658,-0.9825509786605835,-0.2084069550037384,-0.401078462600708
5.5281353438017025,0.6443603226653575,290.0068964697219,174.6435574998653,-0.6952083706855774,-0.20114600658416748,-0.3035087287425995
5.5281353438017025,0.6443603226653575,290.0068964697219,174.05258123422658,-0.8034243583679199,-0.20459334552288055,-0.352954238653183
5.5281353438017025,0.6443603226653575,290.0068964697219,174.05258123422658,-0.8333556056022644,-0.20612946152687073,-0.3611641526222229
5.557824218952115,0.6409434908035658,290.0,174.05258123422658,-0.9530385136604309,-0.20467975735664368,-0.3765999972820282
5.848738481730538,0.6429979234295571,290.0017241328058,174.6435574998653,-0.9899627566337585,-0.2827954888343811,-0.3787011504173279
5.542940138399473,0.6426557261329128,290.0017241328058,174.6435574998653,-0.9964154362678528,-0.26873865723609924,-0.3904188871383667
5.557824218952115,0.6409434908035658,290.0,174.6435574998653,-0.8198526501655579,-0.19696520268917084,-0.3457801938056946
5.833127612947254,0.6447016030193613,290.0068964697219,174.6435574998653,-1.0258036851882935,-0.28451699018478394,-0.3913117051124573
5.833127612947254,0.6447016030193613,290.0068964697219,174.6435574998653,-0.8789207339286804,-0.19018176198005676,-0.3686143755912781
5.833127612947254,0.6447016030193613,290.0068964697219,174.6435574998653,-0.8797858357429504,-0.19532348215579987,-0.38348525762557983
5.848738481730538,0.6429673434340002,290.01551682625535,174.6435574998653,-0.9424174427986145,-0.21598997712135315,-0.3938242197036743
5.833127612947254,0.6447016030193613,290.0068964697219,174.6435574998653,-0.9387063980102539,-0.20914354920387268,-0.39347225427627563
5.833127612947254,0.6447016030193613,290.0068964697219,174.6435574998653,-0.9382750391960144,-0.19571258127689362,-0.3588680624961853
5.572788221989841,0.6391932773316986,290.01551682625535,174.11345072578337,-0.9409081339836121,-0.19609668850898743,-0.3650243282318115
5.587832790853118,0.6374963491807575,290.0068964697219,174.69844966054984,-0.9279152154922485,-0.1931106597185135,-0.3649645745754242
5.864432863226815,0.6412713558171842,290.0068964697219,174.69844966054984,-0.8971570730209351,-0.19343170523643494,-0.3526127338409424
5.250899560886572,0.6406035192321287,290.0068964697219,174.69844966054984,-0.9407965540885925,-0.2078642100095749,-0.38221219182014465
5.557824218952115,0.6409282489337471,290.0068964697219,174.6435574998653,-1.0079493522644043,-0.2736727297306061,-0.3927873969078064
5.557824218952115,0.6409282489337471,290.0068964697219,174.6435574998653,-0.783025324344635,-0.23243601620197296,-0.32677963376045227
5.557824218952115,0.6409282489337471,290.0068964697219,174.6435574998653,-0.8310674428939819,-0.2229526937007904,-0.3332732915878296
5.572788221989841,0.6391932773316986,290.01551682625535,174.69844966054984,-0.9551113843917847,-0.22942979633808136,-0.3346332311630249
4.957003988688068,0.6385605461303432,290.01551682625535,174.69844966054984,-0.6984983682632446,-0.1962786167860031,-0.2924138605594635
5.265046420194396,0.6388676851243641,290.01551682625535,174.69844966054984,-0.9310024380683899,-0.22927913069725037,-0.3370139002799988
5.265046420194396,0.6388676851243641,290.01551682625535,174.69844966054984,-0.8768766522407532,-0.17162629961967468,-0.34013721346855164
5.864432863226815,0.6412713558171842,290.0068964697219,174.69844966054984,-0.8816255331039429,-0.18474861979484558,-0.34132352471351624
6.033798009322592,0.6419295161254355,289.0155705148081,174.69844966054984,-1.0383245944976807,-0.2474277913570404,-0.3919510543346405
6.017613175142534,0.6436692348817288,289.0069203323685,174.69844966054984,-0.9495471119880676,-0.19013811647891998,-0.3851234018802643
6.001514642404682,0.6453704749314025,289.0155705148081,174.69844966054984,-1.019521951675415,-0.25260260701179504,-0.391387403011322
5.817599594429644,0.6463975842848109,290.01551682625535,174.11345072578337,-0.9924427270889282,-0.22725661098957062,-0.3891615569591522
5.817599594429644,0.6463975842848109,290.01551682625535,174.11345072578337,-0.9810770750045776,-0.19398769736289978,-0.4029690623283386
5.513409205348776,0.6460572200752592,290.01551682625535,174.05258123422658,-0.962794303894043,-0.17763763666152954,-0.39849427342414856
5.4987610998629615,0.6477925676103173,290.0068964697219,174.05258123422658,-0.964812159538269,-0.17749089002609253,-0.3965499699115753
5.513409205348776,0.6460879470276016,290.0017241328058,174.05258123422658,-1.069291114807129,-0.25298628211021423,-0.40152788162231445
5.896074849521886,0.6378413021505622,290.0068964697219,174.69844966054984,-1.0577561855316162,-0.1905931532382965,-0.34634655714035034
5.602958575783446,0.6357615676300039,290.01551682625535,174.69844966054984,-0.9398358464241028,-0.18157921731472015,-0.35933762788772583
5.572788221989841,0.6391932773316986,290.01551682625535,174.69844966054984,-0.9616343379020691,-0.21682974696159363,-0.40393248200416565
5.833127612947254,0.6446556147701049,290.02758489495443,174.69844966054984,-0.9667024612426758,-0.22997906804084778,-0.40042024850845337
5.817599594429644,0.6463975842848109,290.01551682625535,174.11345072578337,-0.902049720287323,-0.2150784730911255,-0.39140528440475464
5.802153770693666,0.64808580773289,290.02758489495443,174.69844966054984,-0.9830765724182129,-0.26637011766433716,-0.3928369879722595
5.817599594429644,0.6463975842848109,290.01551682625535,174.11345072578337,-0.9066511988639832,-0.2653065025806427,-0.3773137331008911
5.513409205348776,0.6459957793202222,290.0431002454635,174.11345072578337,-1.03717839717865,-0.2901785969734192,-0.4030907154083252
5.786789493127991,0.6498280140805685,290.01551682625535,174.6435574998653,-0.7501345276832581,-0.21016323566436768,-0.33070364594459534
6.057011806584952,0.6535512749367942,290.0431002454635,174.6435574998653,-0.9876646995544434,-0.3197583854198456,-0.3989885449409485
5.786789493127991,0.6498280140805685,290.01551682625535,174.05258123422658,-0.8708674311637878,-0.23773011565208435,-0.35846948623657227
5.786789493127991,0.6497662147188576,290.0431002454635,174.05258123422658,-1.0180864334106445,-0.25969836115837097,-0.36090153455734253
5.605829315060473,0.6507824610791575,291.04295215655026,174.05258123422658,-0.879168689250946,-0.1875055432319641,-0.3611670434474945
5.605829315060473,0.6507824610791575,291.04295215655026,174.05258123422658,-0.9182212948799133,-0.20170040428638458,-0.4033406376838684
5.906697868915043,0.6511885438931065,291.0154635066666,174.05258123422658,-0.9008952975273132,-0.2057909071445465,-0.3897649347782135
5.9222927463746124,0.6494527268432395,291.02749011047047,174.05258123422658,-0.9983757138252258,-0.25268587470054626,-0.4090946316719055
5.9695737450768895,0.6488427083573349,289.0017300986276,174.6435574998653,-0.8690452575683594,-0.17965959012508392,-0.3587881922721863
6.033798009322592,0.6419602584037877,289.0017300986276,174.6435574998653,-1.0001380443572998,-0.26465392112731934,-0.3694567382335663
5.111061649563294,0.6409523390197668,289.0017300986276,174.11345072578337,-0.9589585065841675,-0.22482308745384216,-0.3857915699481964
5.404400283168748,0.6429960508598106,289.0,174.69844966054984,-0.979216456413269,-0.21980583667755127,-0.39465200901031494
5.375521518670231,0.646440962512568,289.0,174.6435574998653,-0.8486114740371704,-0.16816605627536774,-0.3764774203300476
5.680671432883788,0.6467742630417195,289.0,174.6435574998653,-0.8737823367118835,-0.2152300775051117,-0.37262824177742004
5.680671432883788,0.6467742630417195,289.0,174.6435574998653,-0.9240072965621948,-0.18383349478244781,-0.3784673810005188
5.7111691474638215,0.6433311361501916,289.0,175.2356636739104,-0.7764407396316528,-0.18698063492774963,-0.3242753744125366
5.404400283168748,0.6429960508598106,289.0,175.2356636739104,-0.9552437663078308,-0.18782392144203186,-0.3950585722923279
5.375521518670231,0.646440962512568,289.0,174.6435574998653,-0.805827260017395,-0.16189773380756378,-0.3538541793823242
5.680671432883788,0.6467742630417195,289.0,174.6435574998653,-0.9369107484817505,-0.2499970644712448,-0.37987151741981506
5.695879588784646,0.6450488151612978,289.0017300986276,174.6435574998653,-1.0396324396133423,-0.2512132525444031,-0.4012466073036194
5.083660411258397,0.6443988449795168,289.0017300986276,174.6435574998653,-1.0179334878921509,-0.20326006412506104,-0.39958828687667847
5.3899223197139445,0.6447146266238096,289.0017300986276,174.6435574998653,-0.9783949851989746,-0.15780869126319885,-0.3900250196456909
5.650496751519984,0.6502020016800732,289.0069203323685,174.6435574998653,-0.9784778356552124,-0.21355374157428741,-0.3937293589115143
5.4987610998629615,0.6477925676103173,290.0068964697219,174.6435574998653,-0.9718812108039856,-0.2032286673784256,-0.39461809396743774
5.4987610998629615,0.6477925676103173,290.0068964697219,174.6435574998653,-1.0026918649673462,-0.22177882492542267,-0.41039976477622986
5.5281353438017025,0.6443603226653575,290.0068964697219,174.6435574998653,-0.8361679911613464,-0.20832128822803497,-0.34410399198532104
6.170707905734747,0.641632810401385,290.0068964697219,174.587519756089,-1.0236613750457764,-0.2959687113761902,-0.347881555557251
6.4766319775425565,0.6420125816969549,290.0068964697219,174.587519756089,-0.9258586764335632,-0.23947636783123016,-0.3535979688167572
6.137791624557486,0.6450611354962443,290.0068964697219,175.2356636739104,-0.9252586364746094,-0.20145849883556366,-0.3697153329849243
6.121464356128449,0.6467561526534548,290.01551682625535,175.2356636739104,-0.9453862905502319,-0.2023831158876419,-0.3970836400985718
6.105223416807785,0.6484896712773982,290.0068964697219,174.6435574998653,-0.9451941251754761,-0.20413251221179962,-0.4024057388305664
6.137791624557486,0.6450611354962443,290.0068964697219,174.6435574998653,-0.9676195383071899,-0.20690424740314484,-0.4053327143192291
6.105223416807785,0.6484896712773982,290.0068964697219,174.6435574998653,-0.8923593759536743,-0.20962980389595032,-0.40174436569213867
5.786789493127991,0.6498280140805685,290.01551682625535,174.6435574998653,-0.886690616607666,-0.21103231608867645,-0.38703668117523193
5.786789493127991,0.6498280140805685,290.01551682625535,174.6435574998653,-0.8553974032402039,-0.21101105213165283,-0.3610418438911438
5.937969916630917,0.6477706371791614,291.0154635066666,174.6435574998653,-0.8183967471122742,-0.21043148636817932,-0.357491672039032
6.0411094519228685,0.650858892421747,292.0068492347397,174.6435574998653,-0.9290186166763306,-0.21280395984649658,-0.38570529222488403
5.741179552558026,0.6505074299459895,292.0068492347397,174.6435574998653,-0.8655675649642944,-0.18473896384239197,-0.36768049001693726
5.9222927463746124,0.6494987394583982,291.0068727710739,174.6435574998653,-0.965964674949646,-0.19709494709968567,-0.3866569697856903
5.937969916630917,0.6477706371791614,291.0154635066666,174.05258123422658,-0.990428626537323,-0.2058730572462082,-0.39867132902145386
5.9695737450768895,0.644383361157977,291.00171820798585,174.05258123422658,-0.860211193561554,-0.19172149896621704,-0.3260888457298279
6.289995178422439,0.6430304955542309,291.0068727710739,174.05258123422658,-1.0224242210388184,-0.29928329586982727,-0.3589318096637726
5.802153770693666,0.6436929891146437,292.0068492347397,174.05258123422658,-0.9135702252388,-0.22063657641410828,-0.37774568796157837
5.802153770693666,0.6436929891146437,292.0068492347397,174.05258123422658,-0.9331600069999695,-0.22446128726005554,-0.3786674439907074
5.833127612947254,0.6402860464920623,292.0068492347397,174.05258123422658,-0.9615535736083984,-0.20501479506492615,-0.380519300699234
5.802153770693666,0.6436929891146437,292.0068492347397,174.05258123422658,-0.9834703207015991,-0.20635779201984406,-0.41400980949401855
5.953730030356746,0.6460808289889165,291.0068727710739,174.587519756089,-0.9291119575500488,-0.20625224709510803,-0.41005006432533264
6.001514642404682,0.6409656862465841,291.00171820798585,173.9904440601303,-0.8320417404174805,-0.20358221232891083,-0.36757373809814453
5.9855017252589855,0.642663115130425,291.0068727710739,173.9904440601303,-0.875586986541748,-0.20380064845085144,-0.41179531812667847
5.6355289540159506,0.6474547872026958,291.00171820798585,173.9904440601303,-0.8828240633010864,-0.22298932075500488,-0.41559845209121704
5.208910389645031,0.6457658004423492,290.0017241328058,174.05258123422658,-1.0237724781036377,-0.2319788932800293,-0.4390007555484772
5.332775988664389,0.6471264031195352,291.00171820798585,174.05258123422658,-0.9090903401374817,-0.23221758008003235,-0.40168023109436035
5.181287828299379,0.649199894419104,290.0017241328058,173.9904440601303,-0.8825875520706177,-0.215251162648201,-0.3984925150871277
5.771506119904347,0.6515626658034525,290.0068964697219,174.05258123422658,-0.855139434337616,-0.22675199806690216,-0.37573084235191345
5.440936771336027,0.6546575603684829,290.0068964697219,173.3946645212623,-0.9436932802200317,-0.24158795177936554,-0.43134093284606934
5.140397689615264,0.6543396441596083,290.0068964697219,173.46286116040486,-0.6786998510360718,-0.2026180475950241,-0.3100396692752838
5.440936771336027,0.6546575603684829,290.0068964697219,173.46286116040486,-0.9526641964912415,-0.2224818468093872,-0.39159053564071655
5.140397689615264,0.6543396441596083,290.0068964697219,174.05258123422658,-0.9470307230949402,-0.2219112664461136,-0.3912968039512634
5.140397689615264,0.6543396441596083,290.0068964697219,174.05258123422658,-0.9423366785049438,-0.20770315825939178,-0.37707871198654175
4.891075223535436,0.6471682067866321,290.0068964697219,173.46286116040486,-0.9593217968940735,-0.1526901125907898,-0.39062514901161194
4.878098936279697,0.6488667565951215,290.01551682625535,174.05258123422658,-0.8917481303215027,-0.16772881150245667,-0.3760959208011627
4.904120591254826,0.6454312177913432,290.01551682625535,174.05258123422658,-0.9713833928108215,-0.2017926722764969,-0.410432904958725
5.332775988664389,0.6471264031195352,291.00171820798585,174.05258123422658,-0.6948210000991821,-0.2027418315410614,-0.306584894657135
5.6355289540159506,0.6474547872026958,291.00171820798585,174.05258123422658,-1.0420345067977905,-0.3355650007724762,-0.3873392939567566
5.605829315060473,0.6508746747286156,291.00171820798585,174.05258123422658,-1.0098328590393066,-0.27133798599243164,-0.4020567834377289
5.153956002928529,0.6481640935227599,292.00171232374646,174.05258123422658,-0.8222345113754272,-0.25675517320632935,-0.36078545451164246
7.068451286001577,0.6445493989191278,290.0017241328058,174.6435574998653,-1.0589134693145752,-0.28146153688430786,-0.3731641471385956
7.087358723988866,0.6428422300245527,290.0,174.6435574998653,-0.9853050112724304,-0.21052539348602295,-0.3654496967792511
7.030935994301045,0.6479715893539842,290.0017241328058,174.05258123422658,-0.9850906133651733,-0.24849501252174377,-0.365831196308136
7.01232657053515,0.6496712007001809,290.0068964697219,174.05258123422658,-0.9871411323547363,-0.24681170284748077,-0.3999596834182739
6.746066625596367,0.645834833340973,290.0068964697219,174.05258123422658,-0.9313726425170898,-0.23156146705150604,-0.3843610882759094
6.692597295324662,0.6464335051740228,292.04280508172087,174.05258123422658,-0.9011905789375305,-0.23377402126789093,-0.3647433817386627
6.105223416807785,0.6440028557469605,292.0273959751037,174.05258123422658,-0.8563134074211121,-0.19576774537563324,-0.36191123723983765
6.407953178180251,0.6443760140148895,292.0273959751037,174.6435574998653,-0.9270740747451782,-0.22752420604228973,-0.3737291991710663
6.137791624557486,0.6450151216005973,290.02758489495443,174.6435574998653,-1.0060924291610718,-0.2647331953048706,-0.3742748498916626
6.187298315299499,0.6398997071180489,290.01551682625535,174.6435574998653,-1.0051603317260742,-0.22160327434539795,-0.3749077022075653
6.033798009322592,0.6375180999048484,291.0154635066666,174.6435574998653,-0.9833498001098633,-0.19964149594306946,-0.37222573161125183
5.418956028943525,0.6368324369631153,291.0154635066666,174.05258123422658,-0.9830436706542969,-0.2175043374300003,-0.37301105260849
5.111061649563294,0.6365171549987635,291.0154635066666,174.05258123422658,-0.7098745703697205,-0.17629706859588623,-0.3111329674720764
5.833127612947254,0.6445789895529049,290.06206232459976,174.05258123422658,-0.810952365398407,-0.190725177526474,-0.3748491406440735
5.864432863226815,0.6412256122564203,290.02758489495443,174.05258123422658,-0.8005450963973999,-0.19546370208263397,-0.3286890387535095
6.306810134714586,0.6412431901010506,291.04295215655026,174.05258123422658,-0.8220957517623901,-0.2281692922115326,-0.3457905352115631
6.306810134714586,0.6412431901010506,291.04295215655026,174.05258123422658,-0.8926180601119995,-0.2298828661441803,-0.35812056064605713
5.23682833709527,0.6379024517761993,292.0154105522515,174.11345072578337,-0.9473468065261841,-0.22386837005615234,-0.3977304995059967
5.542940138399473,0.638224086373854,292.0154105522515,174.11345072578337,-1.0078861713409424,-0.2508665919303894,-0.39688801765441895
4.943676723309995,0.6359118039055551,292.0068492347397,174.11345072578337,-0.9294228553771973,-0.19240212440490723,-0.39617395401000977
5.250899560886572,0.6362160304504835,292.0068492347397,174.6435574998653,-0.996152400970459,-0.19944080710411072,-0.3943241238594055
5.124873084783444,0.6348246213571831,291.0068727710739,174.6435574998653,-0.8803695440292358,-0.17370161414146423,-0.3673263192176819
5.726540761983882,0.6371961910562524,291.00171820798585,174.6435574998653,-0.939919650554657,-0.24538826942443848,-0.36897483468055725
5.695879588784646,0.6406155425201965,291.00171820798585,174.69844966054984,-1.0282243490219116,-0.2720324397087097,-0.40454721450805664
5.695879588784646,0.6406155425201965,291.00171820798585,174.11345072578337,-0.9085384607315063,-0.15746046602725983,-0.3838135302066803
5.5281353438017025,0.6443603226653575,290.0068964697219,174.05258123422658,-0.9952428936958313,-0.2467547357082367,-0.3906695246696472
5.3899223197139445,0.6402534087827418,291.0154635066666,174.05258123422658,-0.8102854490280151,-0.20330548286437988,-0.33065924048423767
6.001514642404682,0.6409354120313753,291.0154635066666,174.05258123422658,-0.8009344339370728,-0.17965736985206604,-0.33468109369277954
5.864432863226815,0.6412713558171842,290.0068964697219,174.05258123422658,-0.9572598338127136,-0.19737333059310913,-0.3731846213340759
6.017613175142534,0.6392456010364539,291.0068727710739,174.05258123422658,-0.8189095258712769,-0.19946011900901794,-0.35355979204177856
6.017613175142534,0.6392456010364539,291.0068727710739,174.05258123422658,-1.016113519668579,-0.2440374791622162,-0.4025471806526184
6.017613175142534,0.6392456010364539,291.0068727710739,174.6435574998653,-0.9239274263381958,-0.15442940592765808,-0.3691430687904358
6.001514642404682,0.6409656862465841,291.00171820798585,174.6435574998653,-0.9604350924491882,-0.19447734951972961,-0.3703867495059967
5.9695737450768895,0.644383361157977,291.00171820798585,174.6435574998653,-0.8213354349136353,-0.16897854208946228,-0.36061450839042664
6.323714890529359,0.6396149444064256,291.0068727710739,174.05258123422658,-0.8279409408569336,-0.17540119588375092,-0.3765043318271637
6.4766319775425565,0.6420125816969549,290.0068964697219,174.05258123422658,-0.8566838502883911,-0.17738108336925507,-0.3599574863910675
6.61174892748248,0.641690298733888,291.0154635066666,174.05258123422658,-0.8669123649597168,-0.2125563621520996,-0.3377278447151184
6.61174892748248,0.641690298733888,291.0154635066666,174.05258123422658,-0.9518104791641235,-0.24281923472881317,-0.3881821930408478
6.323714890529359,0.6396149444064256,291.0068727710739,174.05258123422658,-0.9468652606010437,-0.209150031208992,-0.398963987827301
6.3910095744040225,0.6460434261207993,292.04280508172087,173.9904440601303,-0.9804706573486328,-0.23532836139202118,-0.3985142111778259
6.17474609829631,0.6504364032234549,293.04265901059523,174.05258123422658,-0.7924637794494629,-0.2075272798538208,-0.3506625294685364
6.32411841896579,0.6528496295512343,292.04280508172087,174.05258123422658,-0.8182864189147949,-0.18142811954021454,-0.3714967668056488
6.5074476358167965,0.6518699842281334,291.04295215655026,173.9904440601303,-0.8272538185119629,-0.1842322051525116,-0.36888977885246277
6.407953178180251,0.6488191441007156,290.02758489495443,173.9904440601303,-0.744216799736023,-0.1667916476726532,-0.3120649456977844
6.3910095744040225,0.6460434261207993,292.04280508172087,174.05258123422658,-0.7939977049827576,-0.23970691859722137,-0.31279391050338745
6.374154989742934,0.6477790726453889,292.0273959751037,174.05258123422658,-1.0087922811508179,-0.27257585525512695,-0.40272945165634155
5.650496751519984,0.6412811247164567,293.027302482209,174.69844966054984,-0.9160062670707703,-0.25518298149108887,-0.3958633542060852
5.802153770693666,0.6436476995532585,292.0273959751037,174.69844966054984,-0.9437388181686401,-0.23723626136779785,-0.39443057775497437
5.802153770693666,0.6436929891146437,292.0068492347397,174.11345072578337,-0.8101384043693542,-0.16309085488319397,-0.3163805305957794
5.848738481730538,0.638563923938711,292.0154105522515,174.69844966054984,-0.9998844265937805,-0.2420082539319992,-0.36016446352005005
5.817599594429644,0.6419706724775244,292.0154105522515,174.11345072578337,-0.8455396890640259,-0.22910337150096893,-0.35392987728118896
5.817599594429644,0.6419706724775244,292.0154105522515,174.11345072578337,-0.9016205668449402,-0.23282043635845184,-0.3831659257411957
5.5281353438017025,0.6399471035646878,292.0068492347397,174.05258123422658,-0.9340689778327942,-0.20625360310077667,-0.39104434847831726
6.137791624557486,0.6406431165336612,292.0068492347397,174.05258123422658,-0.9325645565986633,-0.1960245966911316,-0.3881964087486267
6.424986505138332,0.6427009472729892,292.0154105522515,173.9904440601303,-0.9111055135726929,-0.19398032128810883,-0.3868899941444397
6.442110266757342,0.6410182833971377,292.0068492347397,173.9904440601303,-0.8828650712966919,-0.21731403470039368,-0.37533679604530334
6.001514642404682,0.6409354120313753,291.0154635066666,173.9904440601303,-0.8247824907302856,-0.21635659039020538,-0.36071497201919556
6.576613846119873,0.6451038131321107,291.0154635066666,174.05258123422658,-0.7336193919181824,-0.21892423927783966,-0.32411253452301025
6.121464356128449,0.642326785158549,292.0154105522515,174.05258123422658,-0.9322437047958374,-0.2260153740644455,-0.3762398362159729
6.105223416807785,0.6440481702985199,292.0068492347397,173.9904440601303,-0.957542896270752,-0.20776315033435822,-0.41898927092552185
6.105223416807785,0.6440481702985199,292.0068492347397,173.9904440601303,-0.9823579788208008,-0.2091611921787262,-0.4190959930419922
6.289995178422439,0.6430456825005343,291.0,174.587519756089,-0.8065900802612305,-0.17798815667629242,-0.32203665375709534
6.357796681390067,0.6362146428249159,291.0,173.9904440601303,-0.9984740018844604,-0.290720671415329,-0.344221293926239
6.629457026864067,0.6400176409780399,291.0,174.05258123422658,-0.9785760641098022,-0.27123942971229553,-0.3758639097213745
6.033798009322592,0.6375482127052863,291.00171820798585,173.9904440601303,-0.966569721698761,-0.23569639027118683,-0.3833393454551697
5.896074849521886,0.6334875906891931,292.0,173.9904440601303,-0.9637476205825806,-0.19085648655891418,-0.39783617854118347
5.8802114269395656,0.6351871622336188,292.00171232374646,174.05258123422658,-1.0410393476486206,-0.2603307068347931,-0.39783430099487305
5.864432863226815,0.6368942318487995,292.0,174.05258123422658,-0.9892174005508423,-0.18744055926799774,-0.3753361403942108
6.050069838112662,0.6358282899281466,291.0068727710739,174.05258123422658,-1.0061066150665283,-0.24091140925884247,-0.37657302618026733
6.323714890529359,0.6395696319916375,291.02749011047047,174.05258123422658,-0.765021800994873,-0.23786160349845886,-0.3311184048652649
6.6472598297661545,0.6382770282562626,291.0154635066666,174.05258123422658,-0.8941729664802551,-0.2371135950088501,-0.3343713879585266
7.605300718646414,0.6361760829793629,291.00171820798585,174.6435574998653,-0.9540920257568359,-0.23733285069465637,-0.3510446846485138
7.758621929200927,0.6386002263908825,290.0017241328058,174.6435574998653,-0.9949066042900085,-0.25306880474090576,-0.3865649998188019
6.972136746088699,0.636997237877231,291.0068727710739,174.6435574998653,-0.9925945997238159,-0.1992005556821823,-0.3910265862941742
6.972136746088699,0.636997237877231,291.0068727710739,174.6435574998653,-0.9814308285713196,-0.202832892537117,-0.3896143138408661
7.164005797579178,0.635983811591141,290.0068964697219,174.05258123422658,-0.9795839190483093,-0.20491571724414825,-0.38813459873199463
6.459325182026326,0.6393280807100745,292.00171232374646,174.05258123422658,-0.9584454298019409,-0.2241421937942505,-0.403512179851532
6.511524154354463,0.6342128351092937,292.0068492347397,174.05258123422658,-1.00089693069458,-0.2493966817855835,-0.4062667787075043
6.4766319775425565,0.6376154422568736,292.0068492347397,174.05258123422658,-0.7698062658309937,-0.18964453041553497,-0.3357624411582947
6.442110266757342,0.6409731820252325,292.0273959751037,174.05258123422658,-0.9656307101249695,-0.24806860089302063,-0.3646836578845978
6.105223416807785,0.6440028557469605,292.0273959751037,174.05258123422658,-0.710355818271637,-0.20545578002929688,-0.31619542837142944
6.137791624557486,0.6405980415581016,292.0273959751037,173.46286116040486,-0.9478687047958374,-0.24549825489521027,-0.3765150010585785
6.154205909521057,0.6389219354247245,292.0154105522515,174.05258123422658,-0.9156686067581177,-0.22552704811096191,-0.37920862436294556
6.323714890529359,0.6396149444064256,291.0068727710739,174.6435574998653,-0.9953506588935852,-0.23066408932209015,-0.3838844895362854
6.357796681390067,0.6361996172087256,291.0068727710739,174.6435574998653,-0.9824026226997375,-0.22126737236976624,-0.3851777911186218
6.357796681390067,0.6361996172087256,291.0068727710739,174.6435574998653,-0.704174816608429,-0.18807289004325867,-0.2904038727283478
6.37497517598992,0.6344733086055377,291.0154635066666,174.6435574998653,-0.918285071849823,-0.19989827275276184,-0.30676913261413574
6.37497517598992,0.6344733086055377,291.0154635066666,174.6435574998653,-0.9342073202133179,-0.20073239505290985,-0.3268563449382782
6.424986505138332,0.6426406599121182,292.04280508172087,174.6435574998653,-0.9355792999267578,-0.2513161897659302,-0.3715763986110687
6.3910095744040225,0.6460434261207993,292.04280508172087,174.05258123422658,-0.8909429311752319,-0.2425655573606491,-0.3793291747570038
6.105223416807785,0.6440028557469605,292.0273959751037,174.05258123422658,-0.9999550580978394,-0.22909483313560486,-0.3923265337944031
6.105223416807785,0.6440028557469605,292.0273959751037,174.05258123422658,-0.7894683480262756,-0.1984078288078308,-0.3620879054069519
5.953730030356746,0.6460350585097152,291.02749011047047,174.05258123422658,-1.0160573720932007,-0.2375609129667282,-0.4055209159851074
5.848738481730538,0.6474319116483834,288.01562457616774,174.6435574998653,-0.6564555764198303,-0.13496461510658264,-0.24066407978534698
6.357796681390067,0.6406021725872412,289.0069203323685,174.05258123422658,-1.0746874809265137,-0.31776535511016846,-0.3641732335090637
5.8802114269395656,0.6395372945684284,290.01551682625535,174.05258123422658,-0.9687121510505676,-0.29854148626327515,-0.380365252494812
6.357796681390067,0.6406175123101995,289.0,174.05258123422658,-0.7799094915390015,-0.19769205152988434,-0.29262834787368774
6.37497517598992,0.6388942513216628,289.0017300986276,174.05258123422658,-1.0269677639007568,-0.3225110173225403,-0.36869606375694275
6.494031387612587,0.6403109359506817,290.0017241328058,174.05258123422658,-0.9648301005363464,-0.31246456503868103,-0.3694903254508972
6.7821879103173925,0.6424106372192463,290.0068964697219,174.05258123422658,-0.9380626678466797,-0.3047056198120117,-0.37120240926742554
6.170707905734747,0.641632810401385,290.0068964697219,174.6435574998653,-0.9510871767997742,-0.2871094346046448,-0.3950502276420593
6.137791624557486,0.6450611354962443,290.0068964697219,174.05258123422658,-0.954903244972229,-0.2842652499675751,-0.3867122530937195
6.442110266757342,0.6454388895947574,290.0068964697219,174.05258123422658,-0.9469096064567566,-0.24054118990898132,-0.3828028738498688
5.9855017252589855,0.642663115130425,291.0068727710739,174.05258123422658,-0.742721676826477,-0.17359349131584167,-0.3150249719619751
5.9855017252589855,0.642663115130425,291.0068727710739,174.05258123422658,-0.7798174023628235,-0.1742749661207199,-0.3267623782157898
5.848738481730538,0.638563923938711,292.0154105522515,174.05258123422658,-0.8238183259963989,-0.17933669686317444,-0.32837751507759094
5.833127612947254,0.6402409966395752,292.0273959751037,174.05258123422658,-0.830460250377655,-0.1688433289527893,-0.3300250768661499
5.848738481730538,0.638563923938711,292.0154105522515,174.05258123422658,-0.8507307767868042,-0.17967873811721802,-0.33206865191459656
6.154205909521057,0.6389219354247245,292.0154105522515,174.05258123422658,-0.935951828956604,-0.24380655586719513,-0.3764457106590271
6.24008203677627,0.6481351010157871,291.0154635066666,174.05258123422658,-0.9226099848747253,-0.23628389835357666,-0.37381672859191895
6.089068126363339,0.650184690614717,290.01551682625535,174.05258123422658,-0.9214761853218079,-0.22521165013313293,-0.39368492364883423
5.937969916630917,0.6477706371791614,291.0154635066666,174.05258123422658,-0.898391604423523,-0.21125304698944092,-0.38959091901779175
6.24008203677627,0.6481351010157871,291.0154635066666,173.9904440601303,-0.8969858884811401,-0.21696540713310242,-0.3893844485282898
6.825227673526631,0.6505970338013822,291.02749011047047,174.6435574998653,-1.0843570232391357,-0.28808557987213135,-0.4125266671180725
6.541848677428897,0.6485175675992552,291.0154635066666,174.6435574998653,-0.7485495805740356,-0.18098098039627075,-0.3006381392478943
6.524602997633081,0.650197663387872,291.02749011047047,174.05258123422658,-0.9204641580581665,-0.24724309146404266,-0.34229716658592224
6.524602997633081,0.650197663387872,291.02749011047047,173.9904440601303,-0.8525247573852539,-0.22514061629772186,-0.34815099835395813
6.524602997633081,0.650197663387872,291.02749011047047,173.9904440601303,-0.9287939071655273,-0.24398915469646454,-0.38523831963539124
6.541848677428897,0.6485175675992552,291.0154635066666,173.9904440601303,-0.9692329168319702,-0.24236586689949036,-0.38511887192726135
6.993814928398812,0.6513630754005725,290.01551682625535,173.9904440601303,-0.9730585217475891,-0.24591711163520813,-0.3855299651622772
7.01232657053515,0.6496712007001809,290.0068964697219,174.6435574998653,-0.952243983745575,-0.19478154182434082,-0.37150177359580994
6.975400303120002,0.6530471539593427,290.02758489495443,174.587519756089,-0.7971978783607483,-0.191542848944664,-0.34505802392959595
6.3910095744040225,0.6504975784798748,290.0431002454635,174.6435574998653,-0.8933064341545105,-0.1937081515789032,-0.3747241497039795
6.576613846119873,0.6451038131321107,291.0154635066666,174.05258123422658,-0.7600197792053223,-0.19659580290317535,-0.32337480783462524
6.8979037140797494,0.6482283765898041,289.0276803352925,174.05258123422658,-0.9642457962036133,-0.23097094893455505,-0.3314015865325928
6.879590655163149,0.6499730607628994,289.0155705148081,173.9904440601303,-0.8502385020256042,-0.21532240509986877,-0.3267068564891815
6.861374132530424,0.6516633452266051,289.0276803352925,174.05258123422658,-0.9953786134719849,-0.2876647114753723,-0.38005807995796204
7.22048881329957,0.6469948079630706,289.0017300986276,173.52966961524828,-0.7810248136520386,-0.2068626880645752,-0.330183744430542
7.068451286001577,0.6490253826182386,288.00173610587836,173.46286116040486,-1.008669376373291,-0.24355140328407288,-0.4001760482788086
6.8979037140797494,0.6482749402600836,289.0069203323685,173.46286116040486,-0.9682364463806152,-0.24244646728038788,-0.39200273156166077
6.8979037140797494,0.6482749402600836,289.0069203323685,173.3946645212623,-0.959250807762146,-0.23949940502643585,-0.4067939221858978
6.746066625596367,0.645834833340973,290.0068964697219,173.9904440601303,-0.942204475402832,-0.23760738968849182,-0.40011319518089294
6.746066625596367,0.645834833340973,290.0068964697219,173.9904440601303,-0.9963598251342773,-0.23509356379508972,-0.405766099691391
6.442110266757342,0.6454388895947574,290.0068964697219,173.9904440601303,-0.9462817907333374,-0.16980159282684326,-0.4047938883304596
6.764079258751454,0.6441341915502351,290.0017241328058,173.9904440601303,-0.9365686178207397,-0.19886422157287598,-0.37323179841041565
6.916314074866126,0.6464761682196243,289.0432493589843,173.9904440601303,-0.9627737998962402,-0.24781250953674316,-0.4066367745399475
7.087358723988866,0.6427810884771624,290.02758489495443,174.05258123422658,-0.6545826196670532,-0.23186688125133514,-0.26327353715896606
7.372424588733685,0.6448907645271243,290.0431002454635,174.05258123422658,-0.9985462427139282,-0.32258784770965576,-0.36319464445114136
6.442110266757342,0.6453928487529238,290.02758489495443,174.05258123422658,-0.8540412783622742,-0.20805759727954865,-0.3545300364494324
6.710326390129086,0.6491358032027486,290.06206232459976,173.9904440601303,-0.9615374803543091,-0.22988060116767883,-0.3906427025794983
6.524602997633081,0.6501209094848336,291.06184909740404,173.46286116040486,-0.8125424385070801,-0.2296484410762787,-0.3788898289203644
6.524602997633081,0.6501209094848336,291.06184909740404,173.3946645212623,-0.9815353155136108,-0.25057631731033325,-0.4002750813961029
6.692597295324662,0.650890346936728,290.0431002454635,173.3946645212623,-0.8593046069145203,-0.2213134467601776,-0.3422415852546692
6.692597295324662,0.650890346936728,290.0431002454635,173.3946645212623,-0.8717581033706665,-0.214023157954216,-0.36220094561576843
6.993814928398812,0.6513011300528351,290.0431002454635,173.3946645212623,-0.9603065252304077,-0.21797330677509308,-0.38858741521835327
7.372424588733685,0.6494617677921891,288.00173610587836,173.3946645212623,-0.7504177093505859,-0.17464515566825867,-0.29067087173461914
7.182183221972767,0.6503965560032291,289.0155705148081,173.3946645212623,-1.0243585109710693,-0.30664128065109253,-0.3994213938713074
7.01232657053515,0.6541983633204518,288.0,173.3946645212623,-0.6912386417388916,-0.1810101866722107,-0.2748478055000305
7.372424588733685,0.6494617677921891,288.00173610587836,173.3946645212623,-0.9143624305725098,-0.2088164985179901,-0.34307563304901123
7.068451286001577,0.6490253826182386,288.00173610587836,173.3946645212623,-0.8116257786750793,-0.19312749803066254,-0.3377912938594818
7.087358723988866,0.6472908044508111,288.00694436072195,173.3946645212623,-0.9972288012504578,-0.19830277562141418,-0.374075710773468
7.125477171735702,0.6438608596076589,288.0,173.3946645212623,-0.7818664908409119,-0.21291546523571014,-0.31166139245033264
7.009852773693211,0.6379861862008499,289.0,173.9904440601303,-0.9960118532180786,-0.28051143884658813,-0.36385998129844666
6.220747220403617,0.6365020773978803,290.0017241328058,174.05258123422658,-0.9781503677368164,-0.24950210750102997,-0.40136098861694336
6.066429362095073,0.6341309437897691,291.00171820798585,174.05258123422658,-0.8920513987541199,-0.213727667927742,-0.3938877582550049
5.912023814871828,0.6361376945273781,290.0017241328058,174.05258123422658,-1.0105232000350952,-0.2405451536178589,-0.3963140547275543
6.582443909637407,0.6317350869744792,290.0068964697219,173.9904440601303,-0.7110676169395447,-0.1949596405029297,-0.24290354549884796
6.529111027800571,0.6368849217833115,290.0017241328058,173.9904440601303,-0.9950081706047058,-0.29545876383781433,-0.3286249339580536
6.511524154354463,0.6386016955865776,290.0,173.9904440601303,-0.9706098437309265,-0.2371731549501419,-0.33380499482154846
6.494031387612587,0.6403109359506817,290.0017241328058,173.9904440601303,-0.9886757135391235,-0.24235644936561584,-0.38136816024780273
6.494031387612587,0.6403109359506817,290.0017241328058,174.05258123422658,-0.9753788113594055,-0.21336226165294647,-0.39837685227394104
6.511524154354463,0.6385865094055027,290.0068964697219,174.05258123422658,-0.9625258445739746,-0.21477989852428436,-0.36368030309677124
6.629457026864067,0.6400025255456354,291.0068727710739,174.05258123422658,-0.9954880475997925,-0.23676712810993195,-0.37798333168029785
6.8003933463980415,0.6406795917035776,290.01551682625535,174.11345072578337,-0.9830118417739868,-0.21010884642601013,-0.3774302899837494
6.629457026864067,0.6400025255456354,291.0068727710739,174.11345072578337,-0.8881683349609375,-0.17053072154521942,-0.3432081341743469
6.837097677289178,0.6372558860573867,290.01551682625535,173.52966961524828,-1.0376002788543701,-0.26343294978141785,-0.3680190443992615
6.683152587129741,0.6348640056334647,291.0154635066666,173.46286116040486,-0.7797670364379883,-0.2352442443370819,-0.3143070638179779
6.576613846119873,0.6450428838683526,291.04295215655026,173.46286116040486,-0.9656690359115601,-0.25842732191085815,-0.4095931947231293
6.843253388566819,0.648856715588073,291.04295215655026,173.46286116040486,-0.8429545164108276,-0.2175581455230713,-0.357536256313324
6.559185387127302,0.6467839313824829,291.02749011047047,173.46286116040486,-0.8712145090103149,-0.19813762605190277,-0.3905884325504303
6.27326931094735,0.6447193214116351,291.0154635066666,173.46286116040486,-0.886324405670166,-0.1900823414325714,-0.38379740715026855
6.27326931094735,0.6447193214116351,291.0154635066666,173.46286116040486,-0.9344059228897095,-0.19112564623355865,-0.38629406690597534
5.9695737450768895,0.644352925518486,291.0154635066666,173.46286116040486,-0.8579810857772827,-0.1594519317150116,-0.37224361300468445
5.9695737450768895,0.644352925518486,291.0154635066666,174.05258123422658,-0.8710790872573853,-0.1494036316871643,-0.3687792420387268
5.848738481730538,0.6429979234295571,290.0017241328058,174.05258123422658,-0.8505465388298035,-0.12553200125694275,-0.34642186760902405
5.912023814871828,0.6361376945273781,290.0017241328058,173.46286116040486,-1.0424587726593018,-0.2482515275478363,-0.3600025475025177
7.337883893997681,0.6366978933079755,289.0017300986276,173.3946645212623,-1.1005065441131592,-0.30404984951019287,-0.39962759613990784
7.183425990707069,0.6386892222826438,288.00173610587836,173.9904440601303,-0.757548451423645,-0.2131226807832718,-0.3112536370754242
7.087358723988866,0.6427810884771624,290.02758489495443,173.9904440601303,-0.846764862537384,-0.25636088848114014,-0.38338035345077515
6.837097677289178,0.6372861944118673,290.0017241328058,172.80030804800782,-0.6325541138648987,-0.16329903900623322,-0.270207017660141
6.8003933463980415,0.6406795917035776,290.01551682625535,172.80030804800782,-0.9057208895683289,-0.23176714777946472,-0.33812275528907776
6.61174892748248,0.641690298733888,291.0154635066666,172.87452056251894,-0.8318907618522644,-0.22001111507415771,-0.33343151211738586
6.61174892748248,0.641690298733888,291.0154635066666,172.87452056251894,-0.9408483505249023,-0.21963031589984894,-0.38320058584213257
5.5281353438017025,0.6399621143452299,292.0,172.80030804800782,-0.938939094543457,-0.17786303162574768,-0.4111254811286926
5.953730030356746,0.6460960879772932,291.0,172.80030804800782,-0.9434111714363098,-0.18225020170211792,-0.3996598720550537
6.27326931094735,0.6447497743576251,291.00171820798585,173.3946645212623,-0.7901867628097534,-0.1630374640226364,-0.29290780425071716
6.541848677428897,0.6485175675992552,291.0154635066666,173.3946645212623,-0.9138792157173157,-0.2482973337173462,-0.34266212582588196
6.5074476358167965,0.6519315583640525,291.0154635066666,173.46286116040486,-0.7967453002929688,-0.22288496792316437,-0.33921554684638977
7.01232657053515,0.6496712007001809,290.0068964697219,173.46286116040486,-0.8851919174194336,-0.22290721535682678,-0.34246397018432617
6.916314074866126,0.6420949940189214,291.0154635066666,173.46286116040486,-0.9729827046394348,-0.28909042477607727,-0.3460630476474762
6.459325182026326,0.6392381221370854,292.04280508172087,173.52966961524828,-0.9659397006034851,-0.2712445855140686,-0.3408540189266205
6.459325182026326,0.6392381221370854,292.04280508172087,173.52966961524828,-0.952876091003418,-0.2691193222999573,-0.3791595995426178
7.049643972485866,0.641777621145221,292.0273959751037,173.46286116040486,-0.8782190084457397,-0.2604159712791443,-0.3538772165775299
6.710326390129086,0.644691550493805,292.0616373302047,173.46286116040486,-0.9135153889656067,-0.25672775506973267,-0.404985249042511
6.746066625596367,0.6413663862882637,292.0273959751037,173.46286116040486,-0.6496063470840454,-0.21309570968151093,-0.2626355290412903
6.879590655163149,0.6454454010593199,291.04295215655026,173.46286116040486,-0.9276984930038452,-0.2700175940990448,-0.38908788561820984
5.817599594429644,0.6419706724775244,292.0154105522515,174.05258123422658,-0.7978397607803345,-0.20915408432483673,-0.3519364893436432
5.9855017252589855,0.6426175867732525,291.02749011047047,174.05258123422658,-0.9582940340042114,-0.29871898889541626,-0.408975213766098
5.953730030356746,0.6460350585097152,291.02749011047047,173.46286116040486,-0.7076944708824158,-0.1735534816980362,-0.3156159222126007
6.710326390129086,0.6447671431010047,292.0273959751037,173.46286116040486,-0.9623433351516724,-0.20594751834869385,-0.3532189726829529
6.692597295324662,0.6464941483490296,292.0154105522515,173.46286116040486,-0.9665006399154663,-0.20170564949512482,-0.39318692684173584
6.879590655163149,0.6455368584656227,291.00171820798585,174.05258123422658,-0.9267705678939819,-0.18225663900375366,-0.36750131845474243
7.504263186184121,0.6446354453571569,291.02749011047047,173.46286116040486,-1.0362261533737183,-0.30170661211013794,-0.3832971155643463
7.464591779517335,0.648042275938995,291.02749011047047,173.46286116040486,-0.7200101613998413,-0.2022697627544403,-0.3019835352897644
7.464591779517335,0.648042275938995,291.02749011047047,173.46286116040486,-0.7896682620048523,-0.19344253838062286,-0.30700770020484924
7.464591779517335,0.648042275938995,291.02749011047047,174.05258123422658,-0.7975794076919556,-0.1914471685886383,-0.3076176345348358
7.163181671023111,0.647604868198111,291.02749011047047,174.05258123422658,-0.9082199931144714,-0.18231210112571716,-0.33743083477020264
7.01232657053515,0.6496712007001809,290.0068964697219,174.6435574998653,-0.9005680084228516,-0.1657029390335083,-0.3450816869735718
6.957081937841341,0.6547856485735931,290.01551682625535,174.6435574998653,-0.9528791308403015,-0.21860460937023163,-0.37033942341804504
6.825227673526631,0.6505970338013822,291.02749011047047,174.6435574998653,-0.7476942539215088,-0.21564726531505585,-0.30677348375320435
6.975400303120002,0.6530471539593427,290.02758489495443,174.6435574998653,-0.7551539540290833,-0.21394483745098114,-0.3108258545398712
6.825227673526631,0.6505970338013822,291.02749011047047,174.6435574998653,-0.982525646686554,-0.24527716636657715,-0.40719038248062134
6.825227673526631,0.6505970338013822,291.02749011047047,174.6435574998653,-0.9726682901382446,-0.23716740310192108,-0.38989096879959106
7.655595596486235,0.6426540426698,292.0273959751037,173.46286116040486,-0.9899150729179382,-0.22943255305290222,-0.4173404574394226
7.786150423713213,0.6468220701017035,291.0154635066666,174.05258123422658,-0.9728294610977173,-0.2208884209394455,-0.4149668216705322
8.000393325124568,0.6441390489311039,290.02758489495443,174.05258123422658,-0.966718316078186,-0.22085800766944885,-0.4127994179725647
7.201285337354443,0.6441957243885744,291.02749011047047,174.05258123422658,-0.9574217796325684,-0.19550110399723053,-0.411102294921875
7.2592030734135715,0.6391089610140458,291.0154635066666,173.46286116040486,-0.9614230394363403,-0.19928894937038422,-0.40728098154067993
7.2592030734135715,0.6391089610140458,291.0154635066666,173.46286116040486,-1.0131727457046509,-0.22344139218330383,-0.4200999140739441
7.068451286001577,0.64010470072883,292.0154105522515,173.46286116040486,-0.9507883787155151,-0.2107870876789093,-0.39011460542678833
7.068451286001577,0.64010470072883,292.0154105522515,173.46286116040486,-0.9632234573364258,-0.21427150070667267,-0.38034480810165405
7.2592030734135715,0.639048597956716,291.04295215655026,173.46286116040486,-0.9627827405929565,-0.19823452830314636,-0.3783465027809143
7.278715492185246,0.6373783053219357,291.02749011047047,173.46286116040486,-0.919194221496582,-0.19864493608474731,-0.3514455556869507
7.239794454319034,0.6407112255696834,291.06184909740404,173.46286116040486,-0.9619787335395813,-0.2630614936351776,-0.35495781898498535
7.106367083925506,0.6410360277281532,290.0431002454635,173.46286116040486,-0.7820411920547485,-0.2097446620464325,-0.3150046169757843
7.106367083925506,0.6410360277281532,290.0431002454635,173.46286116040486,-0.8934857249259949,-0.20041970908641815,-0.36212119460105896
7.372424588733685,0.6448907645271243,290.0431002454635,173.46286116040486,-0.8150380849838257,-0.19622495770454407,-0.3426688313484192
7.201285337354443,0.6441196789966087,291.06184909740404,173.46286116040486,-0.8414278030395508,-0.19729888439178467,-0.3969423472881317
7.049643972485866,0.6462028346772292,290.02758489495443,173.46286116040486,-0.6342874765396118,-0.18129920959472656,-0.2581845819950104
7.35282575595551,0.6466350251419861,290.02758489495443,173.46286116040486,-0.9625338315963745,-0.27314674854278564,-0.3476908802986145
7.313937411405564,0.6500547732849499,290.02758489495443,173.46286116040486,-0.6748219728469849,-0.23940348625183105,-0.2745831608772278
7.35282575595551,0.6466350251419861,290.02758489495443,173.46286116040486,-0.9323734045028687,-0.23740236461162567,-0.3634839653968811
6.559185387127302,0.6467839313824829,291.02749011047047,174.05258123422658,-0.8303467035293579,-0.18509109318256378,-0.35352545976638794
6.256631829033021,0.6464004707343334,291.02749011047047,174.05258123422658,-0.9427579045295715,-0.18764878809452057,-0.38950595259666443
6.710326390129086,0.6492129701174616,290.02758489495443,174.05258123422658,-0.9247721433639526,-0.19040903449058533,-0.38167136907577515
7.088165476196994,0.6542386409508054,291.10994486619654,173.3946645212623,-0.9434889554977417,-0.2270338237285614,-0.3754219114780426
7.051240663970127,0.6576476560686532,291.10994486619654,173.3946645212623,-0.6969135403633118,-0.22022147476673126,-0.3011726140975952
6.754060377450789,0.657234839803155,291.10994486619654,173.3946645212623,-0.8485840559005737,-0.2115679532289505,-0.38524213433265686
6.789458369969357,0.6539317116939709,291.06184909740404,173.3946645212623,-0.9020230174064636,-0.21266119182109833,-0.38439175486564636
6.490381887428787,0.6535344729134549,291.06184909740404,173.3946645212623,-0.9641175270080566,-0.21125595271587372,-0.4215136170387268
6.59413478136402,0.6478840264505468,289.0,173.9904440601303,-0.9409111738204956,-0.1938505917787552,-0.4177211821079254
7.068451286001577,0.6445493989191278,290.0017241328058,173.3946645212623,-1.0523526668548584,-0.3173310160636902,-0.41642722487449646
7.087358723988866,0.6428422300245527,290.0,172.80030804800782,-0.6910661458969116,-0.20697808265686035,-0.28306126594543457
7.144279896645729,0.6493363802634669,291.0154635066666,172.80030804800782,-1.013317346572876,-0.3054791986942291,-0.36067378520965576
7.182183221972767,0.6459269532744367,291.0154635066666,172.80030804800782,-0.8510558009147644,-0.20383155345916748,-0.33016255497932434
7.182183221972767,0.6459269532744367,291.0154635066666,172.80030804800782,-0.9384767413139343,-0.2384127825498581,-0.36359909176826477
7.182183221972767,0.6459269532744367,291.0154635066666,172.80030804800782,-0.843250572681427,-0.2383415251970291,-0.35226064920425415
7.163181671023111,0.647604868198111,291.02749011047047,172.80030804800782,-0.9924461245536804,-0.26682156324386597,-0.3832224905490875
7.237375583946937,0.6523967192295024,292.0273959751037,172.80030804800782,-0.6863709688186646,-0.20328044891357422,-0.2889651954174042
7.125477119145905,0.6510142954608301,291.02749011047047,172.80030804800782,-0.9892892837524414,-0.2596827447414398,-0.3620334267616272
6.807296245431184,0.6523299001624518,291.0154635066666,172.80030804800782,-0.8945803642272949,-0.19975391030311584,-0.360135018825531
6.789458369969357,0.6540089155040021,291.02749011047047,172.80030804800782,-0.9613111615180969,-0.2507627606391907,-0.399542897939682
6.789458369969357,0.6540089155040021,291.02749011047047,172.80030804800782,-0.7019799947738647,-0.1742526888847351,-0.28444069623947144
6.9207309988186925,0.6536393691044103,292.04280508172087,172.20749886701842,-0.7486781477928162,-0.18041165173053741,-0.3043980002403259
7.144279896645729,0.6493363802634669,291.0154635066666,173.46286116040486,-0.8306370973587036,-0.18851251900196075,-0.32423895597457886
6.825227673526631,0.6505970338013822,291.02749011047047,172.87452056251894,-0.9059118032455444,-0.19532784819602966,-0.37589895725250244
6.674961233742382,0.6481681482009392,292.0273959751037,172.87452056251894,-0.8933571577072144,-0.19575820863246918,-0.35479986667633057
6.825227673526631,0.6505970338013822,291.02749011047047,173.46286116040486,-0.9131407737731934,-0.189931720495224,-0.3744794726371765
6.843253388566819,0.648918005097583,291.0154635066666,173.46286116040486,-0.8549981117248535,-0.17670460045337677,-0.33911094069480896
6.938859083518144,0.6519741970060071,292.0273959751037,173.46286116040486,-0.9816920161247253,-0.24859948456287384,-0.3913778066635132
7.333330300593627,0.648402677710981,290.0017241328058,172.87452056251894,-0.7683663964271545,-0.23424890637397766,-0.3006688952445984
7.2563661540979245,0.6552122131613329,290.01551682625535,172.87452056251894,-0.9830678105354309,-0.2493051290512085,-0.3817676603794098
7.2563661540979245,0.6552122131613329,290.01551682625535,172.87452056251894,-0.7052268981933594,-0.1862454116344452,-0.2993064224720001
7.5950753460195175,0.6522386312224591,290.01551682625535,173.46286116040486,-0.8861983418464661,-0.1935644894838333,-0.34627431631088257
7.555254339661562,0.6511052292717255,292.04280508172087,173.46286116040486,-0.8699067234992981,-0.24320903420448303,-0.3556012511253357
7.575112806508161,0.6494423187948298,292.0273959751037,173.46286116040486,-0.9529469609260559,-0.2668808102607727,-0.38312244415283203
6.541848677428897,0.6484563159105756,291.04295215655026,172.94722612865783,-0.9330214262008667,-0.2024271935224533,-0.37610408663749695
7.182183221972767,0.645865946266102,291.04295215655026,172.94722612865783,-0.9405697584152222,-0.2230202853679657,-0.3636161983013153
7.504263186184121,0.6445593480574369,291.06184909740404,173.52966961524828,-1.0339593887329102,-0.28610125184059143,-0.38974031805992126
7.182183221972767,0.6457744681563877,291.08418026406036,172.94722612865783,-0.6930038928985596,-0.17270402610301971,-0.28699952363967896
7.61514277353557,0.6459722785969925,292.0616373302047,172.87452056251894,-0.7657232880592346,-0.19315560162067413,-0.295662522315979
7.313937411405564,0.6455274909543913,292.0616373302047,172.87452056251894,-0.9992278814315796,-0.21232283115386963,-0.36262401938438416
6.975400303120002,0.6486207066243197,292.0068492347397,173.46286116040486,-0.7335337400436401,-0.19799509644508362,-0.3203943371772766
7.144279896645729,0.6493363802634669,291.0154635066666,172.80030804800782,-0.9267745018005371,-0.2683270573616028,-0.3744277060031891
7.2563661540979245,0.65072493357793,292.0154105522515,172.80030804800782,-0.9251655340194702,-0.2444886714220047,-0.3694983422756195
7.106772566889032,0.6482909524664475,293.01535795927146,172.87452056251894,-0.7623438239097595,-0.22816598415374756,-0.33773940801620483
6.807296245431184,0.6478776047154255,293.01535795927146,172.80030804800782,-0.795569658279419,-0.18742617964744568,-0.3643947243690491
6.524602997633081,0.6458054125567664,293.0068258590574,173.46286116040486,-0.854931652545929,-0.17306339740753174,-0.3637852072715759
6.374154989742934,0.6477790726453889,292.0273959751037,172.87452056251894,-1.026491403579712,-0.32503125071525574,-0.4080513119697571
6.541848677428897,0.6485481999532173,291.00171820798585,172.94722612865783,-0.6944499611854553,-0.20169082283973694,-0.29875093698501587
7.068451286001577,0.6444574506934033,290.0431002454635,172.87452056251894,-0.9450381994247437,-0.22848860919475555,-0.3237292170524597
7.411935674265195,0.6415326632005048,290.01551682625535,172.87452056251894,-0.7069576978683472,-0.2163410633802414,-0.28659042716026306
7.35282575595551,0.6465581646476146,290.06206232459976,172.87452056251894,-1.0023598670959473,-0.3391556143760681,-0.39728638529777527
7.106367083925506,0.6411274878009813,290.0017241328058,172.28768012474444,-0.7344717979431152,-0.1930442899465561,-0.2884013056755066
7.524256555006603,0.6472528240445327,289.0847626562147,172.20749886701842,-0.9572802782058716,-0.23490235209465027,-0.38117238879203796
7.35282575595551,0.6465581646476146,290.06206232459976,172.28768012474444,-0.730640172958374,-0.22646453976631165,-0.3347563147544861
7.35282575595551,0.6465581646476146,290.06206232459976,172.28768012474444,-1.001983880996704,-0.26415684819221497,-0.3788239061832428
7.144279896645729,0.6492750512389356,291.04295215655026,172.28768012474444,-0.6756995916366577,-0.20500853657722473,-0.2859884202480316
7.125477119145905,0.6509374451568009,291.06184909740404,172.28768012474444,-0.9286314249038696,-0.22823944687843323,-0.3945726454257965
6.879590655163149,0.6455063683439239,291.0154635066666,172.28768012474444,-0.8575164675712585,-0.17195415496826172,-0.32383137941360474
7.21848364790135,0.6540607711721054,292.04280508172087,172.87452056251894,-0.9334249496459961,-0.216821551322937,-0.40208902955055237
7.180992636638439,0.6574579318069822,292.04280508172087,172.28768012474444,-0.7198098301887512,-0.16363906860351562,-0.321377694606781
7.2563661540979245,0.65072493357793,292.0154105522515,172.28768012474444,-0.8926595449447632,-0.16640876233577728,-0.3592638373374939
7.5950753460195175,0.6477717164815543,292.0154105522515,172.28768012474444,-1.0136736631393433,-0.1899738758802414,-0.37029382586479187
7.61514277353557,0.6460934798319603,292.0068492347397,172.28768012474444,-0.9832262992858887,-0.1958138346672058,-0.3754386305809021
7.333330300593627,0.6439616157609147,292.00171232374646,172.28768012474444,-0.9844470024108887,-0.16011090576648712,-0.3741002678871155
7.392127618699577,0.6432767609675243,290.0,172.87452056251894,-1.022985816001892,-0.21957364678382874,-0.39296939969062805
7.431849592597021,0.6398420785673363,290.0068964697219,172.87452056251894,-1.032023549079895,-0.2281084805727005,-0.37576526403427124
7.451870219730902,0.6381438837470247,290.0017241328058,172.87452056251894,-1.1190416812896729,-0.32491523027420044,-0.39313948154449463
7.97619665540346,0.6359090600754239,289.0,173.46286116040486,-1.0984694957733154,-0.31758376955986023,-0.38108187913894653
7.890605590612933,0.6427478588617264,289.0069203323685,173.46286116040486,-0.8634988069534302,-0.281393826007843,-0.3622048795223236
7.392127618699577,0.6432614636116906,290.0068964697219,173.46286116040486,-0.9056057929992676,-0.2305850237607956,-0.37084323167800903
7.278715492185246,0.6418498562084308,289.0,173.46286116040486,-0.7753173112869263,-0.1839287132024765,-0.2960242033004761
7.524256555006603,0.6472528240445327,289.0847626562147,172.87452056251894,-1.0320854187011719,-0.30829042196273804,-0.4087800979614258
7.182183221972767,0.6503965560032291,289.0155705148081,172.28768012474444,-0.6416290402412415,-0.2099262923002243,-0.2798573970794678
7.484375203102241,0.6508381702830753,289.0155705148081,172.28768012474444,-0.9668084383010864,-0.21732790768146515,-0.38594117760658264
7.61514277353557,0.6505490857252126,290.0068964697219,172.87452056251894,-0.8404626846313477,-0.2229597270488739,-0.35640785098075867
7.87435459583162,0.6543838108850026,290.02758489495443,172.87452056251894,-0.9083905220031738,-0.2297322303056717,-0.3838607370853424
7.792498949764975,0.661215366166402,290.02758489495443,172.28768012474444,-0.8316265940666199,-0.16901235282421112,-0.3695477545261383
7.8332142340635595,0.6577994206875597,290.02758489495443,172.28768012474444,-0.976258397102356,-0.2014332264661789,-0.3941529393196106
8.151780271584066,0.6565988976363137,290.01551682625535,172.80030804800782,-0.9447458982467651,-0.2086561918258667,-0.37256675958633423
8.344284288935604,0.6511885438931065,291.0154635066666,172.80030804800782,-0.9852531552314758,-0.21206586062908173,-0.38696810603141785
8.044929988168922,0.6506987783516579,291.0154635066666,172.80030804800782,-0.7028974294662476,-0.20497551560401917,-0.29442018270492554
8.023815032167825,0.6523730772545325,291.02749011047047,172.80030804800782,-0.8807674646377563,-0.22863221168518066,-0.35116860270500183
8.044929988168922,0.6506373206502987,291.04295215655026,173.3946645212623,-0.7944802641868591,-0.22002685070037842,-0.33555370569229126
8.023815032167825,0.6523730772545325,291.02749011047047,173.3946645212623,-0.9790226817131042,-0.2632405161857605,-0.4011021554470062
8.322405325718599,0.6528615464079162,291.02749011047047,173.3946645212623,-0.9459015727043152,-0.2331559658050537,-0.3702389597892761
8.322405325718599,0.6528615464079162,291.02749011047047,173.3946645212623,-0.9930489659309387,-0.2652122378349304,-0.3901173174381256
8.30064001150656,0.654588604394968,291.0154635066666,172.87452056251894,-0.782278299331665,-0.22186920046806335,-0.3041827082633972
8.257446831252079,0.6579268945695261,291.04295215655026,172.87452056251894,-0.9026067852973938,-0.23804834485054016,-0.3677750825881958
8.257446831252079,0.6579268945695261,291.04295215655026,172.87452056251894,-0.7346364259719849,-0.22375182807445526,-0.2969352602958679
8.344284288935604,0.6511270399339927,291.04295215655026,172.87452056251894,-0.9418061375617981,-0.22806477546691895,-0.372572660446167
8.278987469354467,0.6562616550932256,291.02749011047047,172.87452056251894,-0.6873955130577087,-0.20537400245666504,-0.3147677779197693
8.30064001150656,0.6545267793043109,291.04295215655026,172.87452056251894,-0.8608071208000183,-0.20448164641857147,-0.3781694173812866
8.130505515018564,0.6537702725770087,292.0273959751037,172.87452056251894,-0.8043065071105957,-0.2101370096206665,-0.31797075271606445
8.066155646930262,0.6489707885152304,291.02749011047047,172.87452056251894,-0.9471290707588196,-0.2105829268693924,-0.36812150478363037
8.023815032167825,0.6523730772545325,291.02749011047047,172.87452056251894,-0.9255448579788208,-0.20559199154376984,-0.3651535212993622
8.023815032167825,0.6523730772545325,291.02749011047047,172.87452056251894,-1.0162980556488037,-0.2080521285533905,-0.3721170723438263
8.044929988168922,0.6506987783516579,291.0154635066666,173.46286116040486,-0.9680166244506836,-0.18975979089736938,-0.37294572591781616
8.066155646930262,0.6489707885152304,291.02749011047047,173.46286116040486,-1.0142838954925537,-0.26464787125587463,-0.37355318665504456
7.765588401925091,0.6440718182305564,293.027302482209,173.52966961524828,-0.9456507563591003,-0.23738977313041687,-0.3591096103191376
7.765588401925091,0.6484975952781848,291.02749011047047,173.52966961524828,-0.9497688412666321,-0.21590575575828552,-0.3586450219154358
7.786150423713213,0.6468220701017035,291.0154635066666,173.52966961524828,-0.8017536401748657,-0.1634543389081955,-0.32443004846572876
7.786150423713213,0.6468220701017035,291.0154635066666,173.52966961524828,-1.0233826637268066,-0.303200364112854,-0.3652653694152832
7.936876739730617,0.6492880540854785,290.01551682625535,173.46286116040486,-0.8273046612739563,-0.19707700610160828,-0.3642621338367462
7.936876739730617,0.6492880540854785,290.01551682625535,173.46286116040486,-0.8448357582092285,-0.19756995141506195,-0.3634544909000397
7.936876739730617,0.6492880540854785,290.01551682625535,173.46286116040486,-0.957842230796814,-0.20007824897766113,-0.3796318769454956
8.021790591440112,0.6424891858718308,290.0017241328058,173.46286116040486,-0.8676409721374512,-0.18616464734077454,-0.3412177562713623
7.97910918546678,0.6459038829386763,290.0017241328058,173.46286116040486,-1.0173730850219727,-0.3089595139026642,-0.3724614977836609
7.9579372835615345,0.6475998145413207,290.0068964697219,173.46286116040486,-1.0115206241607666,-0.2856774628162384,-0.41421857476234436
7.97910918546678,0.6458731647401399,290.01551682625535,174.05258123422658,-0.9953311085700989,-0.2719029486179352,-0.4125896394252777
8.021790591440112,0.6424586300710522,290.01551682625535,174.05258123422658,-0.915215790271759,-0.22430431842803955,-0.37024766206741333
7.9579372835615345,0.6475536195550665,290.02758489495443,174.05258123422658,-0.9641780853271484,-0.2551112174987793,-0.3743462562561035
7.9579372835615345,0.6475536195550665,290.02758489495443,174.05258123422658,-0.9568889737129211,-0.2152915894985199,-0.36331626772880554
7.9579372835615345,0.6475536195550665,290.02758489495443,174.05258123422658,-0.9385388493537903,-0.21596519649028778,-0.36329635977745056
8.000393325124568,0.6441850003297411,290.0068964697219,174.05258123422658,-0.9175232648849487,-0.20120832324028015,-0.3508523106575012
7.737796729140634,0.6402971946725495,290.0068964697219,174.11345072578337,-1.060747504234314,-0.29110589623451233,-0.3669872581958771
7.737796729140634,0.6402971946725495,290.0068964697219,174.11345072578337,-1.0240778923034668,-0.2903968393802643,-0.3667472302913666
7.717082368384967,0.641986553845917,290.01551682625535,174.11345072578337,-1.0058231353759766,-0.2768622040748596,-0.381407767534256
7.717082368384967,0.641986553845917,290.01551682625535,174.11345072578337,-0.9967343211174011,-0.27156567573547363,-0.38965335488319397
7.765588401925091,0.6484975952781848,291.02749011047047,174.11345072578337,-0.9760316014289856,-0.2623087465763092,-0.39211031794548035
7.425335348578314,0.6514494139875029,291.02749011047047,174.05258123422658,-1.0244420766830444,-0.2643304467201233,-0.420017808675766
7.125477119145905,0.6510142954608301,291.02749011047047,174.11345072578337,-0.8288866877555847,-0.22855599224567413,-0.34872084856033325
7.464591779517335,0.648042275938995,291.02749011047047,174.05258123422658,-1.0092954635620117,-0.31909477710723877,-0.3812052011489868
7.386487452745767,0.6548568547035489,291.02749011047047,174.05258123422658,-0.6988449692726135,-0.21923021972179413,-0.3015602231025696
7.425335348578314,0.6514494139875029,291.02749011047047,174.05258123422658,-0.8385457992553711,-0.21627113223075867,-0.3695559799671173
7.745134053384911,0.6502268036138761,291.0154635066666,174.05258123422658,-0.8585546612739563,-0.21708326041698456,-0.3654104769229889
7.655595596486235,0.6470852993423954,290.02758489495443,174.05258123422658,-1.0100840330123901,-0.29506513476371765,-0.39788222312927246
7.635315912883103,0.648820946906225,290.01551682625535,174.05258123422658,-0.9972132444381714,-0.2669587731361389,-0.4026224613189697
8.28178798737156,0.6463607967948346,290.01551682625535,174.05258123422658,-0.9946015477180481,-0.258417546749115,-0.36498022079467773
8.4106119784986,0.6460624715956614,291.02749011047047,174.05258123422658,-0.9833515286445618,-0.25784486532211304,-0.3631214201450348
8.4106119784986,0.6460624715956614,291.02749011047047,174.11345072578337,-0.9510970115661621,-0.22251994907855988,-0.36534181237220764
8.477994961210818,0.6409301370058405,291.04295215655026,174.05258123422658,-0.9057811498641968,-0.21893656253814697,-0.3388083577156067
8.348348529405287,0.6412163421724654,290.02758489495443,173.46286116040486,-0.9502220153808594,-0.2245129644870758,-0.3612547218799591
8.348348529405287,0.6412163421724654,290.02758489495443,174.05258123422658,-0.9451160430908203,-0.2179376184940338,-0.3615185022354126
8.37077210474388,0.6395372945684284,290.01551682625535,174.05258123422658,-0.9393232464790344,-0.19528904557228088,-0.3605818450450897
8.500694796893336,0.6392649607000508,291.02749011047047,174.05258123422658,-0.9298831224441528,-0.23357658088207245,-0.3609500229358673
8.326043941656016,0.6384856613921466,292.04280508172087,174.11345072578337,-0.7531576156616211,-0.2208695113658905,-0.3271279036998749
7.8694923179585885,0.6399531649894963,291.04295215655026,174.05258123422658,-0.8878864049911499,-0.22071237862110138,-0.37552759051322937
7.35282575595551,0.6378389091889021,294.0272096252318,174.05258123422658,-0.8896708488464355,-0.2205962836742401,-0.3950943648815155
7.392127618699577,0.6388557705885802,292.0068492347397,174.05258123422658,-0.8627422451972961,-0.21209292113780975,-0.3648049235343933
7.484375203102241,0.6419539454044825,293.01535795927146,174.05258123422658,-0.9812429547309875,-0.2662059962749481,-0.38276344537734985
7.524256555006603,0.6386001340204221,293.00170647967224,173.46286116040486,-0.6657885909080505,-0.13822969794273376,-0.27539241313934326
7.392127618699577,0.6388557705885802,292.0068492347397,173.46286116040486,-1.0111634731292725,-0.2942488491535187,-0.3807792663574219
7.544356144489566,0.6412743571156853,291.0068727710739,173.46286116040486,-0.6712721586227417,-0.22773846983909607,-0.2499910145998001
7.372424588733685,0.6405350879042087,292.0154105522515,173.46286116040486,-0.9117596745491028,-0.25354063510894775,-0.35628482699394226
7.333330300593627,0.6439314079944332,292.0154105522515,173.46286116040486,-0.7690876722335815,-0.2238495647907257,-0.3401927053928375
7.182183221972767,0.645865946266102,291.04295215655026,173.9904440601303,-1.014700174331665,-0.26421815156936646,-0.41809287667274475
6.916314074866126,0.6420949940189214,291.0154635066666,173.9904440601303,-0.7936216592788696,-0.23110619187355042,-0.33856305480003357
6.934822511184855,0.6403629427215783,291.02749011047047,173.9904440601303,-0.9242056012153625,-0.2720998227596283,-0.37852534651756287
7.030935994301045,0.6435032923461899,292.0154105522515,173.9904440601303,-0.7502464652061462,-0.23533770442008972,-0.35218292474746704
7.049643972485866,0.641777621145221,292.0273959751037,173.9904440601303,-1.0065090656280518,-0.29516279697418213,-0.4083922505378723
7.049643972485866,0.641777621145221,292.0273959751037,173.9904440601303,-0.98412024974823,-0.26889362931251526,-0.4084809720516205
6.993814928398812,0.6469325041108821,292.00171232374646,173.9904440601303,-0.9527448415756226,-0.19446977972984314,-0.379261314868927
7.524256555006603,0.6429890867105105,291.00171820798585,173.9904440601303,-1.0478240251541138,-0.21896150708198547,-0.39031270146369934
7.544356144489566,0.6412895025859151,291.0,173.9904440601303,-1.0348883867263794,-0.2165934294462204,-0.3988305926322937
7.544356144489566,0.6412895025859151,291.0,173.9904440601303,-1.0986696481704712,-0.2835705578327179,-0.40588101744651794
7.696477969813183,0.6437294702835008,290.0,173.9904440601303,-0.9659219980239868,-0.20919494330883026,-0.3685750663280487
7.504263186184121,0.6446811166761597,291.0068727710739,173.9904440601303,-0.9486905336380005,-0.2111465185880661,-0.36567553877830505
7.35282575595551,0.646681154597827,290.0068964697219,174.05258123422658,-0.9215725064277649,-0.2125779390335083,-0.366158664226532
7.484375203102241,0.6463655327282648,291.0154635066666,173.46286116040486,-0.8427922129631042,-0.19766882061958313,-0.3466363549232483
7.484375203102241,0.6463655327282648,291.0154635066666,173.46286116040486,-0.9558923840522766,-0.2539082169532776,-0.3727445900440216
7.333330300593627,0.6439314079944332,292.0154105522515,173.46286116040486,-0.9064273834228516,-0.24545982480049133,-0.372602641582489
7.484375203102241,0.6463655327282648,291.0154635066666,173.46286116040486,-0.9635613560676575,-0.2433570921421051,-0.3845479488372803
8.130505554653112,0.6439250514547916,291.00171820798585,174.05258123422658,-0.936267077922821,-0.2380916327238083,-0.3357589840888977
8.152182784870666,0.6422127877006647,291.0068727710739,174.05258123422658,-1.0351049900054932,-0.29923275113105774,-0.36660003662109375
7.97910918546678,0.6414498444671207,292.0154105522515,174.05258123422658,-0.8362777829170227,-0.2209632843732834,-0.33645394444465637
7.635315912883103,0.6443774384827647,292.0154105522515,174.05258123422658,-0.9919037818908691,-0.2538945972919464,-0.39393168687820435
7.5950753460195175,0.6477717164815543,292.0154105522515,173.46286116040486,-0.8761825561523438,-0.21782055497169495,-0.34754103422164917
7.444912097750673,0.6497112882173582,291.04295215655026,173.3946645212623,-0.917304515838623,-0.22006170451641083,-0.36383742094039917
7.444912097750673,0.6497726584478287,291.0154635066666,173.3946645212623,-0.8570417165756226,-0.20183685421943665,-0.36425870656967163
7.786150423713213,0.6468220701017035,291.0154635066666,173.3946645212623,-0.9663330316543579,-0.2593322992324829,-0.3870585858821869
7.97910918546678,0.6459038829386763,290.0017241328058,173.3946645212623,-0.8428095579147339,-0.24284060299396515,-0.317476749420166
7.9579372835615345,0.6475998145413207,290.0068964697219,173.3946645212623,-0.953844428062439,-0.287204384803772,-0.38964176177978516
7.5950753460195175,0.6522696521672217,290.0017241328058,173.3946645212623,-0.7145095467567444,-0.1982523500919342,-0.3159427344799042
7.5950753460195175,0.6522696521672217,290.0017241328058,173.3946645212623,-0.8320120573043823,-0.20350511372089386,-0.32513028383255005
7.936876739730617,0.6493189346986415,290.0017241328058,173.3946645212623,-0.8978182673454285,-0.18616555631160736,-0.3600444197654724
7.464591779517335,0.6480881886261189,291.0068727710739,173.3946645212623,-0.8481214642524719,-0.1894182711839676,-0.35329920053482056
7.675982665477839,0.6454035860588528,290.01551682625535,173.3946645212623,-0.8502461314201355,-0.17911067605018616,-0.3532302677631378
7.484375203102241,0.6419539454044825,293.01535795927146,173.3946645212623,-0.700477659702301,-0.18891851603984833,-0.284842848777771
7.372424588733685,0.6405350879042087,292.0154105522515,173.3946645212623,-1.0353915691375732,-0.258682519197464,-0.3755803406238556
7.524256555006603,0.6385703818711403,293.01535795927146,173.3946645212623,-0.9753114581108093,-0.2539827823638916,-0.40538421273231506
7.392127618699577,0.6388557705885802,292.0068492347397,173.3946645212623,-0.9458649754524231,-0.24666857719421387,-0.37328264117240906
7.737796729140634,0.6359118039055551,292.0068492347397,173.3946645212623,-1.0818359851837158,-0.32736319303512573,-0.37358561158180237
7.696477969813183,0.6393053686099293,292.0068492347397,173.3946645212623,-0.8329545855522156,-0.231830433011055,-0.3319914937019348
7.635315912883103,0.6443169938617699,292.04280508172087,173.3946645212623,-0.9832431674003601,-0.28492480516433716,-0.39155343174934387
7.8694923179585885,0.640043844164728,291.00171820798585,173.46286116040486,-0.6825633645057678,-0.1809011697769165,-0.2797575891017914
7.806820965806964,0.6450931693082914,291.02749011047047,173.46286116040486,-0.9409376978874207,-0.21143683791160583,-0.37485721707344055
7.786150423713213,0.6468220701017035,291.0154635066666,173.46286116040486,-0.7930556535720825,-0.19427457451820374,-0.2986682653427124
7.704545031395418,0.6491102058626564,293.04265901059523,173.46286116040486,-0.8419176936149597,-0.2269487828016281,-0.33493661880493164
7.745134053384911,0.6457286979361149,293.04265901059523,173.46286116040486,-0.9210357666015625,-0.23267944157123566,-0.3506474792957306
7.745134053384911,0.6457286979361149,293.04265901059523,173.46286116040486,-0.8067995309829712,-0.2251434028148651,-0.3291350305080414
7.765588401925091,0.6440718182305564,293.027302482209,173.46286116040486,-0.7286055088043213,-0.21389596164226532,-0.2994459271430969
7.786150423713213,0.642347517515044,293.04265901059523,173.46286116040486,-0.9755274653434753,-0.2387988269329071,-0.3491257131099701
7.504263186184121,0.6402360261782384,293.027302482209,173.46286116040486,-0.9743359684944153,-0.21050052344799042,-0.35265710949897766
7.444912097750673,0.645277694432236,293.04265901059523,173.46286116040486,-0.9770585894584656,-0.22139158844947815,-0.37592029571533203
7.724786539772862,0.6473779497837264,293.0614270080592,173.46286116040486,-0.9601772427558899,-0.22355370223522186,-0.3803705871105194
7.765588401925091,0.6439968215120869,293.0614270080592,173.46286116040486,-0.9504011869430542,-0.22251677513122559,-0.37784290313720703
7.704545031395418,0.6491102058626564,293.04265901059523,173.46286116040486,-0.9574098587036133,-0.23125317692756653,-0.38176754117012024
8.194663312293436,0.6486515726799507,292.04280508172087,173.46286116040486,-0.9531151056289673,-0.23415705561637878,-0.38139182329177856
8.194663312293436,0.6486515726799507,292.04280508172087,173.46286116040486,-1.001846432685852,-0.27995193004608154,-0.3956686854362488
8.173165916285413,0.6503042822188534,292.0616373302047,173.46286116040486,-0.7888474464416504,-0.20732347667217255,-0.3646041750907898
7.87435459583162,0.6498263791328254,292.0616373302047,173.46286116040486,-0.827250599861145,-0.20292842388153076,-0.36456775665283203
7.575112806508161,0.6493661780692535,292.0616373302047,173.46286116040486,-0.7874716520309448,-0.19942711293697357,-0.32260000705718994
7.575112806508161,0.6493661780692535,292.0616373302047,173.46286116040486,-0.9757876396179199,-0.21754653751850128,-0.36848196387290955
7.35282575595551,0.6422520401363576,292.0068492347397,173.46286116040486,-0.8592979311943054,-0.1791306585073471,-0.34169453382492065
7.933171709924667,0.6349269194275629,291.0068727710739,173.46286116040486,-1.0431272983551025,-0.29185014963150024,-0.36785611510276794
7.779558854980833,0.6325185734958945,292.0068492347397,173.46286116040486,-0.999605655670166,-0.2683619260787964,-0.35075363516807556
7.91183175395885,0.6366099011969825,291.0154635066666,173.46286116040486,-0.9013535380363464,-0.22033357620239258,-0.3472193479537964
7.758621929200927,0.634196552637834,292.0154105522515,173.46286116040486,-0.9117738008499146,-0.21113991737365723,-0.3500077426433563
7.758621929200927,0.6385698555430553,290.01551682625535,173.46286116040486,-0.9759559631347656,-0.21632632613182068,-0.3724521994590759
7.5645627983432115,0.6395522159926821,291.0154635066666,173.46286116040486,-0.8579440116882324,-0.215053990483284,-0.34666547179222107
7.5645627983432115,0.6395522159926821,291.0154635066666,173.46286116040486,-0.9229317903518677,-0.2155509889125824,-0.38219889998435974
7.544356144489566,0.6412743571156853,291.0068727710739,174.05258123422658,-0.917462944984436,-0.20866963267326355,-0.3824731111526489
8.108942549624095,0.6456145953980159,291.0068727710739,174.05258123422658,-1.0534299612045288,-0.307685911655426,-0.3998892903327942
8.130505554653112,0.6439250514547916,291.00171820798585,174.05258123422658,-0.9412964582443237,-0.21616478264331818,-0.38105303049087524
8.326043941656016,0.6385755140729924,292.00171232374646,173.46286116040486,-1.0426158905029297,-0.29933303594589233,-0.3814695477485657
8.28178798737156,0.6419642510015389,292.00171232374646,174.05258123422658,-0.6935689449310303,-0.1896248310804367,-0.28843316435813904
8.516167073015321,0.6474893763130898,292.0273959751037,173.46286116040486,-0.986487865447998,-0.26918646693229675,-0.36319416761398315
8.516167073015321,0.6474893763130898,292.0273959751037,172.80030804800782,-0.7696095108985901,-0.20079486072063446,-0.3447761833667755
8.066155646930262,0.6489707885152304,291.02749011047047,173.3946645212623,-0.7838293313980103,-0.21136491000652313,-0.36262446641921997
8.516167073015321,0.6474893763130898,292.0273959751037,173.3946645212623,-0.81727534532547,-0.21676969528198242,-0.36332833766937256
8.366277787151486,0.6494618165817505,291.02749011047047,173.3946645212623,-0.9660760164260864,-0.25392112135887146,-0.3741394281387329
8.278987469354467,0.6563081501093078,291.0068727710739,173.3946645212623,-0.763617217540741,-0.1897132247686386,-0.32823047041893005
8.405442089335214,0.6559224492157772,292.04280508172087,172.80030804800782,-0.9179657697677612,-0.23277921974658966,-0.38525229692459106
7.981913804952393,0.6558221791797465,291.0068727710739,172.20749886701842,-0.6380847692489624,-0.17910227179527283,-0.25507456064224243
7.940445205489576,0.6592254087498994,291.0068727710739,171.61635868698536,-0.9657903909683228,-0.25402870774269104,-0.38959047198295593
7.940445205489576,0.6592254087498994,291.0068727710739,171.61635868698536,-0.8017461895942688,-0.20564143359661102,-0.32157063484191895
7.961125843844754,0.6575043408978055,291.0154635066666,172.20749886701842,-0.9545775651931763,-0.24983954429626465,-0.373100221157074
7.961125843844754,0.6575043408978055,291.0154635066666,172.20749886701842,-0.8820640444755554,-0.23267380893230438,-0.36780717968940735
7.792498949764975,0.661215366166402,290.02758489495443,172.20749886701842,-0.7779252529144287,-0.22113434970378876,-0.3635336756706238
7.812803867439658,0.6595347950836671,290.01551682625535,172.80030804800782,-0.9279292821884155,-0.22383098304271698,-0.37728434801101685
8.151780271584066,0.6565988976363137,290.01551682625535,172.80030804800782,-1.0219794511795044,-0.25757259130477905,-0.3969833552837372
8.130505515018564,0.6582781783713396,290.02758489495443,172.80030804800782,-0.9676796793937683,-0.2509843707084656,-0.39300471544265747
8.918210119798758,0.6539378878661773,291.0068727710739,172.80030804800782,-0.8079759478569031,-0.2546359896659851,-0.3402952253818512
8.941606348276217,0.6522212856176806,291.0154635066666,172.80030804800782,-1.0355513095855713,-0.28825843334198,-0.37491488456726074
8.965124665221635,0.6505433008000578,291.0068727710739,173.3946645212623,-0.8798198699951172,-0.23842604458332062,-0.34685033559799194
8.598020074188923,0.6550934865283722,291.0154635066666,172.80030804800782,-1.0108203887939453,-0.29921290278434753,-0.41287678480148315
8.493790991815558,0.6537172806848903,290.0017241328058,172.20749886701842,-0.7577160000801086,-0.2501005232334137,-0.32193809747695923
8.449387241944413,0.6570966639293071,290.01551682625535,172.20749886701842,-0.9866768717765808,-0.28555750846862793,-0.38982146978378296
8.427357782886126,0.6588216299763505,290.0068964697219,172.20749886701842,-0.8470332026481628,-0.20980238914489746,-0.3466712534427643
8.278987469354467,0.6562616550932256,291.02749011047047,172.20749886701842,-1.0070523023605347,-0.2798965871334076,-0.3877304196357727
8.449387241944413,0.6570966639293071,290.01551682625535,172.20749886701842,-0.7116990685462952,-0.23134827613830566,-0.28107020258903503
8.427357782886126,0.6587746345086908,290.02758489495443,172.20749886701842,-0.897558331489563,-0.26595205068588257,-0.35470807552337646
8.066155646930262,0.6535236668928982,289.0,172.20749886701842,-0.6268925666809082,-0.1867435723543167,-0.2679278254508972
8.151780271584066,0.6565988976363137,290.01551682625535,172.20749886701842,-0.9760954976081848,-0.31173673272132874,-0.3782697916030884
8.194663312293436,0.653216891616845,290.0017241328058,172.20749886701842,-0.6679868102073669,-0.218052476644516,-0.2673787474632263
8.471531348052721,0.6554108594886512,290.0068964697219,172.20749886701842,-0.9409958124160767,-0.24559171497821808,-0.373770534992218
8.471531348052721,0.6554108594886512,290.0068964697219,172.20749886701842,-0.834492564201355,-0.20360061526298523,-0.3503640294075012
8.471531348052721,0.6554108594886512,290.0068964697219,172.80030804800782,-0.926812469959259,-0.2104274481534958,-0.41628655791282654
8.173165916285413,0.6549117822199922,290.0068964697219,172.80030804800782,-0.923535168170929,-0.21512910723686218,-0.39646175503730774
8.002809920856933,0.6585644814879532,289.0432493589843,172.20749886701842,-1.009240746498108,-0.30111509561538696,-0.4323269724845886
7.87435459583162,0.6544304931214011,290.0068964697219,171.61635868698536,-0.7261216640472412,-0.21525856852531433,-0.3060011863708496
8.173165916285413,0.6549117822199922,290.0068964697219,171.61635868698536,-0.9855677485466003,-0.28174400329589844,-0.37067538499832153
8.216273331697256,0.6515142861725163,290.0,172.80030804800782,-0.9562308192253113,-0.24780631065368652,-0.3603658974170685
8.259834774330963,0.6480861763356779,290.0068964697219,172.20749886701842,-1.02483332157135,-0.29343676567077637,-0.3845476806163788
8.28178798737156,0.646391538185507,290.0017241328058,172.28768012474444,-0.6837441921234131,-0.19777728617191315,-0.26207298040390015
8.237996855619247,0.6497113292483936,290.0431002454635,172.20749886701842,-0.971561074256897,-0.2534920871257782,-0.3761245608329773
7.895086253005167,0.6527343355845521,290.0017241328058,171.70245810492383,-0.6825991272926331,-0.20821145176887512,-0.277908593416214
7.895086253005167,0.6526412197362912,290.0431002454635,171.70245810492383,-1.0188177824020386,-0.2997409403324127,-0.36504846811294556
8.151780271584066,0.6565988976363137,290.01551682625535,171.70245810492383,-0.6836453676223755,-0.2140040397644043,-0.25720828771591187
8.173165916285413,0.6547872269164766,290.06206232459976,171.70245810492383,-0.9712641835212708,-0.28236231207847595,-0.39390096068382263
7.895086253005167,0.6527032925401585,290.01551682625535,171.70245810492383,-0.6637123823165894,-0.17893555760383606,-0.2918494939804077
8.194663312293436,0.6531858256228262,290.01551682625535,172.28768012474444,-1.012837529182434,-0.28759831190109253,-0.38194945454597473
8.066155646930262,0.6535080181293158,289.0069203323685,172.28768012474444,-0.9026650190353394,-0.24785299599170685,-0.34996461868286133
7.8332142340635595,0.6577212331680077,290.06206232459976,172.28768012474444,-1.039874792098999,-0.3297956585884094,-0.43085670471191406
7.555254339661562,0.6556566339492006,290.01551682625535,172.36623754237127,-0.733914852142334,-0.2034815102815628,-0.3179490566253662
7.8332142340635595,0.6578463465857078,290.0068964697219,172.28768012474444,-1.0032918453216553,-0.2560642659664154,-0.40513768792152405
8.002809920856933,0.6586275518047793,289.0155705148081,172.28768012474444,-0.9650441408157349,-0.2379157543182373,-0.398038774728775
8.002809920856933,0.6585644814879532,289.0432493589843,171.70245810492383,-0.9463221430778503,-0.2481037676334381,-0.3932773172855377
7.812803867439658,0.6594720725963642,290.0431002454635,171.7868187923537,-0.7127294540405273,-0.1786486655473709,-0.32048338651657104
7.8537308679462985,0.6560564770231163,290.0431002454635,172.87452056251894,-0.8894275426864624,-0.2009505331516266,-0.38420432806015015
7.8537308679462985,0.6561188746526141,290.01551682625535,172.87452056251894,-0.8939186334609985,-0.20510587096214294,-0.3705434203147888
7.8537308679462985,0.6561188746526141,290.01551682625535,172.87452056251894,-1.0494916439056396,-0.2877720892429352,-0.4138544201850891
7.812803867439658,0.6595347950836671,290.01551682625535,173.46286116040486,-0.9793516993522644,-0.22841694951057434,-0.366824746131897
8.109340792223174,0.6600123336937457,290.01551682625535,173.46286116040486,-0.8801501393318176,-0.21667826175689697,-0.3639870882034302
8.194663312293436,0.6487428559871014,292.00171232374646,173.46286116040486,-0.9134658575057983,-0.22045961022377014,-0.3664274215698242
8.066155646930262,0.6490167669858826,291.0068727710739,173.46286116040486,-1.0755319595336914,-0.289127916097641,-0.3904508054256439
8.066155646930262,0.6490167669858826,291.0068727710739,173.46286116040486,-0.9802166819572449,-0.23177418112754822,-0.3619835674762726
8.108942549624095,0.6456145953980159,291.0068727710739,173.46286116040486,-1.0257036685943604,-0.2885098159313202,-0.3681521415710449
8.108942549624095,0.6456145953980159,291.0068727710739,173.46286116040486,-1.0224192142486572,-0.28166502714157104,-0.3775598108768463
7.765588401925091,0.6485435402239053,291.0068727710739,173.46286116040486,-0.8389345407485962,-0.2409311980009079,-0.34398895502090454
7.915926683404443,0.6510149806415494,290.0068964697219,173.46286116040486,-0.8911467790603638,-0.24192674458026886,-0.3658873736858368
7.895086253005167,0.6527032925401585,290.01551682625535,174.05258123422658,-0.8478366136550903,-0.1969294250011444,-0.3473568558692932
8.173975144008578,0.6449560023816575,289.0017300986276,173.9904440601303,-0.8088582158088684,-0.19028551876544952,-0.29797136783599854
8.087492875421,0.6517131929572084,289.0432493589843,173.3946645212623,-0.9227590560913086,-0.24556274712085724,-0.3918527364730835
7.635315912883103,0.648820946906225,290.01551682625535,173.46286116040486,-0.8063858151435852,-0.1938449740409851,-0.3499535024166107
7.61514277353557,0.6505490857252126,290.0068964697219,173.46286116040486,-0.9582470655441284,-0.21370640397071838,-0.3754729926586151
7.5950753460195175,0.6522386312224591,290.01551682625535,173.46286116040486,-0.6913474202156067,-0.1779625415802002,-0.30774110555648804
7.5950753460195175,0.656767576418332,288.01562457616774,173.46286116040486,-0.8818052411079407,-0.18710818886756897,-0.34951913356781006
7.444912097750673,0.6542688721954832,289.0155705148081,173.46286116040486,-0.8854207992553711,-0.18820515275001526,-0.350315660238266
7.163181671023111,0.652132548084808,289.0069203323685,173.46286116040486,-0.8841822743415833,-0.18663081526756287,-0.35503295063972473
7.01232657053515,0.6541825894320377,288.00694436072195,173.46286116040486,-0.9927495121955872,-0.28132128715515137,-0.39852190017700195
7.01232657053515,0.6541825894320377,288.00694436072195,173.46286116040486,-0.9049592018127441,-0.20857664942741394,-0.3925160765647888
6.728149252774128,0.6520554567721484,288.00173610587836,173.46286116040486,-0.9901759028434753,-0.23053422570228577,-0.3889598548412323
7.372424588733685,0.6494617677921891,288.00173610587836,173.3946645212623,-1.0130738019943237,-0.2273358404636383,-0.38391542434692383
7.372424588733685,0.6494617677921891,288.00173610587836,173.9904440601303,-1.001952886581421,-0.22709906101226807,-0.3768366575241089
7.737796729140634,0.644759035558311,288.0,173.9904440601303,-0.9936001896858215,-0.22952108085155487,-0.3683503568172455
8.043301882666613,0.6452356829988548,288.0,173.9904440601303,-1.0167909860610962,-0.2566092014312744,-0.38362932205200195
8.043301882666613,0.6452356829988548,288.0,174.05258123422658,-1.0278432369232178,-0.2600831687450409,-0.3834032416343689
8.62982619037224,0.6479563923479331,288.00173610587836,174.05258123422658,-0.716384768486023,-0.21047791838645935,-0.2843638062477112
8.957001083618593,0.6467753710390227,288.0,174.05258123422658,-0.7218084335327148,-0.2107369601726532,-0.2950074076652527
8.781535627754138,0.6459762095229589,289.0017300986276,174.05258123422658,-0.9531047940254211,-0.3017016053199768,-0.3323708176612854
8.688816267252902,0.6528163218611137,289.0017300986276,173.3946645212623,-0.8206335306167603,-0.23397760093212128,-0.33178621530532837
8.965124665221635,0.6550451156871216,289.0069203323685,173.3946645212623,-0.7693492770195007,-0.23045769333839417,-0.3290847837924957
9.162704157789241,0.6496528988141093,290.0068964697219,173.3946645212623,-0.8899332880973816,-0.24058449268341064,-0.33005601167678833
9.288220634600338,0.6538661944723628,289.0155705148081,173.3946645212623,-0.9168186187744141,-0.2550824284553528,-0.368395060300827
9.21539442692598,0.6590084408411988,289.0069203323685,173.3946645212623,-0.6574100255966187,-0.19435346126556396,-0.21613271534442902
9.167469453391119,0.6623765619146722,289.0276803352925,172.80030804800782,-0.901339054107666,-0.21469628810882568,-0.2881011366844177
9.167469453391119,0.6623765619146722,289.0276803352925,173.3946645212623,-0.7435702085494995,-0.2022850215435028,-0.2908094525337219
9.143691844537651,0.6640486919820975,289.0432493589843,173.3946645212623,-0.9021298289299011,-0.20673251152038574,-0.36073821783065796
9.019685273436588,0.659820480921825,290.02758489495443,173.3946645212623,-0.7045012712478638,-0.20387700200080872,-0.3098223805427551
8.701092825078053,0.660957473317605,290.0431002454635,173.3946645212623,-0.9475019574165344,-0.2801051139831543,-0.40447038412094116
8.361948517213198,0.6638556364338595,290.0431002454635,172.80030804800782,-0.7296673655509949,-0.21261858940124512,-0.31721633672714233
7.792498949764975,0.661215366166402,290.02758489495443,172.80030804800782,-0.9213393926620483,-0.2132372111082077,-0.38039788603782654
7.162392060061829,0.6637366836953704,290.02758489495443,172.80030804800782,-0.9259489178657532,-0.21240834891796112,-0.38189613819122314
7.014696728347842,0.6658194453155889,289.0276803352925,172.72454150347477,-0.9127510786056519,-0.21338693797588348,-0.403191477060318
6.667152598769223,0.670524131570052,289.0432493589843,172.72454150347477,-0.9138410687446594,-0.2068646252155304,-0.40320801734924316
6.094968636218122,0.6680719948918602,289.0276803352925,172.80030804800782,-0.7239841222763062,-0.18781474232673645,-0.327597439289093
5.490088069786461,0.6690587571977361,289.0432493589843,172.80030804800782,-0.8390706777572632,-0.1819089949131012,-0.3854149878025055
5.034440746153703,0.6679510440780988,290.06206232459976,172.80030804800782,-0.8250234723091125,-0.1847304403781891,-0.3824498951435089
4.467896194050303,0.6640705715234074,290.0068964697219,172.80030804800782,-0.7532783150672913,-0.1616072952747345,-0.353337824344635
4.160434116431582,0.6654473720515361,290.0431002454635,172.20749886701842,-0.9200407266616821,-0.19952939450740814,-0.42836183309555054
3.981487858210337,0.6682157361911305,291.02749011047047,172.28768012474444,-0.7051395177841187,-0.17700299620628357,-0.3286970257759094
3.99173848573701,0.6664664320387625,291.04295215655026,172.20749886701842,-0.956490159034729,-0.1873767077922821,-0.40545183420181274
3.8444101506693835,0.6687097376832285,290.01551682625535,172.20749886701842,-0.7696359753608704,-0.19071663916110992,-0.37142854928970337
3.8444101506693835,0.6686461426487529,290.0431002454635,172.20749886701842,-0.9694832563400269,-0.2662212550640106,-0.4178175926208496
3.697033411547804,0.6662990461936827,291.0154635066666,171.61635868698536,-0.6591371297836304,-0.20114083588123322,-0.30595916509628296
3.697033411547804,0.6662990461936827,291.0154635066666,171.61635868698536,-0.8742663264274597,-0.19261574745178223,-0.40690404176712036
3.2379482420027803,0.6670625045309794,292.04280508172087,171.61635868698536,-0.692846417427063,-0.1740056425333023,-0.34047985076904297
3.558778017369024,0.6622197287037068,292.0068492347397,171.61635868698536,-0.6767187714576721,-0.15069156885147095,-0.3141949474811554
3.5496105115897914,0.6684874568175996,290.01551682625535,171.61635868698536,-0.8675895929336548,-0.15576502680778503,-0.3699241578578949
3.3847027089387423,0.6695165771148349,291.0154635066666,171.61635868698536,-0.7203325033187866,-0.1571638584136963,-0.3506152629852295
3.5496105115897914,0.6684874568175996,290.01551682625535,172.12564322137845,-0.8680289387702942,-0.1687019020318985,-0.3780559301376343
3.5314163992985437,0.6718650693991486,290.0431002454635,172.12564322137845,-0.9601417779922485,-0.17794284224510193,-0.43117842078208923
3.82471213554596,0.6674842150459602,292.04280508172087,172.20749886701842,-0.6992977857589722,-0.17855356633663177,-0.32664650678634644
3.99173848573701,0.6664664320387625,291.04295215655026,171.528466628088,-1.0199421644210815,-0.23938290774822235,-0.42360720038414
4.012398745227027,0.6631015170872276,291.0154635066666,171.528466628088,-0.7106109857559204,-0.23211738467216492,-0.31012681126594543
4.002041978323277,0.6647879669416492,291.02749011047047,171.528466628088,-0.9066287279129028,-0.22651155292987823,-0.420980304479599
4.275239141265524,0.6684630583007531,291.02749011047047,171.61635868698536,-0.6899814009666443,-0.21313174068927765,-0.2981386184692383
4.456341875430901,0.6657063392212513,290.0431002454635,171.528466628088,-0.9174009561538696,-0.23076161742210388,-0.393867552280426
4.479510491466082,0.6623320381794446,290.01551682625535,171.528466628088,-0.6796976327896118,-0.21313044428825378,-0.2949337363243103
4.491185234881392,0.6605857827213856,290.02758489495443,171.528466628088,-0.9998599886894226,-0.2556358873844147,-0.4310292601585388
4.514717952858607,0.6571953535876084,290.0068964697219,171.528466628088,-0.7276097536087036,-0.18024733662605286,-0.3320940136909485
4.502920896353583,0.65889453117499,290.01551682625535,171.528466628088,-0.9526766538619995,-0.20930016040802002,-0.4096555709838867
4.479510491466082,0.6623320381794446,290.01551682625535,171.528466628088,-0.6564770936965942,-0.19436763226985931,-0.29796725511550903
4.8016617302763125,0.6591741595103667,290.01551682625535,171.528466628088,-0.7595913410186768,-0.1944638043642044,-0.38153186440467834
4.652322270138059,0.6567676310584285,291.0154635066666,171.528466628088,-0.7728990912437439,-0.1786607950925827,-0.3819810748100281
4.8016617302763125,0.6591114713199051,290.0431002454635,172.12564322137845,-0.8363421559333801,-0.18018348515033722,-0.39321762323379517
4.814234800290394,0.6574288217966322,290.02758489495443,172.12564322137845,-0.6730095148086548,-0.13874325156211853,-0.3081415593624115
4.652322270138059,0.6567676310584285,291.0154635066666,172.12564322137845,-0.9155133366584778,-0.16853724420070648,-0.4020511209964752
4.652322270138059,0.6567676310584285,291.0154635066666,172.12564322137845,-0.8902357220649719,-0.16790705919265747,-0.3955986499786377
5.10014644126348,0.659471698094831,290.01551682625535,172.12564322137845,-1.0728785991668701,-0.28240737318992615,-0.4209880232810974
5.370339983171316,0.6632200033658376,290.01551682625535,172.12564322137845,-0.7708329558372498,-0.23260405659675598,-0.33825236558914185
5.060519266398792,0.6645958669470338,290.02758489495443,172.12564322137845,-0.7802070379257202,-0.21623320877552032,-0.33970141410827637
5.10014644126348,0.6595030630495267,290.0017241328058,172.12564322137845,-0.8288175463676453,-0.18840967118740082,-0.3514847755432129
5.0868687599414555,0.6612085910980945,290.0068964697219,171.528466628088,-0.9905120730400085,-0.2534441649913788,-0.40624648332595825
4.899764317704527,0.6639023431290102,291.0154635066666,172.12564322137845,-0.8572705388069153,-0.22762124240398407,-0.39077115058898926
4.925218092145609,0.6604787186205267,291.0154635066666,172.12564322137845,-0.9257944822311401,-0.2380843609571457,-0.3875430226325989
5.235625636122705,0.6589665598725285,291.06184909740404,171.528466628088,-0.9278357625007629,-0.2406114786863327,-0.4197293221950531
5.249287508457716,0.6572985705616977,291.04295215655026,171.528466628088,-0.7039328217506409,-0.21487347781658173,-0.3234218955039978
5.249287508457716,0.6572985705616977,291.04295215655026,172.20749886701842,-0.9635934829711914,-0.23947179317474365,-0.4216710031032562
5.222034521257643,0.6607201576993008,291.04295215655026,171.61635868698536,-0.7140228152275085,-0.2211260050535202,-0.31294679641723633
4.925218092145609,0.6604163372158066,291.04295215655026,171.61635868698536,-0.8735672831535339,-0.20689746737480164,-0.41255903244018555
4.950937154418972,0.6570552258584496,291.0154635066666,172.20749886701842,-0.6960915923118591,-0.18666194379329681,-0.3071545362472534
5.235625636122705,0.6589665598725285,291.06184909740404,171.61635868698536,-0.9122759699821472,-0.2309962958097458,-0.37338411808013916
5.222034521257643,0.6607201576993008,291.04295215655026,171.61635868698536,-0.6656131744384766,-0.21939590573310852,-0.2989828288555145
5.455278847098258,0.6528597486783102,290.0431002454635,172.20749886701842,-1.0786097049713135,-0.32271748781204224,-0.4503544270992279
5.263020690632987,0.6556226640406796,291.02749011047047,171.61635868698536,-0.6685357689857483,-0.18997937440872192,-0.3053204417228699
5.249287508457716,0.6572985705616977,291.04295215655026,172.20749886701842,-0.7112702131271362,-0.19993047416210175,-0.37747707962989807
5.249287508457716,0.6572985705616977,291.04295215655026,172.20749886701842,-0.6706206202507019,-0.19438958168029785,-0.2980016767978668
5.249287508457716,0.6572985705616977,291.04295215655026,172.20749886701842,-0.9911981821060181,-0.20033392310142517,-0.37989646196365356
5.235625636122705,0.6590443581016028,291.02749011047047,172.20749886701842,-0.7343027591705322,-0.17004083096981049,-0.3097350597381592
5.681469762102615,0.6618084248460223,290.02758489495443,172.20749886701842,-0.9280131459236145,-0.2080048769712448,-0.36608147621154785
5.475954680587621,0.6661286272289507,291.06184909740404,171.61635868698536,-0.7621084451675415,-0.1626211255788803,-0.3514677882194519
5.222034521257643,0.6607201576993008,291.04295215655026,172.20749886701842,-0.7215343713760376,-0.1388748288154602,-0.32253143191337585
5.490088069786461,0.6599275267791525,293.04265901059523,172.20749886701842,-0.919953465461731,-0.23111705482006073,-0.3870893120765686
5.504294402984737,0.6582636314684392,293.027302482209,172.20749886701842,-0.9537230730056763,-0.22438737750053406,-0.4052852690219879
5.208513617166014,0.6579450932415477,293.027302482209,172.20749886701842,-0.8774488568305969,-0.21014127135276794,-0.39893680810928345
5.222034521257643,0.6562725810342083,293.01535795927146,172.80030804800782,-0.8704693913459778,-0.20564162731170654,-0.3884318470954895
5.398358290876509,0.655268511436368,292.0154105522515,172.20749886701842,-0.96458500623703,-0.2047126591205597,-0.394951194524765
5.412477075359994,0.6535830473015781,292.0068492347397,172.80030804800782,-0.7351593375205994,-0.17542138695716858,-0.3392946124076843
5.547356739202298,0.6576839010406758,291.0154635066666,172.80030804800782,-0.9751125574111938,-0.2276114672422409,-0.40883827209472656
5.398358290876509,0.655268511436368,292.0154105522515,172.80030804800782,-0.707382321357727,-0.20438611507415771,-0.307944118976593
5.0736598789553415,0.6583044827610782,292.04280508172087,172.20749886701842,-0.8374161720275879,-0.19592395424842834,-0.3906079828739166
4.950937154418972,0.6570552258584496,291.0154635066666,172.20749886701842,-0.7059850692749023,-0.19523194432258606,-0.3034124970436096
5.249287508457716,0.6572985705616977,291.04295215655026,172.20749886701842,-1.0154894590377808,-0.32374149560928345,-0.40513214468955994
5.304653706577299,0.6505480169409635,291.00171820798585,171.61635868698536,-0.6979423761367798,-0.22331681847572327,-0.29057323932647705
5.469696527722126,0.6511785274826645,290.02758489495443,171.61635868698536,-0.9013242721557617,-0.24930159747600555,-0.33948078751564026
5.290703222802223,0.6522011214718493,291.02749011047047,171.61635868698536,-0.6987441182136536,-0.210086852312088,-0.29957902431488037
8.67946457411541,0.4963974973886712,327.0749149659753,176.98611590268953,-0.9887038469314575,-0.4668880105018616,-0.39266490936279297
8.204305194775085,0.5005262463855558,329.02431521089744,176.96334246265135,-1.2570645809173584,-0.5001714825630188,-0.531795859336853
8.453070278082114,0.49471153026044073,330.037876614185,176.96334246265135,-0.9704045057296753,-0.4340665340423584,-0.37452977895736694
8.179557983407861,0.49598074259051933,333.0375354220602,177.35620405522934,-1.3449231386184692,-0.5314000844955444,-0.5456796884536743
8.00513880477589,0.48506810633013947,333.09608223454086,178.2357335457582,-1.2154842615127563,-0.47631996870040894,-0.46757060289382935
7.956061078243643,0.4851291581111232,335.0955087732451,178.2357335457582,-1.1811485290527344,-0.43949002027511597,-0.46489962935447693
7.805408500020729,0.48204055399918094,336.0729087564185,178.67552479494967,-1.240234613418579,-0.44143152236938477,-0.48930731415748596
8.478938684849542,0.481459808225822,338.09466130064817,178.67552479494967,-1.2154052257537842,-0.44231605529785156,-0.46122175455093384
8.42735812023448,0.48438543114840593,338.09466130064817,178.67552479494967,-1.4204795360565186,-0.5488680601119995,-0.5533042550086975
7.859678136365287,0.48525010902342336,339.09438214160963,179.11485109206725,-1.3771361112594604,-0.46508997678756714,-0.49364346265792847
8.204305194775085,0.48566214644092237,339.09438214160963,179.11485109206725,-1.3081339597702026,-0.4516758918762207,-0.4864877164363861
7.710514846898844,0.48219919137588796,340.07205118915607,179.11485109206725,-1.28995680809021,-0.4263557493686676,-0.46561557054519653
7.710514846898844,0.48219919137588796,340.07205118915607,179.11485109206725,-1.2627983093261719,-0.4296824038028717,-0.4699104428291321
7.6178877226765245,0.48807841494927307,340.03676271838606,179.11485109206725,-1.0173723697662354,-0.4051724374294281,-0.41902655363082886
8.007823260582784,0.48556459053994366,340.03676271838606,179.1215498531314,-1.1061396598815918,-0.4115463197231293,-0.4236965775489807
8.351145212282164,0.48314158463495693,342.03654775476843,179.12814671290002,-1.0752705335617065,-0.40603429079055786,-0.40910306572914124
8.376396963647,0.48167265404212084,342.0526275297414,179.12814671290002,-1.1935795545578003,-0.42126351594924927,-0.42722588777542114
8.720122331648891,0.48210719665685897,342.0526275297414,179.12814671290002,-1.016672134399414,-0.417630672454834,-0.3790438771247864
8.720122331648891,0.48210719665685897,342.0526275297414,179.5551373818481,-1.1732736825942993,-0.42934146523475647,-0.43600744009017944
8.773110830936153,0.4792176658959885,342.0526275297414,179.1215498531314,-1.114843726158142,-0.41112643480300903,-0.4188787043094635
8.826742195622257,0.47632855001800745,342.0526275297414,179.1215498531314,-1.1820056438446045,-0.41840749979019165,-0.44784313440322876
8.42735812023448,0.4787805007416704,342.0526275297414,179.12814671290002,-0.9084156155586243,-0.3775247633457184,-0.3532949388027191
8.504964758418378,0.474416636117579,342.0716299256634,179.12814671290002,-1.079186201095581,-0.3961842954158783,-0.37605899572372437
8.478938684849542,0.4758887308456702,342.0526275297414,179.12814671290002,-1.27061128616333,-0.4521391987800598,-0.45438486337661743
8.180630917443347,0.47257251826465146,342.0526275297414,179.12814671290002,-1.0232878923416138,-0.4192578196525574,-0.4040916860103607
9.027975788558678,0.4737004189544928,343.0714211355997,179.12814671290002,-1.237365484237671,-0.45728302001953125,-0.4731000065803528
9.139973480406288,0.46788023662303846,343.1180554852805,179.12814671290002,-1.1150070428848267,-0.4466403126716614,-0.3847416043281555
9.083632281191237,0.4708219028292572,343.0714211355997,179.12814671290002,-1.089510202407837,-0.41988644003868103,-0.3932650685310364
9.287280066038921,0.47095819222980656,342.0935544555027,179.55839478041375,-1.1284620761871338,-0.4440966546535492,-0.37514621019363403
9.111716511973343,0.47210419865334136,341.09382873338535,179.5551373818481,-1.179469108581543,-0.43413296341896057,-0.4148181974887848
9.812905549143741,0.47306813229858846,341.09382873338535,179.5551373818481,-1.1833447217941284,-0.44295889139175415,-0.4065656065940857
10.162404817621862,0.47357658818948584,341.09382873338535,179.55839478041375,-1.1936501264572144,-0.442579448223114,-0.40786013007164
10.478924810126003,0.47273850499201747,343.1180554852805,179.55839478041375,-1.2193846702575684,-0.45073896646499634,-0.42516905069351196
11.240688873004855,0.47097438127177527,343.1180554852805,179.91866288439147,-1.3439961671829224,-0.5465945601463318,-0.4448114037513733
11.240688873004855,0.47097438127177527,343.1180554852805,179.91866288439147,-1.3363298177719116,-0.5229141116142273,-0.47613245248794556
10.892530258070101,0.4704149647817909,343.1180554852805,179.5551373818481,-1.2504886388778687,-0.4839049279689789,-0.4384670853614807
10.555490793049842,0.4759503281851424,344.0930106817051,179.5551373818481,-1.3479851484298706,-0.5145689249038696,-0.5048198699951172
10.180238211344358,0.4768224704443168,344.11771241829445,179.5551373818481,-1.3650109767913818,-0.5253950357437134,-0.5313156843185425
10.211187720583158,0.4754265496284682,344.0930106817051,179.5551373818481,-1.2723662853240967,-0.48678117990493774,-0.5302287936210632
9.6933410045651,0.4732980376743577,345.09274115808347,179.5551373818481,-1.3905370235443115,-0.5278600454330444,-0.5371120572090149
9.866138403989128,0.4749199776546672,344.0930106817051,179.5551373818481,-1.3790003061294556,-0.5228532552719116,-0.48443013429641724
11.68964780171405,0.4732407348773025,344.17582715815473,179.55182903480738,-1.359376072883606,-0.5777432918548584,-0.47674593329429626
11.924796895432866,0.47814366439056355,344.14531814336806,179.10804806057527,-1.168458104133606,-0.42699432373046875,-0.4571192264556885
11.683800217393372,0.47929862925272354,345.14489710844634,179.10113831551843,-1.2615642547607422,-0.4351578652858734,-0.4905664324760437
11.174130054196738,0.4798271033608109,344.14531814336806,178.6652996455069,-1.3283782005310059,-0.4964880049228668,-0.48579758405685425
11.00383729699155,0.4781588494933385,345.14489710844634,179.10804806057527,-1.3187450170516968,-0.48331815004348755,-0.4850374758243561
10.872868690206786,0.4838482486374446,345.14489710844634,179.10113831551843,-1.3675007820129395,-0.5122319459915161,-0.519913375377655
10.41143200993703,0.4890082460668296,345.14489710844634,178.20824256416864,-1.2857524156570435,-0.4509083330631256,-0.5082476139068604
10.047562212289726,0.48995844062573196,345.11737133908514,178.20824256416864,-1.0793803930282593,-0.42863550782203674,-0.40120944380760193
9.73732410768087,0.4983248952835161,344.0930106817051,178.65491451854984,-1.3030767440795898,-0.519571840763092,-0.5508152842521667
9.032503918659783,0.5076086421832053,345.09274115808347,178.65491451854984,-0.9723637700080872,-0.4264594614505768,-0.41433611512184143
8.896225114647615,0.5074538361354303,344.0712135590538,178.6652996455069,-1.0010229349136353,-0.4224730432033539,-0.419271856546402
8.870925062854345,0.5088573565408846,344.0930106817051,178.6652996455069,-1.100821852684021,-0.4307817816734314,-0.40242892503738403
9.224277080747893,0.5182566439377455,343.0714211355997,179.10113831551843,-1.3234590291976929,-0.5168917775154114,-0.5165152549743652
8.915294231428547,0.5280390239582466,342.1768548572507,178.65491451854984,-1.0999834537506104,-0.4148631989955902,-0.4089457094669342
8.842184904098936,0.5324179467967631,342.1461675950792,178.19417235823389,-1.2444493770599365,-0.4493536055088043,-0.47507673501968384
9.046939652106339,0.5312097586314573,341.2110783664563,178.64436563783556,-0.9059848785400391,-0.41972121596336365,-0.35811370611190796
9.257223276249572,0.5375643519061652,341.146596055127,178.63364910734978,-0.9905495643615723,-0.3969947099685669,-0.367267906665802
9.257223276249572,0.5375643519061652,341.146596055127,178.63364910734978,-1.066455602645874,-0.40265387296676636,-0.3830328583717346
9.207236677006959,0.5405412837694752,341.09382873338535,178.63364910734978,-1.3626716136932373,-0.5316248536109924,-0.5226040482521057
9.207236677006959,0.5405412837694752,341.09382873338535,178.63364910734978,-1.0614259243011475,-0.4774686396121979,-0.4242982864379883
9.5652985870559,0.5381268959323269,341.09382873338535,178.63364910734978,-1.2386032342910767,-0.5042707324028015,-0.48183688521385193
9.5652985870559,0.5381268959323269,341.09382873338535,178.63364910734978,-1.2207469940185547,-0.47970694303512573,-0.4566117823123932
9.5652985870559,0.5381268959323269,341.09382873338535,178.63364910734978,-1.2873554229736328,-0.48775848746299744,-0.4885690212249756
9.872817339322415,0.5386218097789557,341.09382873338535,179.08698852452235,-0.9944949150085449,-0.4577886164188385,-0.40577778220176697
9.872817339322415,0.5386218097789557,341.09382873338535,178.63364910734978,-1.3887219429016113,-0.5508391261100769,-0.5209445357322693
9.207236677006959,0.5373911582237827,343.09328177625395,179.08698852452235,-1.2776381969451904,-0.4758732318878174,-0.514633297920227
9.207236677006959,0.5373911582237827,343.09328177625395,179.08698852452235,-1.3360008001327515,-0.5026727914810181,-0.5086221694946289
9.182443559991963,0.5388640980256382,343.0714211355997,179.08698852452235,-1.3084322214126587,-0.476539671421051,-0.5012436509132385
9.157782489011225,0.5403327367182371,343.05247412021384,178.63364910734978,-1.3062047958374023,-0.47630900144577026,-0.5005069971084595
9.310291557019097,0.5389956740405812,344.05232160239814,178.63364910734978,-1.2418451309204102,-0.4446501135826111,-0.4975697994232178
8.852373977002133,0.5398764907953805,343.05247412021384,178.63364910734978,-1.4608508348464966,-0.5705780386924744,-0.5207995176315308
8.98100786203569,0.5399936023918533,344.0363352903295,178.63364910734978,-1.274707555770874,-0.4630959630012512,-0.5114233493804932
8.957001083618593,0.5414040111604687,344.05232160239814,178.63364910734978,-1.2841694355010986,-0.4700930118560791,-0.49824148416519165
8.933121282937153,0.5428648292504428,344.0363352903295,178.1798788123467,-1.3774596452713013,-0.5168031454086304,-0.5185328722000122
8.98100786203569,0.5399388636018102,344.0712135590538,178.1798788123467,-1.2197120189666748,-0.45754796266555786,-0.45528125762939453
9.133252421074458,0.5386025564114085,345.0710071854777,178.62276090652452,-1.2199970483779907,-0.43773379921913147,-0.46354228258132935
9.060437967675938,0.5428606279556254,345.09274115808347,178.62276090652452,-1.251887559890747,-0.4500346779823303,-0.45363807678222656
8.77025572419858,0.5367939262673637,342.11840055746785,178.62276090652452,-1.2472444772720337,-0.43991875648498535,-0.4547860622406006
9.12777220230045,0.5343611923879746,342.11840055746785,178.62276090652452,-1.2341253757476807,-0.4452771246433258,-0.4559853971004486
9.102982036419506,0.5358431348413789,342.0935544555027,178.62276090652452,-1.2537645101547241,-0.4466201663017273,-0.4629233777523041
9.102982036419506,0.5358431348413789,342.0935544555027,178.62276090652452,-1.0758843421936035,-0.43342262506484985,-0.41012901067733765
8.746536699277886,0.5382774600542704,342.0935544555027,178.63364910734978,-1.362270474433899,-0.5220509767532349,-0.5107563734054565
9.05380018616655,0.5387296974594411,342.0935544555027,178.63364910734978,-1.3191710710525513,-0.5165510773658752,-0.5058794021606445
9.282418900041018,0.5361616129734175,341.11874765248535,178.63364910734978,-1.3203513622283936,-0.5152696371078491,-0.500533938407898
9.282418900041018,0.5361616129734175,341.11874765248535,178.63364910734978,-1.253183364868164,-0.4830416142940521,-0.47700682282447815
9.488545755731456,0.5350763855781674,340.1190967881692,178.1798788123467,-1.2428278923034668,-0.46252894401550293,-0.441514790058136
9.411329479525936,0.5394664019583562,340.0941046239996,178.63364910734978,-1.261404037475586,-0.48119598627090454,-0.47946056723594666
9.257223276249572,0.5376475132789056,341.09382873338535,178.64436563783556,-1.137768030166626,-0.4432961046695709,-0.4393262267112732
9.257223276249572,0.5376475132789056,341.09382873338535,178.64436563783556,-1.3629391193389893,-0.5505461096763611,-0.5219150185585022
9.257223276249572,0.5376475132789056,341.09382873338535,178.64436563783556,-1.3296064138412476,-0.4895157814025879,-0.5150112509727478
9.102982036419506,0.5358431348413789,342.0935544555027,178.64436563783556,-1.2418941259384155,-0.4297819137573242,-0.5076881647109985
9.102982036419506,0.5358431348413789,342.0935544555027,178.64436563783556,-1.3869414329528809,-0.5276092886924744,-0.5296406745910645
9.152696621658702,0.5329569713547504,342.0935544555027,178.64436563783556,-1.3003453016281128,-0.48515456914901733,-0.5119894742965698
9.462667859974957,0.5334297387332184,342.0935544555027,178.64436563783556,-1.3494261503219604,-0.5152382254600525,-0.5098823308944702
9.643730834304483,0.5337519217632664,341.11874765248535,178.64436563783556,-1.337792992591858,-0.5134676098823547,-0.46059173345565796
9.643730834304483,0.5337519217632664,341.11874765248535,178.64436563783556,-1.4052404165267944,-0.5429830551147461,-0.5251550674438477
9.719128551872434,0.5367165422395594,342.1461675950792,178.64436563783556,-1.3145760297775269,-0.4868698716163635,-0.48748844861984253
9.5652985870559,0.5349090517875942,343.14574163174456,178.64436563783556,-1.356523871421814,-0.493317186832428,-0.4927734434604645
9.539434656240108,0.5363892340152406,343.1180554852805,178.19417235823389,-1.3498270511627197,-0.49227628111839294,-0.49154844880104065
9.767014043507286,0.5380909342974125,345.09274115808347,178.19417235823389,-1.3657407760620117,-0.5037161111831665,-0.4956064820289612
9.335348890160821,0.5374594511413613,344.11771241829445,178.19417235823389,-1.050989031791687,-0.4254857897758484,-0.3806702792644501
9.411329479525936,0.5331969475100473,344.0930106817051,178.1798788123467,-1.1377899646759033,-0.4263857901096344,-0.4131856858730316
9.798773378828566,0.529345643123132,344.11771241829445,177.7260954303383,-0.9365094900131226,-0.3624761998653412,-0.35329335927963257
9.85259196845895,0.526553434435526,344.0712135590538,177.7260954303383,-0.9925296902656555,-0.3889181911945343,-0.4204443097114563
9.488545755731456,0.5289303196834721,344.0712135590538,177.7260954303383,-0.9468326568603516,-0.4018633961677551,-0.3804153800010681
9.488545755731456,0.5289303196834721,344.0712135590538,177.7260954303383,-0.9657676815986633,-0.4085494577884674,-0.4167512059211731
9.540724591730864,0.5260639232424682,344.0712135590538,177.7260954303383,-1.0249238014221191,-0.41266918182373047,-0.4203166365623474
9.696730707910575,0.5278405136183366,343.0714211355997,178.1798788123467,-1.3142073154449463,-0.5031843185424805,-0.4748152196407318
9.41046412711081,0.5258860272770538,343.09328177625395,178.1798788123467,-1.1360901594161987,-0.44506970047950745,-0.4422904849052429
9.462667891903786,0.5230730213531235,343.05247412021384,178.1798788123467,-1.374426007270813,-0.5444740056991577,-0.552207350730896
9.17290972931724,0.521134007710977,343.0714211355997,178.1798788123467,-0.9505540132522583,-0.4500555098056793,-0.40712594985961914
9.64680675591573,0.5233740703332505,342.0716299256634,178.1798788123467,-1.345568060874939,-0.5513249635696411,-0.5162068605422974
9.962004481031926,0.523871861328918,342.0716299256634,178.1798788123467,-0.9272656440734863,-0.4317423403263092,-0.37906506657600403
10.219925665329857,0.5272622058028548,342.0716299256634,178.63364910734978,-1.2283718585968018,-0.4914504885673523,-0.4855117201805115
10.219925665329857,0.5272622058028548,342.0716299256634,178.1798788123467,-1.1866073608398438,-0.452958881855011,-0.4490136504173279
10.219925665329857,0.5272622058028548,342.0716299256634,178.1798788123467,-1.238224744796753,-0.46284300088882446,-0.45817989110946655
9.85259196845895,0.5296314085626223,342.0716299256634,178.63364910734978,-0.9547902941703796,-0.41516536474227905,-0.38870078325271606
10.755180997417254,0.5326678524897375,342.0526275297414,178.63364910734978,-1.4026762247085571,-0.5905457735061646,-0.5265294909477234
10.969371876824624,0.5315621673565286,341.09382873338535,178.63364910734978,-1.3002560138702393,-0.5196502804756165,-0.4346962571144104
10.969371876824624,0.5315621673565286,341.09382873338535,178.63364910734978,-1.3037135601043701,-0.5205827355384827,-0.48543205857276917
10.291079257767391,0.5333620261859048,341.09382873338535,178.63364910734978,-1.2858480215072632,-0.46613556146621704,-0.48327508568763733
9.825609694302354,0.5310375570781574,342.0935544555027,178.63364910734978,-1.2568740844726562,-0.4644247591495514,-0.4408717155456543
10.291079257767391,0.5333620261859048,341.09382873338535,178.63364910734978,-1.3130985498428345,-0.5135954022407532,-0.45176663994789124
10.291079257767391,0.5333620261859048,341.09382873338535,178.63364910734978,-1.1172221899032593,-0.46744638681411743,-0.4067734181880951
10.725919882064224,0.5372146255030924,340.07205118915607,178.62276090652452,-1.11650812625885,-0.43039852380752563,-0.41403618454933167
10.725919882064224,0.5372146255030924,340.07205118915607,178.62276090652452,-1.2359898090362549,-0.4556025564670563,-0.4155411720275879
9.953671309739631,0.5343242912808509,341.07183993991646,178.62276090652452,-1.2300317287445068,-0.4453914165496826,-0.4274476170539856
10.291079257767391,0.5333620261859048,341.09382873338535,178.62276090652452,-1.3162258863449097,-0.5033507943153381,-0.4726102352142334
10.503313771169493,0.5323030982972312,340.0941046239996,178.16535657356243,-1.2919753789901733,-0.493793249130249,-0.4606046676635742
10.532237767746759,0.530818609243508,340.1190967881692,178.16535657356243,-1.351298213005066,-0.5272916555404663,-0.4765469431877136
10.376159572239583,0.5321158219252208,339.1194479825656,178.16535657356243,-1.345947504043579,-0.4963722825050354,-0.4407949447631836
10.590560870922694,0.5310498973929126,338.11980125393427,178.16535657356243,-1.303697943687439,-0.4841585159301758,-0.4463173747062683
10.532237767746759,0.5339573289158693,338.11980125393427,178.16535657356243,-1.320662260055542,-0.5080043077468872,-0.5038740038871765
10.532237767746759,0.5339573289158693,338.11980125393427,178.16535657356243,-0.8939115405082703,-0.42793411016464233,-0.3506755530834198
11.46532113092629,0.535650125258105,338.11980125393427,178.6116968852199,-1.0599169731140137,-0.48614445328712463,-0.37385112047195435
11.154951912407915,0.5350701077186057,338.11980125393427,178.15060011655484,-1.235337495803833,-0.4966401159763336,-0.4327002167701721
11.154951912407915,0.5350701077186057,338.11980125393427,178.15060011655484,-1.1532363891601562,-0.4623156487941742,-0.42313307523727417
11.029826802104536,0.5317184004194014,339.1474605536654,178.62276090652452,-1.1509960889816284,-0.4256261885166168,-0.42453449964523315
10.688158165184618,0.5326548141172893,339.1194479825656,178.62276090652452,-1.223097801208496,-0.4353623390197754,-0.43748241662979126
10.376159572239583,0.5321158219252208,339.1194479825656,178.62276090652452,-1.3160086870193481,-0.4758848547935486,-0.45059123635292053
10.40482973539508,0.5306217604849169,339.1474605536654,178.62276090652452,-1.1459537744522095,-0.4399641156196594,-0.4128645360469818
10.16387149501598,0.5331828338616417,340.1190967881692,178.62276090652452,-1.168792963027954,-0.44013017416000366,-0.4615665078163147
10.16387149501598,0.5331828338616417,340.1190967881692,178.62276090652452,-1.2675741910934448,-0.4850194454193115,-0.46076422929763794
9.87972138320781,0.5311799279776817,340.14702703389895,178.62276090652452,-1.2427794933319092,-0.4497562348842621,-0.4597438871860504
9.64680675591573,0.5262876398467662,340.177894637497,178.63364910734978,-1.342818021774292,-0.5083411335945129,-0.4892323911190033
9.64680675591573,0.5293984827670821,338.178946713127,178.63364910734978,-1.3501046895980835,-0.5139690041542053,-0.49229103326797485
9.9069991331195,0.5328146827006647,338.178946713127,178.63364910734978,-1.1066187620162964,-0.4480575919151306,-0.41778936982154846
9.436494456747985,0.5305938981710959,339.1194479825656,178.1798788123467,-1.1658209562301636,-0.44480982422828674,-0.45228466391563416
9.488985604886434,0.5276852067843374,339.1194479825656,178.64436563783556,-1.1251450777053833,-0.4336525499820709,-0.422546923160553
9.87972138320781,0.531262585458108,340.0941046239996,178.19417235823389,-1.0575071573257446,-0.4198792576789856,-0.4126608371734619
9.750310749984964,0.5311592221142122,339.0722636843067,178.19417235823389,-1.194969892501831,-0.43119698762893677,-0.4290750026702881
9.750310749984964,0.5310853178446858,339.1194479825656,178.63364910734978,-1.1290357112884521,-0.4362962245941162,-0.38300183415412903
9.696730707910575,0.5339917725483742,339.1194479825656,178.62276090652452,-1.2014695405960083,-0.44084471464157104,-0.4491177499294281
9.696730707910575,0.5339917725483742,339.1194479825656,178.62276090652452,-1.179497480392456,-0.4377356171607971,-0.4319772720336914
9.30775085328907,0.5379072973928791,339.09438214160963,178.64436563783556,-1.2842748165130615,-0.4653819501399994,-0.49238643050193787
9.72344761995077,0.5324945008853124,339.1474605536654,178.62276090652452,-0.9713832139968872,-0.4206152558326721,-0.3287999629974365
9.333220235452062,0.5333970427908657,341.03665492143216,178.62276090652452,-1.102995753288269,-0.42462867498397827,-0.4623548984527588
9.384575743231848,0.5305038342567072,341.03665492143216,178.1798788123467,-0.9944742918014526,-0.4071879982948303,-0.40432149171829224
9.25375868872913,0.5303494479419436,340.05293705539435,178.1798788123467,-1.146327018737793,-0.4248318076133728,-0.4086701273918152
9.228286298729076,0.5317708352785356,340.07205118915607,178.1798788123467,-1.3368415832519531,-0.5108290314674377,-0.48036640882492065
9.228286298729076,0.5317708352785356,340.07205118915607,178.1798788123467,-1.3090816736221313,-0.4964582324028015,-0.4770565927028656
9.152696621658702,0.5361551830081325,340.05293705539435,178.1798788123467,-1.282083511352539,-0.49357619881629944,-0.4733580946922302
8.939931254220367,0.5298203847249277,340.0941046239996,178.63364910734978,-1.1440666913986206,-0.43024927377700806,-0.42153024673461914
8.96470372194864,0.5283292865698893,340.1190967881692,178.1798788123467,-1.3135038614273071,-0.5022081136703491,-0.48209062218666077
8.939931254220367,0.5298203847249277,340.0941046239996,178.1798788123467,-1.2881309986114502,-0.4521993100643158,-0.47821393609046936
8.55456012341631,0.530646994113628,342.0716299256634,178.63364910734978,-1.1572190523147583,-0.44385695457458496,-0.4617018699645996
8.601765736927687,0.5277563294391864,342.0716299256634,178.19417235823389,-1.2940236330032349,-0.47387346625328064,-0.4648979604244232
8.915294231428547,0.5282014544703036,342.0716299256634,178.64436563783556,-1.1366229057312012,-0.4318901002407074,-0.44098925590515137
9.07185840744703,0.5299789372522906,341.07183993991646,178.19417235823389,-1.2893816232681274,-0.4853180944919586,-0.4401704668998718
9.096913671688414,0.5284972847072312,341.09382873338535,178.19417235823389,-1.270922064781189,-0.4805888235569,-0.41414111852645874
9.096913671688414,0.5284972847072312,341.09382873338535,178.64436563783556,-1.3505775928497314,-0.5235607624053955,-0.49983829259872437
8.96470372194864,0.5252417860751444,342.11840055746785,178.64436563783556,-1.0600446462631226,-0.4783005118370056,-0.3855505585670471
8.939931254220367,0.5267237193184291,342.0935544555027,178.64436563783556,-1.1525548696517944,-0.47569578886032104,-0.4456872045993805
8.939931254220367,0.5267237193184291,342.0935544555027,178.64436563783556,-1.0357928276062012,-0.42414551973342896,-0.4152781367301941
9.046939652106339,0.5313923598509867,341.09382873338535,178.63364910734978,-1.3490302562713623,-0.5288189649581909,-0.4884273111820221
8.939931254220367,0.5267237193184291,342.0935544555027,178.63364910734978,-1.2787926197052002,-0.4582887589931488,-0.48377710580825806
8.625562995289222,0.5262774016594972,342.0935544555027,178.63364910734978,-1.355804443359375,-0.5095716714859009,-0.48255738615989685
8.55456012341631,0.530646994113628,342.0716299256634,178.63364910734978,-1.3828736543655396,-0.5222285389900208,-0.5059776306152344
8.507866076727659,0.5335380151202017,342.0716299256634,178.19417235823389,-1.3684771060943604,-0.5123259425163269,-0.4990426003932953
8.085815398900372,0.5315661162561232,341.07183993991646,178.19417235823389,-1.3672192096710205,-0.5091121792793274,-0.513198733329773
8.174815664355286,0.5345898643963584,342.0526275297414,178.19417235823389,-1.3459436893463135,-0.49558258056640625,-0.5082238912582397
8.174815664355286,0.5345898643963584,342.0526275297414,178.19417235823389,-1.3007010221481323,-0.4807196259498596,-0.4685991704463959
8.019687836155692,0.5328264860942732,343.05247412021384,178.19417235823389,-1.2594701051712036,-0.45937466621398926,-0.46896305680274963
7.595075440669342,0.5308918460460513,342.0526275297414,178.19417235823389,-1.343291163444519,-0.5024886131286621,-0.48492637276649475
7.595075440669342,0.5308918460460513,342.0526275297414,178.19417235823389,-1.3484435081481934,-0.5018112659454346,-0.4842926859855652
7.553604234452673,0.533789867144004,342.0526275297414,178.19417235823389,-1.3331396579742432,-0.4913293421268463,-0.46989431977272034
7.553604234452673,0.533789867144004,342.0526275297414,178.20824256416864,-1.405031442642212,-0.5149190425872803,-0.5231850147247314
7.533037054041301,0.5352092487016694,342.0716299256634,178.20824256416864,-1.4021673202514648,-0.5312201380729675,-0.5179356336593628
7.377863953806306,0.5334604251388864,343.0714211355997,178.19417235823389,-1.381431221961975,-0.5024285316467285,-0.5021198987960815
7.377863953806306,0.5334604251388864,343.0714211355997,178.64436563783556,-1.445562481880188,-0.5425100922584534,-0.5196903347969055
7.322356654311434,0.5274693127668457,342.1461675950792,178.65491451854984,-1.1656391620635986,-0.4326222836971283,-0.42900148034095764
7.026698066017134,0.5256970442152065,342.11840055746785,178.20824256416864,-1.2206755876541138,-0.40513235330581665,-0.4528583586215973
7.026698066017134,0.5256970442152065,342.11840055746785,178.19417235823389,-0.9598498344421387,-0.36276596784591675,-0.38925397396087646
7.184724450511542,0.527418910373584,341.11874765248535,178.20824256416864,-1.3110007047653198,-0.4696999490261078,-0.46881112456321716
7.342641470755737,0.52606259114943,342.11840055746785,178.65491451854984,-1.05604887008667,-0.4270668029785156,-0.4063378870487213
7.105943628663695,0.5332364449798241,341.11874765248535,178.65491451854984,-1.1975661516189575,-0.44273829460144043,-0.44693294167518616
7.145117975128562,0.5303275523357134,341.11874765248535,179.10113831551843,-1.298384428024292,-0.4797016680240631,-0.46537742018699646
7.145117975128562,0.5303275523357134,341.11874765248535,179.10113831551843,-1.4446827173233032,-0.5579412579536438,-0.5274685621261597
7.459138217677747,0.5307001326768548,341.11874765248535,178.64436563783556,-1.3828195333480835,-0.5380684733390808,-0.5171825885772705
7.242320208470731,0.5333496381638453,342.0935544555027,179.0941193368413,-1.3743104934692383,-0.5187293291091919,-0.5240062475204468
7.282119665984264,0.5303683384694603,342.1461675950792,178.64436563783556,-1.332897663116455,-0.49442848563194275,-0.45365071296691895
7.262165690672195,0.5318611120639621,342.11840055746785,178.64436563783556,-1.3860721588134766,-0.5172010660171509,-0.5000657439231873
6.949615744256559,0.528411559380065,344.11771241829445,178.65491451854984,-1.3239319324493408,-0.46824735403060913,-0.4980922341346741
7.262165690672195,0.5287710176334864,344.11771241829445,179.0941193368413,-1.3295713663101196,-0.47050222754478455,-0.49612292647361755
7.105943628663695,0.5270582225826055,345.11737133908514,179.0941193368413,-1.2673351764678955,-0.43928924202919006,-0.48392996191978455
7.262165690672195,0.5287710176334864,344.11771241829445,179.0941193368413,-1.4576153755187988,-0.5634447932243347,-0.4933456778526306
7.302183021588521,0.5258884720810163,344.11771241829445,179.0941193368413,-1.4362764358520508,-0.5562275648117065,-0.5041394233703613
7.145117975128562,0.527237397185638,343.1180554852805,179.0941193368413,-1.4963265657424927,-0.5980225205421448,-0.5033089518547058
7.086516311235361,0.5316137871073182,343.09328177625395,178.64436563783556,-1.2878416776657104,-0.4782291352748871,-0.4799692630767822
7.086516311235361,0.5316137871073182,343.09328177625395,178.64436563783556,-1.3437485694885254,-0.49079108238220215,-0.548064649105072
7.086516311235361,0.5316137871073182,343.09328177625395,178.64436563783556,-1.1701250076293945,-0.4197918474674225,-0.46692338585853577
6.930607453391586,0.5329890366319201,342.0935544555027,178.64436563783556,-1.2430139780044556,-0.4647862911224365,-0.4936256408691406
7.105943628663695,0.5302014015481661,343.0714211355997,178.64436563783556,-1.210992455482483,-0.4317379593849182,-0.4899135231971741
7.067194413824632,0.5330939827285273,343.0714211355997,179.0941193368413,-1.361424446105957,-0.5402312874794006,-0.5111993551254272
7.105943628663695,0.5301293400606002,343.1180554852805,179.0941193368413,-1.3132376670837402,-0.5086201429367065,-0.48996487259864807
6.600414872245497,0.534057321340322,342.11840055746785,178.64436563783556,-1.2264841794967651,-0.44462069869041443,-0.4854903817176819
6.600414872245497,0.534057321340322,342.11840055746785,178.64436563783556,-1.268309235572815,-0.4470207691192627,-0.48699817061424255
6.600414872245497,0.534057321340322,342.11840055746785,178.64436563783556,-1.3962674140930176,-0.4960445463657379,-0.5299321413040161
6.811874538457775,0.5313829360338975,341.146596055127,178.19417235823389,-1.2876707315444946,-0.4606665074825287,-0.4579835832118988
6.811874538457775,0.5313829360338975,341.146596055127,178.64436563783556,-1.287865400314331,-0.46307605504989624,-0.4794479012489319
7.125477226662914,0.5317385572730898,341.146596055127,178.64436563783556,-1.2898271083831787,-0.4637925624847412,-0.47209444642066956
7.105943628663695,0.5332364449798241,341.11874765248535,178.64436563783556,-1.3242852687835693,-0.48294052481651306,-0.4917523264884949
6.930607453391586,0.5329890366319201,342.0935544555027,178.64436563783556,-1.3238723278045654,-0.48673075437545776,-0.4914698004722595
6.930607453391586,0.5329890366319201,342.0935544555027,178.64436563783556,-1.3181140422821045,-0.4825060963630676,-0.4849473834037781
6.44462387779856,0.5324082182044412,343.0714211355997,178.64436563783556,-1.0739299058914185,-0.4046681523323059,-0.44314783811569214
6.44462387779856,0.5324082182044412,343.0714211355997,178.64436563783556,-1.1985814571380615,-0.4163152277469635,-0.46852096915245056
6.65491884394518,0.5297406421035005,342.0935544555027,178.64436563783556,-1.3508520126342773,-0.4790651798248291,-0.4693845808506012
6.61848381418933,0.5326442337407182,342.0935544555027,178.63364910734978,-1.2122924327850342,-0.4417078495025635,-0.4439494013786316
6.65491884394518,0.5297406421035005,342.0935544555027,179.0941193368413,-1.21272873878479,-0.4328824579715729,-0.45738592743873596
6.183461947908668,0.530801653984389,341.09382873338535,178.64436563783556,-1.1810925006866455,-0.39968544244766235,-0.45833271741867065
6.183461947908668,0.530801653984389,341.09382873338535,179.0941193368413,-1.2894513607025146,-0.4574356973171234,-0.49514904618263245
6.71032651328741,0.5283442909590903,340.177894637497,179.0941193368413,-1.2939940690994263,-0.46594294905662537,-0.493962824344635
6.868564641356765,0.5269697495856229,341.1773732239581,179.0941193368413,-1.261296033859253,-0.4639114439487457,-0.495683491230011
6.868564641356765,0.5269697495856229,341.1773732239581,179.0941193368413,-1.0980627536773682,-0.4096817076206207,-0.45034289360046387
6.515804995648161,0.5295392780048309,341.1773732239581,179.0941193368413,-1.1199132204055786,-0.4162324368953705,-0.4545038342475891
6.515804995648161,0.5295392780048309,341.1773732239581,179.0941193368413,-1.2044134140014648,-0.4324711263179779,-0.4653114676475525
6.515804995648161,0.5295392780048309,341.1773732239581,179.0941193368413,-1.2091889381408691,-0.4338586926460266,-0.4597604274749756
6.830667448350055,0.5330027159379864,339.17841912480225,179.0941193368413,-1.1975481510162354,-0.4301530718803406,-0.44731026887893677
6.868564641356765,0.5300754552513246,339.17841912480225,179.10113831551843,-1.377339482307434,-0.5256319642066956,-0.5020444989204407
6.868564641356765,0.5300754552513246,339.17841912480225,179.10113831551843,-1.3724989891052246,-0.5053741335868835,-0.4805075228214264
6.868564641356765,0.5300754552513246,339.17841912480225,179.10113831551843,-1.3026537895202637,-0.4786794185638428,-0.4798886775970459
6.868564641356765,0.5300754552513246,339.17841912480225,179.10113831551843,-1.3647620677947998,-0.5132549405097961,-0.5018340349197388
6.906882734165208,0.5271484290761811,339.17841912480225,179.10113831551843,-1.3660778999328613,-0.5144320726394653,-0.5049839019775391
6.906882734165208,0.5271484290761811,339.17841912480225,179.10113831551843,-1.3604884147644043,-0.500017523765564,-0.46713894605636597
6.766660435660185,0.5240128375085843,340.14702703389895,179.10113831551843,-1.3275254964828491,-0.49353736639022827,-0.49041613936424255
6.71032651328741,0.5284356281060338,340.1190967881692,179.10113831551843,-1.3145170211791992,-0.49306344985961914,-0.4901596009731293
6.74777812156631,0.5255157320427698,340.1190967881692,179.10113831551843,-1.3103140592575073,-0.4911121428012848,-0.48064345121383667
6.766660435660185,0.5240943797103471,340.0941046239996,179.10113831551843,-1.3872690200805664,-0.5303041934967041,-0.5309249758720398
6.570227020860058,0.525300000333031,341.09382873338535,178.65491451854984,-1.3667196035385132,-0.5214416980743408,-0.5263882875442505
6.766660435660185,0.5210311813469396,342.0935544555027,178.65491451854984,-1.3726015090942383,-0.5248676538467407,-0.4870542585849762
6.74777812156631,0.522444673663227,342.11840055746785,178.65491451854984,-1.2745407819747925,-0.4646586775779724,-0.48249825835227966
6.588569435235103,0.5238055136457146,341.11874765248535,178.65491451854984,-1.3064873218536377,-0.47195902466773987,-0.4950896203517914
6.588569435235103,0.5238055136457146,341.11874765248535,178.65491451854984,-1.3246972560882568,-0.4730183482170105,-0.49230965971946716
6.74777812156631,0.5255157320427698,340.1190967881692,178.65491451854984,-1.2693727016448975,-0.4668542444705963,-0.44720810651779175
7.16576706377257,0.5184343639639754,340.2116987994387,178.65491451854984,-1.2873061895370483,-0.47602757811546326,-0.448922723531723
6.843253569149746,0.5181744417612046,340.14702703389895,178.65491451854984,-1.201789379119873,-0.4310709536075592,-0.4506303369998932
6.804742447424896,0.5210935232200329,340.14702703389895,178.65491451854984,-1.2193613052368164,-0.428844153881073,-0.44478005170822144
7.285678519846367,0.5231717810115641,339.1474605536654,178.65491451854984,-1.2156928777694702,-0.43305739760398865,-0.4472389221191406
7.326854805619659,0.5201476699398591,339.21232288936676,179.10113831551843,-1.2238730192184448,-0.4350239634513855,-0.43800002336502075
7.368496670590559,0.5173227882949046,339.1474605536654,179.10113831551843,-1.2185752391815186,-0.4227234423160553,-0.46270909905433655
7.43184975040563,0.5128899489157895,339.17841912480225,179.10113831551843,-1.143080472946167,-0.41739392280578613,-0.4305918216705322
7.389494655885915,0.5158136261349324,339.17841912480225,179.10113831551843,-1.1702362298965454,-0.41994643211364746,-0.43286198377609253
7.389494655885915,0.5158136261349324,339.17841912480225,179.10113831551843,-1.1980922222137451,-0.4233977794647217,-0.4350525736808777
7.876078281946166,0.5179272038175147,338.178946713127,179.10113831551843,-1.251995325088501,-0.4445632994174957,-0.4435398578643799
7.876078281946166,0.5179272038175147,338.178946713127,179.10113831551843,-1.3963888883590698,-0.5307105183601379,-0.5159355401992798
7.389494655885915,0.5158136261349324,339.17841912480225,179.10804806057527,-1.3477460145950317,-0.4708581566810608,-0.5033398270606995
7.389494655885915,0.5158136261349324,339.17841912480225,179.10804806057527,-1.3409672975540161,-0.4675152897834778,-0.4990966320037842
7.389494655885915,0.5158136261349324,339.17841912480225,179.10804806057527,-1.3961966037750244,-0.532197117805481,-0.5118205547332764
7.389494655885915,0.5158136261349324,339.17841912480225,179.10804806057527,-1.3787200450897217,-0.5324921607971191,-0.5086307525634766
7.389494655885915,0.5158136261349324,339.17841912480225,179.10804806057527,-1.2677345275878906,-0.472968190908432,-0.4792373776435852
7.551811454659696,0.5175303117340612,338.178946713127,179.10804806057527,-1.34842848777771,-0.5371867418289185,-0.5037843585014343
7.551811454659696,0.5175303117340612,338.178946713127,179.10804806057527,-1.342751145362854,-0.5356166958808899,-0.49198874831199646
7.551811454659696,0.5175303117340612,338.178946713127,179.10804806057527,-1.2542674541473389,-0.46846479177474976,-0.4674856662750244
7.530362689373188,0.5189438529065169,338.21295066865787,179.10804806057527,-1.4034390449523926,-0.5173441171646118,-0.5123868584632874
7.347617051326422,0.5187375820865997,339.17841912480225,179.10804806057527,-1.3963876962661743,-0.5242928266525269,-0.5353783369064331
7.0045658289223995,0.516832849552586,341.146596055127,179.10804806057527,-1.195236086845398,-0.4173687994480133,-0.48793476819992065
6.7008017952879255,0.5150699841379585,341.11874765248535,178.6652996455069,-1.3666069507598877,-0.4857015609741211,-0.5121291875839233
6.681832766277501,0.5164836016074167,341.146596055127,178.6652996455069,-1.3969085216522217,-0.5027772784233093,-0.5108224153518677
6.823943919702018,0.5196766249707174,340.1190967881692,178.6652996455069,-1.2935107946395874,-0.44752269983291626,-0.5103548169136047
6.823943919702018,0.5196766249707174,340.1190967881692,178.6652996455069,-1.2294442653656006,-0.43582266569137573,-0.4528191089630127
7.326854805619659,0.5203285830076854,339.09438214160963,178.6652996455069,-1.36742103099823,-0.5278469920158386,-0.4818491041660309
7.16576706377257,0.5186136227648233,340.0941046239996,178.6652996455069,-1.3150891065597534,-0.49538955092430115,-0.47904545068740845
7.347617051326422,0.5156983048823103,341.1773732239581,178.67552479494967,-1.2093738317489624,-0.45047664642333984,-0.44276413321495056
7.64868000581949,0.5175804444508645,341.146596055127,178.2357335457582,-1.3356789350509644,-0.5008453726768494,-0.46788865327835083
7.466737262994848,0.5173668104594732,342.11840055746785,178.2357335457582,-1.2990394830703735,-0.47570785880088806,-0.4678434729576111
7.145565665361454,0.5169951151169234,342.11840055746785,178.2357335457582,-1.3250700235366821,-0.4950823187828064,-0.4632751941680908
7.145565665361454,0.5169951151169234,342.11840055746785,178.67552479494967,-1.349406123161316,-0.49793606996536255,-0.4740167260169983
7.16576706377257,0.5155824580319138,342.0935544555027,178.2357335457582,-1.3287214040756226,-0.4891434609889984,-0.4735338091850281
7.487826599972537,0.5189885814504563,340.0941046239996,178.22209461738314,-1.2623186111450195,-0.47175854444503784,-0.44908055663108826
7.410612010843112,0.5114634143318078,341.09382873338535,178.6652996455069,-1.3401747941970825,-0.5079976916313171,-0.5286784768104553
6.39491191874227,0.5133170045491269,341.09382873338535,178.6652996455069,-0.978038489818573,-0.42911583185195923,-0.416513592004776
6.376742445175476,0.5148069705843262,341.07183993991646,178.6652996455069,-1.255234956741333,-0.47747740149497986,-0.4986368715763092
6.358675528528835,0.5162306134977563,341.09382873338535,178.65491451854984,-0.9355314373970032,-0.3957449793815613,-0.39068207144737244
7.347617051326422,0.5158578704903621,341.07183993991646,178.65491451854984,-1.0547616481781006,-0.4044126570224762,-0.4014202058315277
7.326854805619659,0.5172784861686092,341.09382873338535,178.65491451854984,-1.1411471366882324,-0.4086425304412842,-0.4044033885002136
7.024433353654596,0.5154202471125048,341.11874765248535,178.65491451854984,-1.3895231485366821,-0.5338550806045532,-0.48058104515075684
7.285678519846367,0.5201864297142854,341.09382873338535,178.65491451854984,-1.3495030403137207,-0.5198716521263123,-0.5110085606575012
7.347617051326422,0.5157869341586273,341.11874765248535,179.10804806057527,-1.2905385494232178,-0.49106675386428833,-0.4637230336666107
7.530362689373188,0.5160734318514262,340.0941046239996,179.10804806057527,-1.289650321006775,-0.4919998049736023,-0.48286765813827515
7.551811454659696,0.514578150330373,340.1190967881692,179.10804806057527,-1.2185701131820679,-0.4484337270259857,-0.46196669340133667
7.876078281946166,0.5149727784121563,340.1190967881692,179.10113831551843,-1.266925573348999,-0.4629482626914978,-0.48931461572647095
7.876078281946166,0.5149727784121563,340.1190967881692,179.10113831551843,-1.3132946491241455,-0.49808773398399353,-0.48883968591690063
7.551811454659696,0.514578150330373,340.1190967881692,179.10113831551843,-1.2272956371307373,-0.4409876763820648,-0.47164469957351685
7.227058928346976,0.5142000311290047,340.1190967881692,179.10113831551843,-1.3324836492538452,-0.4716807007789612,-0.487601101398468
7.2477220156674225,0.5126995664837045,340.14702703389895,179.10113831551843,-1.323364019393921,-0.4797993302345276,-0.48049789667129517
7.2477220156674225,0.5126995664837045,340.14702703389895,178.65491451854984,-1.310425877571106,-0.4743656516075134,-0.4885808527469635
7.186082430633093,0.517116954610311,340.1190967881692,178.65491451854984,-1.3592503070831299,-0.498054176568985,-0.49160251021385193
7.445765741112582,0.521904013927692,340.0941046239996,178.65491451854984,-1.2235015630722046,-0.45840176939964294,-0.46154308319091797
6.926201804386433,0.5227330253115477,341.09382873338535,178.65491451854984,-1.3109452724456787,-0.47043412923812866,-0.508916974067688
7.244960090835041,0.5230946389688277,341.09382873338535,178.65491451854984,-1.1212832927703857,-0.427722692489624,-0.4572080075740814
6.906882734165208,0.5242220256371959,341.07183993991646,178.65491451854984,-1.2180302143096924,-0.4285130500793457,-0.48512426018714905
7.026698066017134,0.5257689215083604,342.0716299256634,178.65491451854984,-1.2209289073944092,-0.4352627694606781,-0.4882112443447113
6.887670640405147,0.5257067597706624,341.0527818388233,178.65491451854984,-1.3297260999679565,-0.4905032515525818,-0.48869746923446655
7.065880886634278,0.5259420257971216,340.07205118915607,178.65491451854984,-1.2610187530517578,-0.4547792375087738,-0.4748844504356384
7.046235268689351,0.5273669693348142,340.0941046239996,178.65491451854984,-1.4217240810394287,-0.546816885471344,-0.5255078077316284
7.026698066017134,0.5257689215083604,342.0716299256634,178.65491451854984,-1.4230982065200806,-0.5400603413581848,-0.5569256544113159
7.007268388210968,0.5272489462919979,342.0526275297414,178.65491451854984,-1.4329111576080322,-0.5505725741386414,-0.549167811870575
7.224770205671061,0.5214542632457014,343.1180554852805,178.65491451854984,-1.0128138065338135,-0.43158164620399475,-0.367880642414093
7.36303838743259,0.5216025835589643,344.0930106817051,178.64436563783556,-1.1436316967010498,-0.41506028175354004,-0.40068426728248596
7.404172237884105,0.5187204877214731,344.0930106817051,178.64436563783556,-1.0491867065429688,-0.39395207166671753,-0.3826444745063782
7.563269895330931,0.5204217695895063,343.09328177625395,178.19417235823389,-1.111743450164795,-0.4095127582550049,-0.41541996598243713
7.224770205671061,0.5215251455136075,343.0714211355997,178.19417235823389,-1.1521263122558594,-0.40940842032432556,-0.44439172744750977
7.026698066017134,0.5227133943793596,344.0712135590538,178.19417235823389,-1.160630702972412,-0.41148868203163147,-0.44281917810440063
7.184724450511542,0.5244169788388364,343.0714211355997,178.19417235823389,-1.329439401626587,-0.4856782555580139,-0.4925558567047119
7.184724450511542,0.5244169788388364,343.0714211355997,178.19417235823389,-1.3768082857131958,-0.5122352838516235,-0.5357965230941772
7.184724450511542,0.5244169788388364,343.0714211355997,178.19417235823389,-1.320987343788147,-0.48316556215286255,-0.4893133044242859
7.36303838743259,0.5246512277578049,342.0935544555027,178.19417235823389,-1.2826058864593506,-0.4693993926048279,-0.4555374085903168
7.36303838743259,0.5246512277578049,342.0935544555027,178.19417235823389,-1.3503339290618896,-0.4983369708061218,-0.49361222982406616
7.322356654311434,0.5275504362376985,342.0935544555027,178.19417235823389,-1.3759442567825317,-0.5078948736190796,-0.4865049719810486
7.36303838743259,0.5246512277578049,342.0935544555027,178.19417235823389,-1.3877114057540894,-0.5199171304702759,-0.49471384286880493
7.145117975128562,0.5273628360348583,343.0364412128834,178.19417235823389,-1.3977090120315552,-0.5185598731040955,-0.5438361763954163
7.2046919650776,0.5229377084498695,343.09328177625395,178.20824256416864,-1.2719943523406982,-0.4791463315486908,-0.4501838684082031
7.2046919650776,0.5229377084498695,343.09328177625395,178.19417235823389,-1.3022522926330566,-0.4815952181816101,-0.5081533193588257
7.36303838743259,0.5246512277578049,342.0935544555027,178.19417235823389,-1.0959219932556152,-0.40709465742111206,-0.42885369062423706
7.322356654311434,0.5275504362376985,342.0935544555027,178.64436563783556,-1.2360726594924927,-0.45291048288345337,-0.47247838973999023
7.1648667534245325,0.525829484734982,343.09328177625395,178.64436563783556,-1.2432737350463867,-0.4517698287963867,-0.47257477045059204
7.36303838743259,0.5246512277578049,342.0935544555027,178.64436563783556,-1.3387112617492676,-0.4838506579399109,-0.5043990015983582
7.145117975128562,0.5273090655659189,343.0714211355997,178.64436563783556,-1.2311924695968628,-0.44012874364852905,-0.49534422159194946
7.184724450511542,0.5244169788388364,343.0714211355997,178.64436563783556,-1.3749034404754639,-0.5232409238815308,-0.4895033836364746
7.184724450511542,0.5244169788388364,343.0714211355997,178.19417235823389,-1.2709741592407227,-0.465980589389801,-0.48187726736068726
7.026698066017134,0.5257689215083604,342.0716299256634,178.64436563783556,-1.3112479448318481,-0.4719610810279846,-0.5077158212661743
7.026698066017134,0.5257689215083604,342.0716299256634,178.19417235823389,-1.3095306158065796,-0.46811380982398987,-0.49438247084617615
7.065880886634278,0.5228676331952749,342.0716299256634,178.19417235823389,-1.473089575767517,-0.5608035326004028,-0.5624080896377563
7.085635820065658,0.5213836642707297,342.0935544555027,178.64436563783556,-1.290203332901001,-0.4906776547431946,-0.46824851632118225
7.244960090835041,0.5230946389688277,341.09382873338535,178.64436563783556,-1.3251346349716187,-0.49554306268692017,-0.4894843101501465
7.285678519846367,0.5201864297142854,341.09382873338535,178.64436563783556,-1.314727544784546,-0.4834224283695221,-0.48638802766799927
7.244960090835041,0.5230946389688277,341.09382873338535,178.65491451854984,-1.1493345499038696,-0.4327377378940582,-0.45148491859436035
7.244960090835041,0.5230946389688277,341.09382873338535,178.65491451854984,-1.2816702127456665,-0.45623913407325745,-0.48121803998947144
7.046235268689351,0.5243473746788297,342.0526275297414,178.65491451854984,-1.3143513202667236,-0.4711326062679291,-0.49887484312057495
7.085635820065658,0.5213836642707297,342.0935544555027,178.65491451854984,-1.111226201057434,-0.44601374864578247,-0.3986291289329529
7.125477284086772,0.5184829343727264,342.0935544555027,178.65491451854984,-1.1400697231292725,-0.4076007306575775,-0.41713064908981323
7.125477284086772,0.5184829343727264,342.0935544555027,178.65491451854984,-1.1760560274124146,-0.4184842109680176,-0.4421924650669098
7.125477284086772,0.5184829343727264,342.0935544555027,178.65491451854984,-1.2707359790802002,-0.4422823488712311,-0.46325939893722534
6.965164450089099,0.519822792971153,341.09382873338535,178.65491451854984,-1.4188331365585327,-0.5257153511047363,-0.519637405872345
6.644213719141899,0.5194754477150878,341.09382873338535,178.65491451854984,-1.3005539178848267,-0.46110326051712036,-0.5123422741889954
6.644213719141899,0.5194754477150878,341.09382873338535,178.20824256416864,-1.2256501913070679,-0.44502049684524536,-0.4824281632900238
6.607014118969948,0.5223876151267599,341.09382873338535,178.65491451854984,-1.3652886152267456,-0.5035232305526733,-0.5074087977409363
6.887670640405147,0.525643496738447,341.09382873338535,178.65491451854984,-1.3014845848083496,-0.466069757938385,-0.5057896375656128
6.926201804386433,0.5227330253115477,341.09382873338535,178.65491451854984,-1.3347742557525635,-0.496337890625,-0.5035838484764099
6.887670640405147,0.525643496738447,341.09382873338535,178.20824256416864,-1.2854434251785278,-0.4782913327217102,-0.4772980809211731
6.71032651328741,0.5253475061625943,342.11840055746785,178.20824256416864,-1.2504125833511353,-0.445065975189209,-0.46183425188064575
6.785648250148726,0.5195420669125789,342.11840055746785,178.20824256416864,-1.431037187576294,-0.5408917665481567,-0.53065425157547
6.766660435660185,0.5210311813469396,342.0935544555027,178.20824256416864,-1.210888147354126,-0.4401346743106842,-0.4845883250236511
6.729000435159828,0.5239341122655637,342.0935544555027,178.20824256416864,-1.3630374670028687,-0.48978447914123535,-0.5049401521682739
6.887670640405147,0.5225801913874555,343.09328177625395,178.20824256416864,-1.1485670804977417,-0.44131559133529663,-0.45157456398010254
7.046235268689351,0.5242846435173261,342.0935544555027,178.20824256416864,-1.2230703830718994,-0.4430413842201233,-0.45413738489151
6.887670640405147,0.5225801913874555,343.09328177625395,178.20824256416864,-1.2341842651367188,-0.4454604685306549,-0.4574214518070221
6.868564641356765,0.524060425493608,343.0714211355997,178.20824256416864,-1.2427947521209717,-0.4371907711029053,-0.46410244703292847
7.065880886634278,0.5227961525340671,342.11840055746785,178.20824256416864,-1.112870216369629,-0.41602277755737305,-0.42143040895462036
7.065880886634278,0.5227961525340671,342.11840055746785,178.20824256416864,-1.2372140884399414,-0.46049267053604126,-0.48283281922340393
6.887670640405147,0.5225801913874555,343.09328177625395,178.20824256416864,-1.185005784034729,-0.44405680894851685,-0.456707239151001
7.404172237884105,0.5217522867492344,342.0935544555027,178.65491451854984,-1.2901177406311035,-0.4962770342826843,-0.4864734709262848
7.445765741112582,0.5187738315678063,342.1461675950792,178.65491451854984,-1.24127197265625,-0.4710308611392975,-0.43598833680152893
7.466737262994848,0.5173668104594732,342.11840055746785,178.65491451854984,-1.218064308166504,-0.4462697505950928,-0.44906359910964966
7.145565665361454,0.5169951151169234,342.11840055746785,178.65491451854984,-1.134214162826538,-0.4215720295906067,-0.43161335587501526
7.947608189039333,0.5224443884946893,339.17841912480225,178.65491451854984,-1.1593104600906372,-0.4307762682437897,-0.4209393560886383
8.267569878990809,0.5228601753275195,339.17841912480225,178.65491451854984,-1.0790728330612183,-0.42872852087020874,-0.40480345487594604
8.539086153420703,0.5262076812865002,339.17841912480225,178.65491451854984,-1.1945449113845825,-0.4328727126121521,-0.4368128180503845
8.587014346736671,0.5232922431800573,339.17841912480225,178.65491451854984,-1.3763352632522583,-0.5304743051528931,-0.4728967249393463
7.947608189039333,0.5224443884946893,339.17841912480225,178.65491451854984,-1.3466991186141968,-0.5008319616317749,-0.4696747362613678
7.947608189039333,0.5224443884946893,339.17841912480225,178.65491451854984,-1.3426814079284668,-0.47950100898742676,-0.4678291380405426
7.947608189039333,0.5224443884946893,339.17841912480225,178.65491451854984,-1.3351922035217285,-0.4604420065879822,-0.4596756398677826
7.809412595554702,0.5192991072638657,340.14702703389895,178.65491451854984,-1.3597379922866821,-0.5065363049507141,-0.5195745229721069
7.787439283580307,0.5207982305020165,340.1190967881692,178.65491451854984,-1.2883135080337524,-0.46555033326148987,-0.5063692927360535
7.487826599972537,0.5189078336438406,340.14702703389895,178.65491451854984,-1.1036121845245361,-0.43071073293685913,-0.43090733885765076
8.244407981424569,0.5243669113668166,339.1474605536654,178.64436563783556,-1.1326735019683838,-0.43488430976867676,-0.44116687774658203
8.221374628320751,0.5258694393685499,339.1194479825656,178.64436563783556,-1.1671288013458252,-0.4366486966609955,-0.4500163197517395
7.903154411785469,0.5254558898870262,339.1194479825656,178.65491451854984,-1.2746829986572266,-0.4767374098300934,-0.45202988386154175
7.787439283580307,0.5207982305020165,340.1190967881692,178.65491451854984,-1.296390175819397,-0.4750007092952728,-0.45639556646347046
7.466737262994848,0.520408019909305,340.1190967881692,178.65491451854984,-1.2880891561508179,-0.4644879698753357,-0.457996666431427
7.605736544829463,0.5236358071501218,339.09438214160963,178.65491451854984,-1.2848855257034302,-0.4619944989681244,-0.4629247188568115
7.244960090835041,0.5230946389688277,341.09382873338535,178.65491451854984,-1.2949880361557007,-0.4624953269958496,-0.47727903723716736
7.244960090835041,0.5230946389688277,341.09382873338535,178.20824256416864,-1.2992470264434814,-0.46483421325683594,-0.493452250957489
7.244960090835041,0.5230946389688277,341.09382873338535,178.20824256416864,-1.2969163656234741,-0.4675872325897217,-0.48633575439453125
7.445765741112582,0.521904013927692,340.0941046239996,178.20824256416864,-1.3002561330795288,-0.4740976393222809,-0.481865257024765
7.466737262994848,0.520408019909305,340.1190967881692,178.20824256416864,-1.3474371433258057,-0.5006069540977478,-0.4868742525577545
7.67033304183194,0.519213122469542,339.1194479825656,178.20824256416864,-1.3427011966705322,-0.4973248839378357,-0.48624491691589355
7.692108304483339,0.5177091792277919,339.1474605536654,178.20824256416864,-1.294903039932251,-0.4831450581550598,-0.4483823776245117
7.692108304483339,0.5177091792277919,339.1474605536654,178.20824256416864,-1.202593445777893,-0.45375877618789673,-0.4454415738582611
7.692108304483339,0.5177091792277919,339.1474605536654,178.20824256416864,-1.2483701705932617,-0.46684202551841736,-0.4461030960083008
7.692108304483339,0.5177091792277919,339.1474605536654,178.20824256416864,-1.311177372932434,-0.4996170103549957,-0.4466487765312195
7.67033304183194,0.5191228496541753,339.17841912480225,178.20824256416864,-1.33298659324646,-0.4977807402610779,-0.4539651870727539
7.67033304183194,0.5191228496541753,339.17841912480225,178.20824256416864,-1.3682081699371338,-0.523165225982666,-0.5045254230499268
7.64868000581949,0.5206313693689631,339.1474605536654,178.22209461738314,-1.3037775754928589,-0.4773547053337097,-0.4936767518520355
7.627148176412968,0.5220449215830116,339.17841912480225,178.6652996455069,-1.3020801544189453,-0.4695742726325989,-0.4577537477016449
7.627148176412968,0.5220449215830116,339.17841912480225,178.22209461738314,-1.2566250562667847,-0.4518417716026306,-0.46717897057533264
7.466737262994848,0.5203180702896031,340.177894637497,178.22209461738314,-1.2619396448135376,-0.45170941948890686,-0.46629589796066284
7.627148176412968,0.5221357025317804,339.1194479825656,178.22209461738314,-1.326570749282837,-0.49205130338668823,-0.4753502905368805
8.0152284730867,0.5181120625436498,339.1474605536654,178.22209461738314,-1.1670773029327393,-0.45041602849960327,-0.42364391684532166
7.992561696961738,0.5196149060483205,339.1194479825656,178.22209461738314,-1.2014014720916748,-0.44203171133995056,-0.44304585456848145
8.0152284730867,0.5181120625436498,339.1474605536654,178.22209461738314,-1.1727372407913208,-0.43442782759666443,-0.4276711046695709
8.337837611831626,0.5185313998002219,339.1474605536654,178.22209461738314,-1.1867282390594482,-0.4328534007072449,-0.43140047788619995
8.337837611831626,0.5185313998002219,339.1474605536654,178.22209461738314,-1.2678110599517822,-0.49035996198654175,-0.4550986886024475
8.659916375003938,0.5189671511120352,339.1474605536654,178.65491451854984,-1.2524588108062744,-0.48575782775878906,-0.44574904441833496
8.659916375003938,0.5189671511120352,339.1474605536654,178.65491451854984,-1.2691123485565186,-0.48366475105285645,-0.45575013756752014
8.63547957030194,0.52037717537847,339.17841912480225,178.20824256416864,-1.3149487972259521,-0.49705663323402405,-0.48227348923683167
8.611179271510354,0.5218822975035939,339.1474605536654,178.20824256416864,-1.306175947189331,-0.4946822226047516,-0.48048049211502075
8.290861392413465,0.5214489822533604,339.1474605536654,178.20824256416864,-1.2441788911819458,-0.45585179328918457,-0.4656814932823181
7.903154411785469,0.5255290107819287,339.0722636843067,178.20824256416864,-1.3971669673919678,-0.5124266147613525,-0.517726480960846
7.8315095046190955,0.5177958359205731,340.177894637497,178.20824256416864,-0.9487098455429077,-0.4290645718574524,-0.3541073799133301
7.966745507839788,0.5090605836752858,340.177894637497,177.74395874900705,-1.0413421392440796,-0.39321333169937134,-0.3791026473045349
7.966745507839788,0.5090605836752858,340.177894637497,177.74395874900705,-1.2057511806488037,-0.43260136246681213,-0.4248616695404053
7.9211540684312185,0.5119720156926862,340.177894637497,178.19417235823389,-1.248095154762268,-0.45318371057510376,-0.46587568521499634
7.7360296470261165,0.5117706115971324,341.146596055127,178.20824256416864,-1.2755863666534424,-0.45480436086654663,-0.4789150655269623
7.530362689373188,0.515993137603799,340.14702703389895,178.20824256416864,-1.3373416662216187,-0.5016456842422485,-0.4781288206577301
8.498944490896383,0.5172228197521123,340.14702703389895,178.20824256416864,-1.211139440536499,-0.4732781946659088,-0.4342730641365051
8.498944490896383,0.5172228197521123,340.14702703389895,178.20824256416864,-1.3136694431304932,-0.5153088569641113,-0.49476614594459534
8.659916375003938,0.5189671511120352,339.1474605536654,178.20824256416864,-1.2454553842544556,-0.46761026978492737,-0.46154433488845825
8.981445636941855,0.5194192751688447,339.1474605536654,178.64436563783556,-1.2463871240615845,-0.4697628915309906,-0.4694121778011322
8.930956760317509,0.5223318982516919,339.1474605536654,178.64436563783556,-1.24033522605896,-0.4573797285556793,-0.46282562613487244
8.611179271510354,0.5218822975035939,339.1474605536654,178.19417235823389,-1.4018476009368896,-0.5575299263000488,-0.4757933020591736
8.290861392413465,0.5214489822533604,339.1474605536654,178.19417235823389,-1.2601773738861084,-0.47077393531799316,-0.45566827058792114
8.107652510529633,0.5241949132105422,338.178946713127,178.19417235823389,-1.3099315166473389,-0.4871808886528015,-0.47861766815185547
8.107652510529633,0.5241949132105422,338.178946713127,178.64436563783556,-1.348839282989502,-0.5149702429771423,-0.485238254070282
8.153487199138807,0.5212676185898719,338.178946713127,178.64436563783556,-1.404137372970581,-0.5331586599349976,-0.5124949812889099
7.947608189039333,0.5225352389087163,339.1194479825656,178.64436563783556,-1.4660398960113525,-0.5748006701469421,-0.5433078408241272
7.72225071013611,0.5252067142755138,340.0941046239996,178.64436563783556,-1.0864074230194092,-0.4307876229286194,-0.4456050395965576
7.67939110473757,0.5281205617353136,340.0941046239996,178.64436563783556,-1.3425593376159668,-0.4794324040412903,-0.4946402609348297
7.398016920475701,0.5350996153090632,341.09382873338535,178.19417235823389,-1.15030837059021,-0.4196174144744873,-0.4496331810951233
7.337883893997681,0.5394957052032596,341.07183993991646,177.74395874900705,-1.3400371074676514,-0.48177260160446167,-0.5278974771499634
7.028863482806974,0.5391291024717743,341.07183993991646,177.74395874900705,-1.0664217472076416,-0.40491047501564026,-0.4462559223175049
7.01232657053515,0.5508191242392582,342.0526275297414,177.2939019920036,-1.2311134338378906,-0.40680378675460815,-0.5172601342201233
7.030935994301045,0.5493378046030872,342.0716299256634,177.2939019920036,-0.9917901754379272,-0.3984255790710449,-0.3926568627357483
6.843253388566819,0.5536815181218074,341.07183993991646,177.74395874900705,-1.0315501689910889,-0.41446956992149353,-0.42333975434303284
7.01232657053515,0.5508191242392582,342.0526275297414,177.74395874900705,-1.079713225364685,-0.40524783730506897,-0.4200153350830078
7.405860731122623,0.560604705466207,339.0722636843067,177.7260954303383,-1.2606148719787598,-0.4616076350212097,-0.46744459867477417
7.425335348578314,0.5591740402561659,339.05309318748294,178.1798788123467,-1.3652899265289307,-0.5206299424171448,-0.4710434079170227
7.405860731122623,0.560604705466207,339.0722636843067,178.1798788123467,-1.342902660369873,-0.5072457790374756,-0.4752907156944275
7.812803867439658,0.5624552911341009,340.07205118915607,177.7260954303383,-1.089583158493042,-0.443544864654541,-0.42625102400779724
7.772298671057082,0.5653686929477695,340.07205118915607,177.70794656883893,-1.3235200643539429,-0.5129870772361755,-0.5112539529800415
7.752202229555855,0.5635434275406664,342.0526275297414,177.7260954303383,-1.312447190284729,-0.5079381465911865,-0.5244656205177307
7.438244447928625,0.5646325231909267,342.03654775476843,177.7260954303383,-1.4308369159698486,-0.5567802786827087,-0.5191982984542847
7.515846404390909,0.5587775941307035,342.0716299256634,177.7260954303383,-1.0208311080932617,-0.42022043466567993,-0.4051726460456848
7.4574951390910265,0.5631565477653027,342.0526275297414,177.7260954303383,-1.0976542234420776,-0.4227868914604187,-0.4782690107822418
7.381080941340687,0.5689546553255853,342.0526275297414,177.2724765268596,-1.0005533695220947,-0.3978906273841858,-0.40553826093673706
7.527008923318989,0.5708128092776078,341.0527818388233,177.2724765268596,-1.2137207984924316,-0.4415469169616699,-0.4626196324825287
7.507783655356854,0.5689570441054435,343.0364412128834,177.2724765268596,-1.2572987079620361,-0.4528787136077881,-0.4961937963962555
7.507783655356854,0.5689570441054435,343.0364412128834,176.81913055431212,-1.2774426937103271,-0.4656146168708801,-0.49170151352882385
7.507783655356854,0.5689570441054435,343.0364412128834,176.81913055431212,-1.257094383239746,-0.449474960565567,-0.49002599716186523
8.089048971714313,0.5730890275045695,341.03665492143216,176.79375292448162,-1.324742317199707,-0.49121221899986267,-0.49608564376831055
7.614368912604483,0.5737108950675213,342.03654775476843,176.79375292448162,-1.29862642288208,-0.4873970150947571,-0.4986504912376404
7.759015800074297,0.5755890620360047,341.03665492143216,176.79375292448162,-1.4598544836044312,-0.5730146169662476,-0.5073004364967346
8.151392432492957,0.571992379147625,339.09438214160963,176.79375292448162,-0.8777164220809937,-0.372930109500885,-0.347963809967041
8.089048971714313,0.5764091783425358,339.0722636843067,176.79375292448162,-1.308354139328003,-0.4815450608730316,-0.5194355845451355
7.798617631769818,0.5726247272691902,341.07183993991646,176.79375292448162,-1.2378003597259521,-0.4541659355163574,-0.49830037355422974
8.048010378358693,0.5759328207882867,341.07183993991646,176.79375292448162,-1.2546794414520264,-0.4593283236026764,-0.48988160490989685
8.213179182454299,0.5797494775049872,338.09466130064817,176.79375292448162,-1.210552453994751,-0.4527164399623871,-0.48610788583755493
8.192354573361351,0.581251363321434,338.07247743642193,177.25070888384357,-1.2854212522506714,-0.48378151655197144,-0.5179458856582642
8.192354573361351,0.581251363321434,338.07247743642193,177.25070888384357,-1.2640266418457031,-0.46738213300704956,-0.49948248267173767
8.768670350310634,0.5821237691890756,338.07247743642193,177.25070888384357,-1.2634631395339966,-0.49145063757896423,-0.5017824769020081
9.34320662983432,0.5830548974874811,338.07247743642193,176.79375292448162,-1.2421778440475464,-0.485626220703125,-0.4977007508277893
9.223047231750655,0.5830425886395681,337.0949421157191,176.79375292448162,-1.4034783840179443,-0.5675211548805237,-0.5163365602493286
9.366859072499349,0.5815574324473228,338.09466130064817,176.79375292448162,-1.2545429468154907,-0.5058414936065674,-0.48231449723243713
8.957786076309022,0.5811476366471968,337.0726924566866,176.7417632776689,-1.2541612386703491,-0.49596887826919556,-0.47619324922561646
9.246466493570697,0.5816169390248146,337.0726924566866,176.76796713651348,-1.1438014507293701,-0.47104865312576294,-0.45264267921447754
9.438533938263735,0.5806526190562059,336.0729087564185,177.22859080993277,-1.2939941883087158,-0.514866054058075,-0.4830031394958496
8.54566515346157,0.5807603727341322,336.05356715857073,176.79375292448162,-1.2770251035690308,-0.48324909806251526,-0.4883648455142975
9.148667302761885,0.5801721041241029,336.0729087564185,176.76796713651348,-1.1452165842056274,-0.4503110349178314,-0.45489701628685
9.462667742237182,0.5826125425891676,334.0957946457872,177.22859080993277,-1.1287144422531128,-0.43874770402908325,-0.43973249197006226
9.003555980646404,0.5816678245551047,335.0731263470707,177.22859080993277,-1.28262197971344,-0.4925766587257385,-0.5265611410140991
9.026615342849318,0.580155291000536,335.0955087732451,177.22859080993277,-0.9572092294692993,-0.4215428829193115,-0.4099239706993103
8.957786076309022,0.5846156650388602,335.0731263470707,177.22859080993277,-0.9714065790176392,-0.4277418255805969,-0.4391845762729645
8.935073794255644,0.5861236582087346,335.0537270349339,177.22859080993277,-1.037729024887085,-0.43001827597618103,-0.4428931176662445
8.935073794255644,0.5861236582087346,335.0537270349339,177.22859080993277,-1.3585633039474487,-0.5236450433731079,-0.5408805012702942
8.813273074696475,0.5826467001002736,336.0729087564185,176.76796713651348,-0.9195271730422974,-0.4475492537021637,-0.3617328107357025
8.813273074696475,0.5826467001002736,336.0729087564185,177.67076441967518,-0.9952744245529175,-0.42122238874435425,-0.3953326642513275
9.073087302624621,0.5772082120247347,335.0955087732451,177.67076441967518,-1.2177168130874634,-0.4672984182834625,-0.448137104511261
9.219280971292601,0.5757277678007231,336.0952246016001,177.67076441967518,-1.2456525564193726,-0.4829132556915283,-0.4472804665565491
9.073087302624621,0.5772082120247347,335.0955087732451,177.67076441967518,-1.1969735622406006,-0.44086772203445435,-0.4392279088497162
9.073087302624621,0.5772082120247347,335.0955087732451,177.67076441967518,-1.2382075786590576,-0.44349104166030884,-0.4833579957485199
9.026615342849318,0.576714177876982,337.0949421157191,177.67076441967518,-0.9745208621025085,-0.4263695776462555,-0.40597081184387207
9.148667302761885,0.5801721041241029,336.0729087564185,177.67076441967518,-1.1304816007614136,-0.43221575021743774,-0.47586148977279663
9.003555980646404,0.5782172831982627,337.0726924566866,177.67076441967518,-0.9628211855888367,-0.4007016122341156,-0.38581687211990356
8.712985970646875,0.5777604531756414,337.0726924566866,177.67076441967518,-1.3445565700531006,-0.5389614105224609,-0.5343983769416809
8.712985970646875,0.5777604531756414,337.0726924566866,177.67076441967518,-1.1991297006607056,-0.4712347984313965,-0.44356411695480347
9.148667302761885,0.5801721041241029,336.0729087564185,177.67076441967518,-1.2544634342193604,-0.4816555976867676,-0.49351873993873596
9.049792152874621,0.5752873025213167,337.0726924566866,177.67076441967518,-1.1621588468551636,-0.45250099897384644,-0.44982200860977173
8.881027722517485,0.5782697620300913,336.05356715857073,177.67076441967518,-1.3519258499145508,-0.5270553827285767,-0.5408567190170288
8.589507737421904,0.5743998997304632,338.0532502432124,177.20611378475851,-0.9930717349052429,-0.44974762201309204,-0.4172084927558899
8.735324600857325,0.5763272267363134,337.0534082308025,177.20611378475851,-1.2826135158538818,-0.4952591061592102,-0.48217612504959106
8.735324600857325,0.5763272267363134,337.0534082308025,177.20611378475851,-1.219460129737854,-0.4665483832359314,-0.47852736711502075
9.073087302624621,0.5738552845234227,337.0534082308025,177.20611378475851,-1.2841579914093018,-0.48711448907852173,-0.46228060126304626
9.365353829775273,0.5743306000896985,337.0534082308025,177.67076441967518,-1.2849270105361938,-0.5030149221420288,-0.45329442620277405
9.341334550331945,0.5757613816697205,337.0726924566866,177.67076441967518,-1.304141640663147,-0.5018617510795593,-0.45688003301620483
9.48692416109393,0.574300582839487,338.07247743642193,177.68950527098397,-1.301635503768921,-0.500869870185852,-0.45748573541641235
9.26696022555363,0.5694036574165185,338.09466130064817,178.15060011655484,-1.290132761001587,-0.48223409056663513,-0.45905977487564087
9.243059639066614,0.5709007424093501,338.07247743642193,177.70794656883893,-1.4639973640441895,-0.5749169588088989,-0.5295079946517944
8.996278222414023,0.5674319389246107,338.11980125393427,177.70794656883893,-1.0075305700302124,-0.4273693561553955,-0.3821669816970825
8.881027722517485,0.5748491285729694,338.0532502432124,177.70794656883893,-1.1173336505889893,-0.43707138299942017,-0.45299115777015686
8.735324600857325,0.5729281340715148,339.05309318748294,177.70794656883893,-1.1581593751907349,-0.4337792992591858,-0.45379638671875
8.980613183227344,0.5762965030497254,339.05309318748294,177.25070888384357,-1.1747074127197266,-0.43355217576026917,-0.4772028923034668
9.026615342849318,0.5733834503158091,339.05309318748294,177.70794656883893,-1.1866867542266846,-0.4378543794155121,-0.4762391448020935
9.026615342849318,0.5733834503158091,339.05309318748294,177.70794656883893,-1.2902215719223022,-0.48155340552330017,-0.5121428370475769
8.881027722517485,0.5714687189579983,340.05293705539435,177.70794656883893,-1.0500737428665161,-0.43246689438819885,-0.4116084575653076
8.980613183227344,0.5762965030497254,339.05309318748294,177.70794656883893,-1.1109488010406494,-0.41449397802352905,-0.42727595567703247
9.026615342849318,0.5733834503158091,339.05309318748294,177.70794656883893,-1.1962954998016357,-0.43602219223976135,-0.4307181239128113
9.026615342849318,0.5733834503158091,339.05309318748294,177.70794656883893,-1.3964977264404297,-0.5252094864845276,-0.535190761089325
8.903842862020616,0.5699839930761593,340.07205118915607,177.70794656883893,-0.9831134676933289,-0.4281843602657318,-0.40554279088974
9.003555980646404,0.5748074300099686,339.0722636843067,178.16535657356243,-1.0746039152145386,-0.4090092182159424,-0.41240328550338745
9.049792152874621,0.5718947279655422,339.0722636843067,177.70794656883893,-1.244813084602356,-0.43562325835227966,-0.4271526336669922
8.858328290611755,0.5729487484404495,340.03676271838606,177.70794656883893,-1.3701366186141968,-0.530735194683075,-0.5361313223838806
8.881027722517485,0.5714687189579983,340.05293705539435,177.70794656883893,-1.3597289323806763,-0.5036938190460205,-0.49498051404953003
8.881027722517485,0.5714687189579983,340.05293705539435,177.70794656883893,-1.2608143091201782,-0.4676520824432373,-0.4951431155204773
8.881027722517485,0.5714687189579983,340.05293705539435,177.70794656883893,-1.1528328657150269,-0.44723090529441833,-0.44255176186561584
8.735324600857325,0.5729281340715148,339.05309318748294,177.70794656883893,-1.1804043054580688,-0.43960675597190857,-0.4840114116668701
8.803027721021268,0.5684445101022468,339.1194479825656,177.70794656883893,-0.8972064852714539,-0.3938911259174347,-0.35494714975357056
8.75777718968659,0.571438277162153,339.0722636843067,178.16535657356243,-0.9072808027267456,-0.40107765793800354,-0.41619783639907837
8.633799133903047,0.5714051363274343,338.09466130064817,177.70794656883893,-1.0222903490066528,-0.4025636315345764,-0.4012607932090759
9.195623299895603,0.5772346018078716,336.0729087564185,177.68950527098397,-1.235603928565979,-0.48054972290992737,-0.463600218296051
9.195623299895603,0.5772346018078716,336.0729087564185,177.70794656883893,-1.227171778678894,-0.4762575626373291,-0.4636026918888092
9.462667742237182,0.5791465815116189,336.0952246016001,177.68950527098397,-1.2621934413909912,-0.4850767254829407,-0.48141607642173767
9.607775951320177,0.5776747145056602,337.0949421157191,177.70794656883893,-1.2561609745025635,-0.481057733297348,-0.47537508606910706
8.97299136693696,0.5689348637088634,338.09466130064817,177.22859080993277,-1.2882719039916992,-0.49127426743507385,-0.4772995412349701
9.26696022555363,0.5694036574165185,338.09466130064817,177.68950527098397,-1.2904937267303467,-0.4995461404323578,-0.476827472448349
9.438151873635453,0.5698271963581499,337.12015662075146,177.68950527098397,-1.2870467901229858,-0.5034425854682922,-0.4614388942718506
9.56043843380305,0.5698874166037139,338.09466130064817,177.68950527098397,-1.295847773551941,-0.5062425136566162,-0.46164456009864807
9.26696022555363,0.5694036574165185,338.09466130064817,178.15060011655484,-1.2898991107940674,-0.4960801601409912,-0.4616340100765228
9.535808564848596,0.5713033256240428,338.11980125393427,178.15060011655484,-1.3570451736450195,-0.5413424968719482,-0.49723243713378906
9.365353829775273,0.5709432832332844,339.05309318748294,178.16535657356243,-1.3485366106033325,-0.5358536243438721,-0.5313698053359985
9.167469453391119,0.5646465557845017,339.05309318748294,177.70794656883893,-1.0702099800109863,-0.4363422393798828,-0.3845329284667969
9.049792152874621,0.571954428855775,339.0368711512068,177.68950527098397,-1.1272313594818115,-0.4409005045890808,-0.4901220202445984
9.172085711736958,0.5719300780047534,340.05293705539435,177.68950527098397,-0.9989361763000488,-0.42639970779418945,-0.4277186989784241
9.026615342849318,0.5733834503158091,339.05309318748294,177.67076441967518,-1.1911263465881348,-0.45128923654556274,-0.4492167532444
9.219280971292601,0.5690271494509739,340.05293705539435,177.67076441967518,-1.2400977611541748,-0.45981788635253906,-0.45003899931907654
9.511304122857217,0.5695056714757983,340.05293705539435,177.67076441967518,-1.301221251487732,-0.5005614161491394,-0.46956413984298706
9.219280971292601,0.5690271494509739,340.05293705539435,178.15060011655484,-1.2976576089859009,-0.49905237555503845,-0.4773312211036682
9.049792152874621,0.5718947279655422,339.0722636843067,178.16535657356243,-1.4029567241668701,-0.5434024333953857,-0.5066317319869995
9.31743708855681,0.5738535642400153,339.05309318748294,178.16535657356243,-1.330200433731079,-0.5320308208465576,-0.5038802027702332
9.365353829775273,0.567595681743165,341.0527818388233,178.16535657356243,-1.3029429912567139,-0.5181677341461182,-0.49816617369651794
9.511304122857217,0.5695056714757983,340.05293705539435,178.15060011655484,-1.4159486293792725,-0.5590673685073853,-0.5187661051750183
9.511304122857217,0.5695056714757983,340.05293705539435,178.15060011655484,-1.37620210647583,-0.5402541756629944,-0.4865199625492096
9.511304122857217,0.5695056714757983,340.05293705539435,178.15060011655484,-1.293245553970337,-0.5137947797775269,-0.4779292941093445
9.511304122857217,0.5695056714757983,340.05293705539435,178.15060011655484,-1.295286774635315,-0.5141366720199585,-0.49560657143592834
9.365353829775273,0.567595681743165,341.0527818388233,178.15060011655484,-1.2922550439834595,-0.5111289620399475,-0.49514174461364746
9.802830041214458,0.5699989636180668,340.05293705539435,178.15060011655484,-1.3409903049468994,-0.5234936475753784,-0.48728013038635254
9.48692416109393,0.5676446628726552,342.03654775476843,178.15060011655484,-1.3440196514129639,-0.52202308177948,-0.5043494701385498
9.48692416109393,0.5676446628726552,342.03654775476843,178.15060011655484,-1.351628065109253,-0.5210685133934021,-0.5039137601852417
9.148667302761885,0.5700953962323856,342.01315764163223,177.68950527098397,-1.3116405010223389,-0.48328644037246704,-0.5059645175933838
8.881027722517485,0.5681763921020339,342.023391012954,177.22859080993277,-0.9407933354377747,-0.37869343161582947,-0.40868252515792847
8.881027722517485,0.5681763921020339,342.023391012954,177.68950527098397,-1.1614742279052734,-0.4225548207759857,-0.4806341528892517
7.85877953246714,0.5650348974283425,343.02332282222443,177.22859080993277,-0.9995337724685669,-0.4057619571685791,-0.41539865732192993
8.255145470215162,0.5701964143269115,342.023391012954,177.22859080993277,-1.3496428728103638,-0.5267856121063232,-0.5427731275558472
8.255145470215162,0.5668817683822253,344.02325502791234,177.22859080993277,-1.0311154127120972,-0.4506274163722992,-0.43832969665527344
8.69076044043014,0.5691785471778646,343.02332282222443,177.22859080993277,-1.372351884841919,-0.5503407716751099,-0.5472105741500854
8.712985970646875,0.5677159862910774,343.0364412128834,177.22859080993277,-1.3009380102157593,-0.5403372645378113,-0.5128745436668396
8.523910055757446,0.5720472262082181,342.03654775476843,177.68950527098397,-1.2993704080581665,-0.48998427391052246,-0.5082200765609741
8.523910055757446,0.5720472262082181,342.03654775476843,177.22859080993277,-1.428088665008545,-0.5638940930366516,-0.543566107749939
8.668647160117962,0.5705976602601396,343.0364412128834,177.22859080993277,-1.0477190017700195,-0.41209346055984497,-0.43213048577308655
8.790915574748649,0.5739054969606859,342.0526275297414,177.22859080993277,-1.080327033996582,-0.4129532277584076,-0.46022963523864746
8.835743695417793,0.5710164858857752,342.0526275297414,177.68950527098397,-1.43019700050354,-0.5740839242935181,-0.5216620564460754
8.790915574748649,0.5739545550020015,342.023391012954,177.68950527098397,-1.3558207750320435,-0.5583316087722778,-0.5129924416542053
8.813273074696475,0.572487860070961,342.03654775476843,177.68950527098397,-1.3177354335784912,-0.5365639925003052,-0.4831857681274414
8.813273074696475,0.572487860070961,342.03654775476843,177.68950527098397,-1.2812225818634033,-0.5034984350204468,-0.4996435046195984
8.790915574748649,0.5739545550020015,342.023391012954,177.68950527098397,-1.264402151107788,-0.5001903772354126,-0.4981234073638916
9.079118244317414,0.5744086418776744,342.023391012954,177.68950527098397,-1.2398066520690918,-0.48881107568740845,-0.48041605949401855
9.246466493570697,0.5748566460324809,341.03665492143216,177.68950527098397,-1.0522334575653076,-0.45003944635391235,-0.4316703677177429
9.246466493570697,0.5748566460324809,341.03665492143216,177.68950527098397,-1.316979169845581,-0.5281940698623657,-0.4840814471244812
9.246466493570697,0.5748566460324809,341.03665492143216,177.68950527098397,-1.229399561882019,-0.4685555100440979,-0.462468683719635
9.390630508681475,0.5767851238757334,340.03676271838606,177.68950527098397,-1.321951150894165,-0.5133349895477295,-0.4857223629951477
9.390630508681475,0.5767252722506044,340.07205118915607,177.68950527098397,-1.1035794019699097,-0.46291619539260864,-0.4127807021141052
9.12536717788806,0.5748333907251013,340.05293705539435,177.68950527098397,-1.2110015153884888,-0.4629949629306793,-0.48995670676231384
9.195623299895603,0.570446500948439,340.07205118915607,177.68950527098397,-1.2109706401824951,-0.46179109811782837,-0.4620925784111023
9.195623299895603,0.570446500948439,340.07205118915607,177.67076441967518,-1.305241584777832,-0.4900040626525879,-0.49274975061416626
9.172085711736958,0.5718608472526341,340.0941046239996,177.68950527098397,-1.2886507511138916,-0.4877268671989441,-0.4904305934906006
9.172085711736958,0.5718608472526341,340.0941046239996,177.68950527098397,-1.317134141921997,-0.513889729976654,-0.46836867928504944
9.195623299895603,0.570446500948439,340.07205118915607,177.68950527098397,-1.3051114082336426,-0.4968910217285156,-0.4680995047092438
9.219280971292601,0.5689582700913323,340.0941046239996,177.68950527098397,-1.4006859064102173,-0.541711688041687,-0.5028291344642639
9.341334550331945,0.569010444171919,341.07183993991646,177.68950527098397,-1.3905673027038574,-0.5338913202285767,-0.4847869277000427
9.365353829775273,0.5675273778394544,341.09382873338535,177.68950527098397,-1.3663793802261353,-0.5260341763496399,-0.4837842583656311
9.365353829775273,0.5675273778394544,341.09382873338535,177.68950527098397,-1.3489500284194946,-0.523116946220398,-0.4835841655731201
9.681996019592166,0.5666032852982136,341.07183993991646,178.15060011655484,-1.2624948024749756,-0.48762640357017517,-0.4562971591949463
9.681996019592166,0.5666032852982136,341.07183993991646,178.6116968852199,-1.3937556743621826,-0.5430739521980286,-0.537800669670105
9.681996019592166,0.5666032852982136,341.07183993991646,178.15060011655484,-1.4127838611602783,-0.5520786046981812,-0.5519503355026245
9.535808564848596,0.5680236474697758,340.07205118915607,178.15060011655484,-1.3915965557098389,-0.5358307361602783,-0.5421022772789001
9.681996019592166,0.569944657016386,339.0722636843067,178.15060011655484,-1.3385720252990723,-0.534264326095581,-0.5139816999435425
9.681996019592166,0.5666032852982136,341.07183993991646,177.68950527098397,-1.2417502403259277,-0.4833539128303528,-0.5106202363967896
9.681996019592166,0.5666032852982136,341.07183993991646,177.68950527098397,-1.2509183883666992,-0.4844837784767151,-0.4743349552154541
9.681996019592166,0.5666032852982136,341.07183993991646,178.15060011655484,-1.2131365537643433,-0.4642559587955475,-0.459857314825058
9.657130105160917,0.5680801690327948,341.0527818388233,178.15060011655484,-1.3471791744232178,-0.5198723077774048,-0.5031278729438782
9.681996019592166,0.5666032852982136,341.07183993991646,178.15060011655484,-1.2219736576080322,-0.4790657162666321,-0.4702454209327698
9.341334550331945,0.569010444171919,341.07183993991646,178.13560373662455,-1.212037444114685,-0.4552561342716217,-0.4763566851615906
9.341334550331945,0.569010444171919,341.07183993991646,177.67076441967518,-1.369187593460083,-0.5249243974685669,-0.47645196318626404
9.657130105160917,0.5680118068263623,341.09382873338535,177.67076441967518,-1.205865502357483,-0.47277623414993286,-0.4334639012813568
9.365353829775273,0.5675273778394544,341.09382873338535,178.13560373662455,-1.221320390701294,-0.45070281624794006,-0.4858710765838623
9.365353829775273,0.5675273778394544,341.09382873338535,178.13560373662455,-0.9112094640731812,-0.39779263734817505,-0.36411145329475403
9.657130105160917,0.5713610491839777,339.09438214160963,178.13560373662455,-1.0913324356079102,-0.42175689339637756,-0.4301145076751709
9.681996019592166,0.569865356230871,339.1194479825656,177.67076441967518,-1.106910228729248,-0.4310280382633209,-0.42799630761146545
9.413761552122242,0.5713330553526582,337.0949421157191,178.13560373662455,-0.966011643409729,-0.40232568979263306,-0.38836991786956787
9.438151873635453,0.5698271963581499,337.12015662075146,178.13560373662455,-1.198129415512085,-0.47108229994773865,-0.41365113854408264
9.413761552122242,0.5712425750163014,337.1483353065828,177.67076441967518,-1.4441606998443604,-0.5763511657714844,-0.5050526857376099
9.413761552122242,0.5712425750163014,337.1483353065828,177.67076441967518,-1.3727117776870728,-0.5352411866188049,-0.48585352301597595
9.681996019592166,0.5732449431774077,337.12015662075146,177.67076441967518,-1.3908765316009521,-0.5566437244415283,-0.5042879581451416
9.681996019592166,0.5732449431774077,337.12015662075146,177.67076441967518,-1.374380350112915,-0.5555025339126587,-0.5017796754837036
9.681996019592166,0.5732449431774077,337.12015662075146,177.67076441967518,-1.3263065814971924,-0.5341385006904602,-0.5030954480171204
9.681996019592166,0.5732449431774077,337.12015662075146,177.67076441967518,-1.227914571762085,-0.4902944564819336,-0.47454172372817993
9.681996019592166,0.5732449431774077,337.12015662075146,177.67076441967518,-1.3311160802841187,-0.5292587876319885,-0.5181206464767456
9.706989100869915,0.57182573989501,337.0949421157191,177.67076441967518,-1.0617930889129639,-0.4606233239173889,-0.40091022849082947
9.657130105160917,0.5747500117724229,337.0949421157191,178.13560373662455,-1.151648759841919,-0.4492950439453125,-0.4273030161857605
9.706989100869915,0.57182573989501,337.0949421157191,178.13560373662455,-1.1615312099456787,-0.43496689200401306,-0.4349142014980316
9.706989100869915,0.57182573989501,337.0949421157191,177.67076441967518,-1.3563258647918701,-0.528960108757019,-0.5225836038589478
9.706989100869915,0.57182573989501,337.0949421157191,177.67076441967518,-1.3275561332702637,-0.5204457640647888,-0.4958985447883606
9.56043843380305,0.5698874166037139,338.09466130064817,177.67076441967518,-1.342787504196167,-0.532875657081604,-0.5270622968673706
9.535808564848596,0.5713033256240428,338.11980125393427,177.68950527098397,-1.3276870250701904,-0.5269280672073364,-0.4742630124092102
9.511304122857217,0.5728043013360052,338.09466130064817,177.68950527098397,-1.326948881149292,-0.5220680832862854,-0.4751710295677185
9.632390398816954,0.5728520908045271,339.0722636843067,177.68950527098397,-0.9858417510986328,-0.4539909362792969,-0.41492828726768494
9.802830041214458,0.5767825151476822,336.05356715857073,177.68950527098397,-1.36356782913208,-0.554733395576477,-0.5091118812561035
9.973988175473638,0.5738320400720968,337.0726924566866,177.68950527098397,-1.2733529806137085,-0.497505247592926,-0.47196078300476074
9.802830041214458,0.5767825151476822,336.05356715857073,177.67076441967518,-1.287914514541626,-0.5000370144844055,-0.5104449391365051
9.511304122857217,0.5762833523409391,336.05356715857073,177.67076441967518,-0.9228438138961792,-0.40389442443847656,-0.39678311347961426
9.657130105160917,0.5748208361586804,337.0534082308025,177.68950527098397,-1.3668553829193115,-0.5423628687858582,-0.4885355532169342
9.706989100869915,0.5718962039337133,337.0534082308025,177.68950527098397,-1.2556270360946655,-0.4850246012210846,-0.4407045245170593
9.706989100869915,0.5718962039337133,337.0534082308025,177.67076441967518,-1.3582477569580078,-0.5306972861289978,-0.48511672019958496
9.706989100869915,0.5684540200169397,339.09438214160963,177.67076441967518,-1.0439226627349854,-0.4414098858833313,-0.4224540591239929
9.681996019592166,0.569944657016386,339.0722636843067,177.67076441967518,-1.2514753341674805,-0.4642912447452545,-0.47266095876693726
9.56043843380305,0.5665369980832292,340.0941046239996,177.67076441967518,-1.101986289024353,-0.4193912446498871,-0.42510825395584106
9.365353829775273,0.5708737637950325,339.09438214160963,177.67076441967518,-0.9588837623596191,-0.3932656943798065,-0.394025057554245
9.389495852174191,0.5694560958565743,339.0722636843067,177.67076441967518,-1.3023017644882202,-0.47289854288101196,-0.48077598214149475
8.903842862020616,0.5700431451021318,340.03676271838606,177.67076441967518,-1.2737659215927124,-0.45131316781044006,-0.48705142736434937
8.903842862020616,0.5700431451021318,340.03676271838606,177.67076441967518,-1.0352599620819092,-0.4272209703922272,-0.4024125933647156
8.903842862020616,0.5700431451021318,340.03676271838606,177.67076441967518,-1.1373755931854248,-0.4249502718448639,-0.46004676818847656
9.31743708855681,0.5705379513237091,341.023459603588,177.67076441967518,-1.2357794046401978,-0.44944342970848083,-0.4760194420814514
9.172085711736958,0.5685864898151387,342.0526275297414,177.67076441967518,-1.2235339879989624,-0.44335517287254333,-0.46855586767196655
8.881027722517485,0.5714687189579983,340.05293705539435,177.67076441967518,-1.3171899318695068,-0.4750334322452545,-0.4951232373714447
9.31743708855681,0.5704888989515803,341.0527818388233,177.67076441967518,-1.2883535623550415,-0.4788375794887543,-0.49057888984680176
9.389495852174191,0.5661759951835075,341.03665492143216,177.67076441967518,-1.2853164672851562,-0.4712596535682678,-0.46150749921798706
9.195623299895603,0.5705057009727376,340.03676271838606,177.67076441967518,-1.372690200805664,-0.5063794851303101,-0.5101149082183838
8.903842862020616,0.5700431451021318,340.03676271838606,177.67076441967518,-1.3704707622528076,-0.4825703501701355,-0.5040003061294556
8.926774588760667,0.5685634348366709,340.05293705539435,177.20611378475851,-1.0725051164627075,-0.4537568688392639,-0.419351190328598
9.120036233892508,0.5675584708750642,339.05309318748294,177.67076441967518,-1.091874361038208,-0.4543198049068451,-0.42696452140808105
9.26696022555363,0.5694734085799069,338.0532502432124,177.67076441967518,-1.332910180091858,-0.5249792337417603,-0.4942360520362854
9.413761552122242,0.568033405669903,339.05309318748294,177.20611378475851,-1.303615927696228,-0.4952031970024109,-0.49118614196777344
9.26696022555363,0.5661246109734588,340.05293705539435,177.67076441967518,-1.2884223461151123,-0.4888547956943512,-0.4891364574432373
9.219280971292601,0.5690763643123607,340.02352859765455,177.67076441967518,-1.4086861610412598,-0.5480865240097046,-0.5485278367996216
9.073087302624621,0.5671747032048527,341.023459603588,177.67076441967518,-1.0325040817260742,-0.4447489380836487,-0.42440494894981384
8.903842862020616,0.5700431451021318,340.03676271838606,177.20611378475851,-1.1655902862548828,-0.4433419108390808,-0.47570404410362244
8.611596907769915,0.5695953976382367,340.03676271838606,177.20611378475851,-1.2365362644195557,-0.44474416971206665,-0.4757903218269348
8.75777718968659,0.5714979304028482,339.0368711512068,177.20611378475851,-1.2805675268173218,-0.4758315682411194,-0.49854761362075806
9.195623299895603,0.5705057009727376,340.03676271838606,177.20611378475851,-0.9588180780410767,-0.42680805921554565,-0.38126295804977417
8.75777718968659,0.5714979304028482,339.0368711512068,177.67076441967518,-1.0073778629302979,-0.4300377368927002,-0.40955686569213867
9.049792152874621,0.5686005806278068,341.03665492143216,177.20611378475851,-1.1249409914016724,-0.4524575173854828,-0.4202144145965576
9.389495852174191,0.5695155421745917,339.0368711512068,177.67076441967518,-1.2891252040863037,-0.4788070321083069,-0.4607178270816803
9.389495852174191,0.5695155421745917,339.0368711512068,177.67076441967518,-1.1942325830459595,-0.4640834927558899,-0.4497377276420593
9.389495852174191,0.5695155421745917,339.0368711512068,177.67076441967518,-1.3937909603118896,-0.5665364861488342,-0.5473977327346802
9.389495852174191,0.5661759951835075,341.03665492143216,177.67076441967518,-1.118328332901001,-0.4482414126396179,-0.4690118730068207
9.535808564848596,0.5680825960542207,340.03676271838606,177.67076441967518,-1.1283738613128662,-0.43631839752197266,-0.464609295129776
9.243059639066614,0.567602828638162,340.03676271838606,177.67076441967518,-1.286874532699585,-0.4748663902282715,-0.5186304450035095
9.243059639066614,0.567602828638162,340.03676271838606,177.67076441967518,-1.2274243831634521,-0.4695182740688324,-0.5130335092544556
9.535808564848596,0.5680825960542207,340.03676271838606,177.67076441967518,-1.4039933681488037,-0.5513137578964233,-0.5086206197738647
9.389495852174191,0.5661759951835075,341.03665492143216,177.67076441967518,-1.402529001235962,-0.552460253238678,-0.5296944379806519
9.585194685986515,0.5651825806520815,340.03676271838606,178.13560373662455,-1.4182852506637573,-0.5776492357254028,-0.5106539726257324
8.996278222414023,0.5609341331511173,342.03654775476843,177.67076441967518,-0.9948643445968628,-0.4255726933479309,-0.4084547162055969
9.049792152874621,0.5686005806278068,341.03665492143216,177.20611378475851,-1.1033142805099487,-0.43714991211891174,-0.46760740876197815
8.903842862020616,0.5667102739343639,342.03654775476843,177.67076441967518,-1.1401684284210205,-0.44215887784957886,-0.467430055141449
9.049792152874621,0.5686005806278068,341.03665492143216,177.67076441967518,-1.286144733428955,-0.4924268126487732,-0.46789878606796265
9.172085711736958,0.5685864898151387,342.0526275297414,177.67076441967518,-1.2320841550827026,-0.4681589603424072,-0.46244820952415466
9.195623299895603,0.567111957564865,342.0716299256634,177.67076441967518,-1.265052080154419,-0.46951040625572205,-0.4627174735069275
9.365353829775273,0.567595681743165,341.0527818388233,177.67076441967518,-1.2627042531967163,-0.4687708914279938,-0.4619821012020111
9.365353829775273,0.567595681743165,341.0527818388233,177.67076441967518,-1.2520170211791992,-0.4669817388057709,-0.45078954100608826
9.511304122857217,0.5695056714757983,340.05293705539435,177.67076441967518,-1.273756504058838,-0.4686315655708313,-0.4681675434112549
9.511304122857217,0.5695056714757983,340.05293705539435,177.67076441967518,-1.1422771215438843,-0.44449418783187866,-0.45048004388809204
9.56043843380305,0.5666055843182707,340.05293705539435,177.67076441967518,-1.2753207683563232,-0.4770585894584656,-0.46047869324684143
9.341334550331945,0.5690691494244141,341.03665492143216,177.67076441967518,-1.3415677547454834,-0.5094027519226074,-0.5207808017730713
9.511304122857217,0.5695056714757983,340.05293705539435,177.67076441967518,-1.2419726848602295,-0.4748609960079193,-0.46148085594177246
9.511304122857217,0.5695056714757983,340.05293705539435,177.67076441967518,-1.2544033527374268,-0.474656343460083,-0.5003322958946228
9.511304122857217,0.5695056714757983,340.05293705539435,177.67076441967518,-1.1426308155059814,-0.439054012298584,-0.4536542296409607
9.732110317390934,0.570401416448456,337.0726924566866,177.67076441967518,-1.231879711151123,-0.46342262625694275,-0.4555477499961853
9.706989100869915,0.5718962039337133,337.0534082308025,177.67076441967518,-1.2883461713790894,-0.46947845816612244,-0.5098458528518677
9.511304122857217,0.5728744690735875,338.0532502432124,177.67076441967518,-0.9175885915756226,-0.40703099966049194,-0.37906259298324585
9.219280971292601,0.5723931164468421,338.0532502432124,177.67076441967518,-1.3074296712875366,-0.5118613839149475,-0.5075179934501648
9.290983662401823,0.5679813990426571,338.07247743642193,177.67076441967518,-1.0683629512786865,-0.4534040093421936,-0.4065987467765808
9.243059639066614,0.5709007424093501,338.07247743642193,178.13560373662455,-1.078855276107788,-0.43842387199401855,-0.4575093388557434
9.56043843380305,0.5698874166037139,338.09466130064817,177.67076441967518,-1.1158424615859985,-0.4369657039642334,-0.43986496329307556
9.56043843380305,0.5698874166037139,338.09466130064817,177.20611378475851,-1.138476014137268,-0.4388742446899414,-0.45050516724586487
9.585194685986515,0.5684664321798129,338.07247743642193,177.67076441967518,-1.1859614849090576,-0.459514319896698,-0.4507688581943512
9.56043843380305,0.5698874166037139,338.09466130064817,177.67076441967518,-1.2289154529571533,-0.4663269519805908,-0.4562346339225769
9.26696022555363,0.5694036574165185,338.09466130064817,177.67076441967518,-1.266006588935852,-0.4685996472835541,-0.5057722330093384
9.315130890688497,0.5664847055672338,338.09466130064817,177.67076441967518,-1.3707472085952759,-0.5399971008300781,-0.5164673328399658
9.315130890688497,0.5664847055672338,338.09466130064817,177.67076441967518,-1.3311374187469482,-0.5209544897079468,-0.49264177680015564
9.315130890688497,0.5664847055672338,338.09466130064817,177.67076441967518,-1.3866405487060547,-0.5396711826324463,-0.5152915716171265
9.290983662401823,0.5679813990426571,338.07247743642193,177.67076441967518,-1.277618646621704,-0.4978726804256439,-0.48832497000694275
9.290983662401823,0.5679813990426571,338.07247743642193,177.67076441967518,-1.2775471210479736,-0.497440904378891,-0.478568971157074
9.438151873635453,0.5665465868513468,339.0722636843067,177.67076441967518,-1.2974789142608643,-0.5017486810684204,-0.47704052925109863
9.438151873635453,0.5665465868513468,339.0722636843067,177.67076441967518,-1.376382827758789,-0.5422079563140869,-0.4897618889808655
9.26696022555363,0.5661246109734588,340.05293705539435,177.20611378475851,-1.1445417404174805,-0.45461195707321167,-0.44351163506507874
9.413761552122242,0.568033405669903,339.05309318748294,177.67076441967518,-1.379090428352356,-0.5249985456466675,-0.47184818983078003
9.413761552122242,0.568033405669903,339.05309318748294,177.20611378475851,-1.3487403392791748,-0.5052854418754578,-0.46924614906311035
9.585194685986515,0.5684664321798129,338.07247743642193,177.20611378475851,-1.3831839561462402,-0.5256098508834839,-0.5086817145347595
9.585194685986515,0.5684664321798129,338.07247743642193,177.20611378475851,-1.3656048774719238,-0.524088978767395,-0.5063871145248413
9.635090213474212,0.5655499937003761,338.07247743642193,177.67076441967518,-1.2475465536117554,-0.4668973982334137,-0.47303977608680725
9.610078287314781,0.5669709553103603,338.09466130064817,177.20611378475851,-1.2500865459442139,-0.4682864546775818,-0.4888518452644348
9.315130890688497,0.5664847055672338,338.09466130064817,177.20611378475851,-1.3293800354003906,-0.49251240491867065,-0.5007080435752869
9.315130890688497,0.5664847055672338,338.09466130064817,177.20611378475851,-1.3514633178710938,-0.5144408941268921,-0.5235962867736816
9.438151873635453,0.5665465868513468,339.0722636843067,177.22859080993277,-1.2815927267074585,-0.4965149760246277,-0.5028793811798096
9.167469453391119,0.5646465557845017,339.05309318748294,177.22859080993277,-1.3883626461029053,-0.5146075487136841,-0.5379694104194641
9.096501692976117,0.5690417990543305,339.0368711512068,177.22859080993277,-1.3069307804107666,-0.48239684104919434,-0.5249695181846619
9.512080151549437,0.5622148859297309,339.05309318748294,177.68950527098397,-1.4391024112701416,-0.5693538784980774,-0.5190867185592651
9.46266777026995,0.565123937781977,339.05309318748294,177.22859080993277,-1.1498355865478516,-0.46531248092651367,-0.4549656808376312
9.315130890688497,0.5632224686029229,340.05293705539435,177.25070888384357,-1.1988657712936401,-0.46824201941490173,-0.4548354744911194
9.512080151549437,0.5622148859297309,339.05309318748294,177.25070888384357,-1.2194217443466187,-0.4459197521209717,-0.4513395428657532
9.512080151549437,0.5622148859297309,339.05309318748294,177.25070888384357,-1.2205753326416016,-0.4514501988887787,-0.4542187750339508
9.536978592093936,0.5607288137140638,339.0722636843067,177.25070888384357,-1.0378905534744263,-0.4320397973060608,-0.3903941214084625
9.536978592093936,0.5640551502111028,337.0726924566866,177.25070888384357,-1.0666463375091553,-0.42679738998413086,-0.39824748039245605
9.536978592093936,0.5640551502111028,337.0726924566866,177.25070888384357,-1.098084568977356,-0.42902034521102905,-0.4165469706058502
9.736441029041123,0.5630486397693013,336.0729087564185,177.25070888384357,-1.2727158069610596,-0.4902726113796234,-0.4724549651145935
9.562006519807216,0.562624532809333,337.0534082308025,176.76796713651348,-1.1329187154769897,-0.465899795293808,-0.45827239751815796
9.911630045400456,0.5602021190861963,337.0534082308025,176.76796713651348,-1.2714087963104248,-0.508510172367096,-0.4764266908168793
9.61245485937898,0.5596990787431166,337.0534082308025,176.76796713651348,-1.2748619318008423,-0.5033374428749084,-0.4758214056491852
9.71090584695076,0.561208068243449,338.0532502432124,176.76796713651348,-1.2845261096954346,-0.5022390484809875,-0.49594706296920776
9.562006519807216,0.5593062566047924,339.05309318748294,176.76796713651348,-0.9473397135734558,-0.4157179296016693,-0.4011539816856384
10.034591798696656,0.5602850581153911,338.03698022553687,176.76796713651348,-1.0287400484085083,-0.41915401816368103,-0.42623060941696167
10.034591798696656,0.5602850581153911,338.03698022553687,176.76796713651348,-1.0705714225769043,-0.4256668984889984,-0.4282130300998688
9.562006519807216,0.5593549164729009,339.0235979987234,176.76796713651348,-1.040189504623413,-0.41266903281211853,-0.42651304602622986
9.787912492705361,0.5568617755464618,338.03698022553687,176.76796713651348,-1.184852123260498,-0.43071770668029785,-0.43277937173843384
9.487708735080417,0.5563665216706652,338.03698022553687,176.76796713651348,-1.1419399976730347,-0.431009441614151,-0.43575519323349
9.5871649377777,0.5578787942338057,339.0368711512068,176.76796713651348,-1.3419488668441772,-0.5139164328575134,-0.5252620577812195
8.711813461062862,0.5550374682719608,339.0235979987234,176.76796713651348,-0.91900235414505,-0.4146011769771576,-0.39374855160713196
9.114534076859647,0.5602895511507967,338.02366781040644,176.76796713651348,-1.2787551879882812,-0.4902225136756897,-0.4777870178222656
9.162704157789241,0.5573199515887628,338.0532502432124,176.76796713651348,-0.8965867161750793,-0.42289942502975464,-0.35632678866386414
9.787912492705361,0.5601161774748591,336.0729087564185,177.22859080993277,-0.9261115193367004,-0.39298903942108154,-0.37426891922950745
9.813850858846585,0.558613024276171,336.0952246016001,176.76796713651348,-1.1448757648468018,-0.4443652629852295,-0.4396793246269226
10.043925655642925,0.5560854499653577,335.1208737157386,176.76796713651348,-1.1943471431732178,-0.46211498975753784,-0.4425676763057709
10.19522057977744,0.5580120952338423,334.1212354819729,176.76796713651348,-1.1837222576141357,-0.46151822805404663,-0.44032591581344604
9.589199587967125,0.5570636196018057,334.07334524023315,176.76796713651348,-1.2158148288726807,-0.45703044533729553,-0.4698718190193176
9.23591334022219,0.5595271656338371,334.07334524023315,176.76796713651348,-1.2579189538955688,-0.4674154818058014,-0.502295732498169
9.563625723886979,0.5585719744597969,334.0538878684096,176.76796713651348,-0.911270260810852,-0.42007017135620117,-0.3762936592102051
9.487708735080417,0.5630281097203342,334.0374230531663,176.76796713651348,-1.204951286315918,-0.4575977921485901,-0.46183204650878906
9.487708735080417,0.5630281097203342,334.0374230531663,176.76796713651348,-0.9265177845954895,-0.45377594232559204,-0.3781369626522064
9.68912393674666,0.5619470529709392,333.073565447635,176.76796713651348,-1.0692775249481201,-0.45747342705726624,-0.39200958609580994
9.767014043507286,0.5574706080117716,333.09608223454086,176.30771889112674,-1.2168128490447998,-0.47958531975746155,-0.4247187674045563
10.070805366178515,0.5579877235294449,333.09608223454086,176.30771889112674,-1.2191948890686035,-0.47847238183021545,-0.48158687353134155
10.070805366178515,0.5579877235294449,333.09608223454086,176.30771889112674,-0.9576220512390137,-0.44028156995773315,-0.3864256739616394
10.070805366178515,0.5579877235294449,333.09608223454086,176.27779877244845,-1.166105031967163,-0.46490606665611267,-0.44670724868774414
10.12499424184873,0.5550320877327305,333.09608223454086,176.30771889112674,-1.18854820728302,-0.4648422598838806,-0.45617833733558655
9.846154286929549,0.5529908342115892,333.12159941979144,176.27779877244845,-1.185900330543518,-0.4504013657569885,-0.4258125424385071
9.846154286929549,0.5529908342115892,333.12159941979144,176.27779877244845,-1.1875057220458984,-0.44263607263565063,-0.43827691674232483
10.207368296092922,0.5505574014277289,333.12159941979144,176.27779877244845,-1.257825493812561,-0.5010433197021484,-0.44919055700302124
10.207368296092922,0.5505574014277289,333.12159941979144,176.7417632776689,-1.25068998336792,-0.49005669355392456,-0.4390186369419098
10.152305675635118,0.55351205512507,333.12159941979144,176.7417632776689,-1.2386646270751953,-0.479717493057251,-0.4430908262729645
10.09782785210372,0.5564672146314321,333.12159941979144,176.7417632776689,-1.2440210580825806,-0.4895175099372864,-0.44355088472366333
9.892489228815235,0.5608460537501359,332.12196554880256,176.7417632776689,-1.1774852275848389,-0.45239701867103577,-0.43699297308921814
10.043925655642925,0.5594228719309849,333.12159941979144,177.20611378475851,-1.2408123016357422,-0.46303296089172363,-0.44254225492477417
10.01718760370789,0.5608528729509761,333.15011631395237,177.20611378475851,-1.33908212184906,-0.5121961832046509,-0.46591758728027344
9.866138151995687,0.5589168517211814,334.1496670655232,177.67076441967518,-1.32589852809906,-0.5068126916885376,-0.44124478101730347
9.866138151995687,0.5622807779348049,332.150568266863,177.67076441967518,-1.3050540685653687,-0.5028666257858276,-0.4686618745326996
9.839925722155183,0.5604388033680059,334.1212354819729,177.67076441967518,-1.324070930480957,-0.500760555267334,-0.47689253091812134
9.839925722155183,0.5604388033680059,334.1212354819729,177.67076441967518,-1.4092637300491333,-0.5599364638328552,-0.4976479411125183
9.787912492705361,0.5633879353124406,334.1212354819729,177.20611378475851,-1.26283860206604,-0.48366913199424744,-0.4793883264064789
9.663433319182586,0.5633887806314829,333.09608223454086,177.20611378475851,-1.2294089794158936,-0.4597325921058655,-0.47930043935775757
9.637877308400927,0.561455686517943,335.1208737157386,177.20611378475851,-1.226625919342041,-0.46192899346351624,-0.47865042090415955
9.663433319182586,0.5600271883488377,335.0955087732451,177.20611378475851,-1.2299903631210327,-0.4635902941226959,-0.47016581892967224
9.663433319182586,0.5600271883488377,335.0955087732451,177.20611378475851,-1.1822210550308228,-0.44786232709884644,-0.438645601272583
9.663433319182586,0.5600271883488377,335.0955087732451,177.67076441967518,-1.189958930015564,-0.4549209475517273,-0.4604138433933258
9.787912492705361,0.5600368472262255,336.12051410171324,177.67076441967518,-1.0048524141311646,-0.4316423535346985,-0.395481675863266
9.93781240313799,0.5619629520891378,335.1208737157386,177.67076441967518,-1.0803531408309937,-0.42180758714675903,-0.4009721875190735
10.183462793291767,0.5654223361925773,335.1208737157386,177.67076441967518,-1.1583927869796753,-0.4359012544155121,-0.42041248083114624
9.93781240313799,0.5619629520891378,335.1208737157386,177.20611378475851,-1.4623968601226807,-0.5881184339523315,-0.5078874826431274
9.911630045400456,0.5634752737334298,335.0955087732451,177.20611378475851,-1.369998574256897,-0.562890350818634,-0.5060758590698242
9.911630045400456,0.5634752737334298,335.0955087732451,177.20611378475851,-1.2495782375335693,-0.4812068045139313,-0.49802860617637634
10.00830618174753,0.5650570608681984,336.05356715857073,177.20611378475851,-1.0469566583633423,-0.44333043694496155,-0.44336074590682983
9.71090584695076,0.5645475307201614,336.05356715857073,177.20611378475851,-1.3658533096313477,-0.5436490178108215,-0.4962347149848938
10.034591798696656,0.5635594663323918,336.0729087564185,177.20611378475851,-1.2575944662094116,-0.4840007722377777,-0.45393887162208557
10.034591798696656,0.5635594663323918,336.0729087564185,177.20611378475851,-1.3518956899642944,-0.5171710252761841,-0.49271470308303833
9.762109565309483,0.5582241784272483,338.09466130064817,177.20611378475851,-0.9873837232589722,-0.4225747585296631,-0.39544862508773804
9.71090584695076,0.5611393294488485,338.09466130064817,177.67076441967518,-0.9861575365066528,-0.4019083082675934,-0.4006420075893402
9.859673012449495,0.563055576523248,337.0949421157191,177.67076441967518,-1.253772497177124,-0.4514792859554291,-0.4229389727115631
9.41297687645851,0.5606480219624042,338.09466130064817,177.67076441967518,-1.2396562099456787,-0.4469316005706787,-0.4324430525302887
9.363800533742937,0.5635661583096923,338.09466130064817,177.67076441967518,-1.3729946613311768,-0.520633339881897,-0.4934860169887543
9.388324878884633,0.5621439230849122,338.07247743642193,177.20611378475851,-1.321569800376892,-0.49660858511924744,-0.4977893829345703
9.363800533742937,0.5636351943874841,338.0532502432124,177.20611378475851,-1.3196327686309814,-0.4962889552116394,-0.5072357654571533
9.26696022555363,0.5661735747958065,340.02352859765455,176.76796713651348,-1.3082499504089355,-0.4914955496788025,-0.5191498398780823
9.120036233892508,0.5642792297688692,341.023459603588,176.76796713651348,-1.025085210800171,-0.448953777551651,-0.41490641236305237
9.290983662401823,0.5647394246132024,340.0132350365203,176.7417632776689,-1.2177428007125854,-0.45956701040267944,-0.47619175910949707
9.26696022555363,0.5661735747958065,340.02352859765455,176.76796713651348,-1.0662810802459717,-0.4321301579475403,-0.43379244208335876
9.096501692976117,0.565743945525497,341.0131962256006,176.76796713651348,-1.3006165027618408,-0.4853230118751526,-0.5033836960792542
9.143691844537651,0.5628098592761132,341.03665492143216,177.22859080993277,-1.2594650983810425,-0.48421400785446167,-0.42696109414100647
9.732110317390934,0.5637714845470586,341.03665492143216,177.68950527098397,-1.0657618045806885,-0.43154191970825195,-0.42967692017555237
9.732110317390934,0.5637714845470586,341.03665492143216,177.68950527098397,-1.385561227798462,-0.5165255069732666,-0.5107201933860779
9.413761552122242,0.5647514204839665,341.023459603588,177.68950527098397,-1.3238271474838257,-0.5144578814506531,-0.5055912733078003
9.512080151549437,0.5588512017990356,341.09382873338535,177.22859080993277,-1.0329819917678833,-0.4495762884616852,-0.4031900465488434
9.585194685986515,0.561820502667476,342.0716299256634,177.67076441967518,-1.0322749614715576,-0.3856518864631653,-0.41407710313796997
9.610078287314781,0.5604104096316417,342.0526275297414,177.68950527098397,-1.1516176462173462,-0.40050753951072693,-0.42728739976882935
9.585194685986515,0.5651825806520815,340.03676271838606,177.22859080993277,-1.3033499717712402,-0.4702044129371643,-0.4575553834438324
9.438151873635453,0.5632832451216222,341.03665492143216,177.22859080993277,-0.9836360216140747,-0.3998194932937622,-0.4109320044517517
9.290983662401823,0.5647003493985872,340.03676271838606,177.22859080993277,-1.2424769401550293,-0.455737829208374,-0.46643194556236267
9.610078287314781,0.5670404084710929,338.0532502432124,177.22859080993277,-1.2769984006881714,-0.47828206419944763,-0.46823936700820923
9.290983662401823,0.5680410426811356,338.03698022553687,177.22859080993277,-1.2728445529937744,-0.4775734543800354,-0.46726077795028687
9.315130890688497,0.566554099163043,338.0532502432124,177.22859080993277,-1.359822154045105,-0.5160683393478394,-0.5053286552429199
9.339402861038145,0.5650624571830123,338.07247743642193,177.25070888384357,-1.3183850049972534,-0.5111604332923889,-0.4749510884284973
9.512080151549437,0.5654807364087366,337.0949421157191,177.25070888384357,-1.2650086879730225,-0.5082159638404846,-0.4404083788394928
9.487310205242165,0.5669810819141462,337.0726924566866,177.22859080993277,-1.3479382991790771,-0.5165981650352478,-0.5107437372207642
9.043213445086492,0.564589996851923,338.07247743642193,177.25070888384357,-1.0105721950531006,-0.4344021677970886,-0.4210180342197418
9.19136999836564,0.5664996549589092,337.0726924566866,177.25070888384357,-1.2809488773345947,-0.49094080924987793,-0.4583079218864441
8.8949350393525,0.5660333680385864,337.0726924566866,177.25070888384357,-1.2824478149414062,-0.4886370301246643,-0.4612879157066345
9.19136999836564,0.5664996549589092,337.0726924566866,177.25070888384357,-1.2774447202682495,-0.4828430116176605,-0.4720699191093445
9.239543696209866,0.563571223803786,337.0726924566866,177.25070888384357,-1.232740879058838,-0.4447060227394104,-0.472023069858551
9.239543696209866,0.563571223803786,337.0726924566866,177.25070888384357,-1.2919059991836548,-0.47911256551742554,-0.4822840094566345
9.363800533742937,0.5636351943874841,338.0532502432124,176.79375292448162,-1.3318455219268799,-0.4895053803920746,-0.48882395029067993
9.21539442692598,0.5617350317240976,339.05309318748294,176.79375292448162,-1.3724714517593384,-0.5125256776809692,-0.5177499651908875
9.043213445086492,0.5613285382701125,340.03676271838606,176.79375292448162,-1.3519980907440186,-0.4994758665561676,-0.5062824487686157
8.746536629540154,0.560873833949483,340.03676271838606,176.79375292448162,-1.4842058420181274,-0.5875289440155029,-0.5292739272117615
8.746536629540154,0.560873833949483,340.03676271838606,177.25070888384357,-1.100605845451355,-0.46118825674057007,-0.42549213767051697
8.746536629540154,0.560873833949483,340.03676271838606,176.79375292448162,-1.1769418716430664,-0.44058164954185486,-0.454039990901947
8.701092825078053,0.5637806725838984,340.03676271838606,176.79375292448162,-1.1897361278533936,-0.44808799028396606,-0.45419955253601074
8.701092825078053,0.5637806725838984,340.03676271838606,176.79375292448162,-1.3536542654037476,-0.5221993923187256,-0.4857354164123535
8.701092825078053,0.5637806725838984,340.03676271838606,176.79375292448162,-1.0098284482955933,-0.4183645248413086,-0.4129263758659363
8.701092825078053,0.5637806725838984,340.03676271838606,176.79375292448162,-1.195449948310852,-0.45193156599998474,-0.47513827681541443
8.701092825078053,0.5637806725838984,340.03676271838606,177.25070888384357,-1.2047255039215088,-0.446137011051178,-0.4676956534385681
9.143691844537651,0.5661295513649466,339.0368711512068,177.25070888384357,-1.2941739559173584,-0.49944788217544556,-0.4834177494049072
8.8949350393525,0.5627541061847515,339.0368711512068,176.79375292448162,-1.2936087846755981,-0.48955434560775757,-0.48033618927001953
9.19136999836564,0.5632176917150202,339.0368711512068,176.79375292448162,-1.1613048315048218,-0.43223387002944946,-0.4653697609901428
9.21539442692598,0.5617350317240976,339.05309318748294,176.79375292448162,-1.2935839891433716,-0.4825713038444519,-0.4621070921421051
9.21539442692598,0.5617350317240976,339.05309318748294,176.79375292448162,-1.3057305812835693,-0.4864235520362854,-0.46714314818382263
9.239543696209866,0.560247741109376,339.0722636843067,176.79375292448162,-1.325873851776123,-0.49868243932724,-0.4720165729522705
9.388324878884633,0.5621439230849122,338.07247743642193,176.79375292448162,-1.3751118183135986,-0.5315443873405457,-0.4721798002719879
9.388324878884633,0.5621439230849122,338.07247743642193,176.79375292448162,-1.221740484237671,-0.4569734036922455,-0.46408557891845703
9.71090584695076,0.5611393294488485,338.09466130064817,176.79375292448162,-1.2241371870040894,-0.4581156373023987,-0.4172708988189697
9.512080151549437,0.5654807364087366,337.0949421157191,176.79375292448162,-1.1948516368865967,-0.4329283833503723,-0.45072174072265625
9.363800533742937,0.5636351943874841,338.0532502432124,176.33716214248554,-1.104536771774292,-0.41436925530433655,-0.44975408911705017
9.388324878884633,0.5621439230849122,338.07247743642193,176.79375292448162,-1.1386655569076538,-0.41887742280960083,-0.4435320496559143
9.388324878884633,0.5622029537309473,338.03698022553687,176.33716214248554,-1.3383015394210815,-0.5054028630256653,-0.534131646156311
9.41297687645851,0.5607167005725147,338.0532502432124,176.79375292448162,-0.9538905024528503,-0.42053309082984924,-0.39206379652023315
8.918210119798758,0.5646001944400575,337.0534082308025,176.33716214248554,-1.0076193809509277,-0.4246007800102234,-0.4486308693885803
8.965124665221635,0.5616693587244077,337.0534082308025,176.33716214248554,-0.9960850477218628,-0.4151541590690613,-0.398627370595932
8.918210119798758,0.5646001944400575,337.0534082308025,176.79375292448162,-1.3274813890457153,-0.5244530439376831,-0.5254675149917603
8.965124665221635,0.5616693587244077,337.0534082308025,176.33716214248554,-1.2721099853515625,-0.4970010817050934,-0.49209219217300415
9.26381877315032,0.5621393192928115,337.0534082308025,176.79375292448162,-1.251504898071289,-0.49635186791419983,-0.49135279655456543
9.239543696209866,0.563630755975304,337.0370899470858,176.79375292448162,-1.2419097423553467,-0.4900844097137451,-0.4903995096683502
9.114534076859647,0.560240521218566,338.0532502432124,176.33716214248554,-0.999032199382782,-0.41264691948890686,-0.39738187193870544
8.769435632217904,0.5627029232692897,338.0532502432124,176.79375292448162,-1.1374926567077637,-0.4193197190761566,-0.47876524925231934
8.815592426460379,0.5597110051148253,338.09466130064817,176.79375292448162,-0.9360908269882202,-0.40056198835372925,-0.3585057854652405
9.536978592093936,0.5640551502111028,337.0726924566866,176.79375292448162,-1.135303258895874,-0.40747174620628357,-0.4641267657279968
9.138556172336665,0.558748407529526,338.07247743642193,176.79375292448162,-1.1417934894561768,-0.4134557247161865,-0.4541700780391693
9.5871649377777,0.5611296468333489,337.0726924566866,176.79375292448162,-1.3091107606887817,-0.4953152537345886,-0.4821242690086365
9.114534076859647,0.560240521218566,338.0532502432124,176.79375292448162,-1.2878968715667725,-0.4558776021003723,-0.4797469675540924
9.114534076859647,0.560240521218566,338.0532502432124,176.33716214248554,-1.2652227878570557,-0.46120619773864746,-0.4620954990386963
9.26381877315032,0.5621393192928115,337.0534082308025,176.79375292448162,-1.256614327430725,-0.4618128836154938,-0.4696114659309387
9.288220634600338,0.560643195245734,337.0726924566866,176.79375292448162,-1.0693328380584717,-0.44691309332847595,-0.38882267475128174
9.5871649377777,0.5611296468333489,337.0726924566866,176.79375292448162,-1.128038763999939,-0.4469391703605652,-0.42991727590560913
9.239543696209866,0.563630755975304,337.0370899470858,176.79375292448162,-1.2153035402297974,-0.45040687918663025,-0.4566497206687927
9.26381877315032,0.5621393192928115,337.0534082308025,176.79375292448162,-0.9481774568557739,-0.41470471024513245,-0.37487679719924927
9.21539442692598,0.5650677174700823,337.0534082308025,176.79375292448162,-1.1738053560256958,-0.42562979459762573,-0.47042903304100037
9.26381877315032,0.5620700574119337,337.0949421157191,176.79375292448162,-0.9164130091667175,-0.4078064560890198,-0.3773205876350403
9.239543696209866,0.563571223803786,337.0726924566866,176.79375292448162,-0.9697703123092651,-0.4085092544555664,-0.43131011724472046
9.239543696209866,0.563571223803786,337.0726924566866,176.79375292448162,-1.0294921398162842,-0.40971627831459045,-0.4260633587837219
9.5871649377777,0.5611296468333489,337.0726924566866,177.25070888384357,-1.3538691997528076,-0.5351330041885376,-0.45972657203674316
9.288220634600338,0.560643195245734,337.0726924566866,177.25070888384357,-1.2850791215896606,-0.5289475917816162,-0.4676695764064789
9.288220634600338,0.560643195245734,337.0726924566866,177.25070888384357,-1.258223295211792,-0.5183631777763367,-0.4690937399864197
9.288220634600338,0.560643195245734,337.0726924566866,176.79375292448162,-1.2709699869155884,-0.5074493885040283,-0.4384962022304535
9.288220634600338,0.560643195245734,337.0726924566866,176.76796713651348,-1.272025227546692,-0.5007227659225464,-0.44584712386131287
9.239543696209866,0.563571223803786,337.0726924566866,176.76796713651348,-1.2877604961395264,-0.4941355586051941,-0.4648357927799225
9.26381877315032,0.5620700574119337,337.0949421157191,176.76796713651348,-1.2817634344100952,-0.48889651894569397,-0.46441489458084106
9.312750267459041,0.5591424257705846,337.0949421157191,176.79375292448162,-1.3217107057571411,-0.49773186445236206,-0.462292343378067
9.312750267459041,0.5591424257705846,337.0949421157191,177.25070888384357,-1.3427636623382568,-0.5065818428993225,-0.46045270562171936
9.61245485937898,0.56296929422111,335.0955087732451,177.25070888384357,-1.3244248628616333,-0.503413200378418,-0.4556787610054016
9.43775751649891,0.5625530882796912,336.0729087564185,176.76796713651348,-1.0322668552398682,-0.43391650915145874,-0.419640451669693
9.388324878884633,0.5654885704802335,336.0729087564185,176.79375292448162,-1.2823281288146973,-0.49153804779052734,-0.48248234391212463
9.41297687645851,0.5639833273906614,336.0952246016001,176.79375292448162,-1.2538336515426636,-0.47645750641822815,-0.4700499176979065
9.462667799207061,0.5610482508393808,336.0952246016001,176.79375292448162,-1.2062638998031616,-0.4608250558376312,-0.4684291481971741
9.43775751649891,0.5625530882796912,336.0729087564185,176.79375292448162,-1.2498526573181152,-0.46965545415878296,-0.4745728373527527
9.41297687645851,0.5640532391712713,336.05356715857073,176.79375292448162,-1.2909972667694092,-0.4755774140357971,-0.4807106554508209
9.41297687645851,0.5640532391712713,336.05356715857073,176.79375292448162,-1.2863726615905762,-0.474465936422348,-0.4652314782142639
9.26381877315032,0.5621393192928115,337.0534082308025,176.79375292448162,-1.288216233253479,-0.4749275743961334,-0.45716220140457153
9.26381877315032,0.5621393192928115,337.0534082308025,176.79375292448162,-1.283801555633545,-0.47491198778152466,-0.4754241406917572
9.21539442692598,0.5650677174700823,337.0534082308025,176.79375292448162,-1.2543141841888428,-0.46868258714675903,-0.4726795256137848
9.21539442692598,0.5650677174700823,337.0534082308025,176.79375292448162,-1.3680719137191772,-0.5158244371414185,-0.5106765031814575
9.239543696209866,0.563571223803786,337.0726924566866,176.79375292448162,-1.1468253135681152,-0.4520067274570465,-0.4510520398616791
9.167469453391119,0.5679965151456026,337.0534082308025,176.79375292448162,-1.3237583637237549,-0.5144878625869751,-0.544883131980896
9.26381877315032,0.5621393192928115,337.0534082308025,176.79375292448162,-0.9341460466384888,-0.42081743478775024,-0.3565728962421417
9.239543696209866,0.563571223803786,337.0726924566866,176.79375292448162,-1.1175247430801392,-0.4359927177429199,-0.44187021255493164
9.363800533742937,0.5636351943874841,338.0532502432124,176.79375292448162,-1.2379003763198853,-0.45496028661727905,-0.44642502069473267
9.363800533742937,0.5636351943874841,338.0532502432124,176.79375292448162,-1.346295952796936,-0.5002559423446655,-0.47065648436546326
9.388324878884633,0.5621439230849122,338.07247743642193,176.79375292448162,-1.3301029205322266,-0.48801112174987793,-0.4638780951499939
9.388324878884633,0.5621439230849122,338.07247743642193,176.79375292448162,-1.4387058019638062,-0.5587466955184937,-0.5248377323150635
9.339402861038145,0.5650624571830123,338.07247743642193,176.79375292448162,-1.0444695949554443,-0.4376559257507324,-0.4052198529243469
9.090636897889265,0.5616690077695641,338.07247743642193,177.25070888384357,-1.1297037601470947,-0.4338795244693756,-0.4531458914279938
9.388324878884633,0.5621439230849122,338.07247743642193,177.25070888384357,-1.0438495874404907,-0.4226105213165283,-0.40051689743995667
9.339402861038145,0.5650624571830123,338.07247743642193,177.25070888384357,-1.3851174116134644,-0.5434888601303101,-0.511604368686676
9.339402861038145,0.5650624571830123,338.07247743642193,177.25070888384357,-1.0876219272613525,-0.4466443657875061,-0.43468594551086426
9.388324878884633,0.5621439230849122,338.07247743642193,177.25070888384357,-1.2585697174072266,-0.4592885375022888,-0.4561747610569
9.239543696209866,0.560247741109376,339.0722636843067,177.25070888384357,-1.0147664546966553,-0.422416627407074,-0.4143733084201813
8.941606348276217,0.5597817933350696,339.0722636843067,176.79375292448162,-1.2000426054000854,-0.422933429479599,-0.4853551983833313
8.941606348276217,0.5597817933350696,339.0722636843067,176.79375292448162,-0.9081743955612183,-0.40398454666137695,-0.3710503578186035
8.918210119798758,0.5612702660756924,339.05309318748294,176.79375292448162,-1.3908967971801758,-0.5412482619285583,-0.5705081224441528
8.746536629540154,0.560873833949483,340.03676271838606,176.79375292448162,-0.9333751797676086,-0.4329506754875183,-0.3970606029033661
8.769435632217904,0.5593939396114144,340.05293705539435,176.79375292448162,-1.2108616828918457,-0.4599979817867279,-0.4046611785888672
8.620542080955811,0.5608206264972763,339.05309318748294,176.79375292448162,-1.2244088649749756,-0.46008071303367615,-0.4099690914154053
8.918210119798758,0.5612702660756924,339.05309318748294,176.79375292448162,-1.3567330837249756,-0.5165999531745911,-0.5241717100143433
9.21539442692598,0.5617350317240976,339.05309318748294,176.79375292448162,-1.30998957157135,-0.4757150709629059,-0.5209025144577026
9.066863671880332,0.5598498025374616,340.05293705539435,176.79375292448162,-1.2300232648849487,-0.4334040582180023,-0.5048052668571472
9.21539442692598,0.5617350317240976,339.05309318748294,176.79375292448162,-1.3946008682250977,-0.513231635093689,-0.5263174176216125
9.21539442692598,0.5617350317240976,339.05309318748294,176.79375292448162,-1.3376691341400146,-0.506571352481842,-0.5019024610519409
9.066863671880332,0.5598498025374616,340.05293705539435,176.79375292448162,-1.2766376733779907,-0.4660164415836334,-0.49449020624160767
9.114534076859647,0.5569460177558487,340.05293705539435,176.79375292448162,-1.4258720874786377,-0.5550490617752075,-0.5754246711730957
8.8949350393525,0.5594542071603041,341.03665492143216,176.79375292448162,-1.03482985496521,-0.4234909117221832,-0.4558759331703186
8.8949350393525,0.5594542071603041,341.03665492143216,176.79375292448162,-1.4083715677261353,-0.5221074223518372,-0.507527232170105
8.918210119798758,0.5579793802132048,341.0527818388233,176.79375292448162,-1.2302439212799072,-0.47664132714271545,-0.4545673727989197
9.019685273436588,0.5627539708968236,340.05293705539435,176.79375292448162,-1.4122717380523682,-0.5481506586074829,-0.5669224262237549
8.871780176054479,0.560876217594706,341.0527818388233,176.79375292448162,-1.041487455368042,-0.4346269965171814,-0.4135887622833252
8.72375599658126,0.5623004624156793,340.05293705539435,176.79375292448162,-1.1460040807724,-0.4275534749031067,-0.4323391318321228
8.72375599658126,0.5623004624156793,340.05293705539435,176.79375292448162,-1.2778900861740112,-0.45467740297317505,-0.4699934124946594
8.72375599658126,0.5623004624156793,340.05293705539435,176.79375292448162,-1.0065925121307373,-0.40302276611328125,-0.39708924293518066
8.72375599658126,0.5623004624156793,340.05293705539435,176.79375292448162,-1.3502618074417114,-0.5051168203353882,-0.49206385016441345
8.55332470462919,0.5619077973098509,341.03665492143216,176.79375292448162,-1.2539441585540771,-0.45509999990463257,-0.48672500252723694
8.701092825078053,0.5604844162132284,342.03654775476843,176.79375292448162,-1.0353127717971802,-0.4301791191101074,-0.41630616784095764
8.55332470462919,0.5619077973098509,341.03665492143216,176.79375292448162,-1.0964857339859009,-0.4362100660800934,-0.4483878016471863
8.531149560987183,0.5633794508255808,341.023459603588,176.79375292448162,-1.2135940790176392,-0.4421401917934418,-0.46380195021629333
8.38363928869728,0.5615173720741327,342.023391012954,176.79375292448162,-1.1249186992645264,-0.4214007258415222,-0.43307027220726013
8.871780176054479,0.5609244434392303,341.023459603588,177.25070888384357,-1.3850265741348267,-0.5310998558998108,-0.4837014675140381
8.803027721021268,0.5652488836491781,341.03665492143216,177.25070888384357,-1.3750518560409546,-0.5292413234710693,-0.5132682919502258
8.67854621596202,0.5652562234739111,340.02352859765455,177.25070888384357,-1.398483157157898,-0.5440080761909485,-0.4927070736885071
8.72375599658126,0.5623490954894127,340.02352859765455,177.25070888384357,-1.260593295097351,-0.48413676023483276,-0.47147566080093384
9.043213445086492,0.5613285382701125,340.03676271838606,177.25070888384357,-1.4013402462005615,-0.5473770499229431,-0.5318681597709656
9.043213445086492,0.5613285382701125,340.03676271838606,177.25070888384357,-1.3829573392868042,-0.5058018565177917,-0.5286816954612732
9.239543696209866,0.560247741109376,339.0722636843067,177.25070888384357,-1.2592010498046875,-0.47638893127441406,-0.4432317316532135
9.239543696209866,0.560247741109376,339.0722636843067,177.25070888384357,-1.2605671882629395,-0.4770888686180115,-0.49478116631507874
9.239543696209866,0.560247741109376,339.0722636843067,177.25070888384357,-1.2062742710113525,-0.459143728017807,-0.4457398056983948
9.114534076859647,0.5601719009326256,338.09466130064817,177.25070888384357,-1.3037316799163818,-0.5005363821983337,-0.46350693702697754
9.26381877315032,0.5620700574119337,337.0949421157191,176.79375292448162,-1.3351714611053467,-0.5118066072463989,-0.4655868411064148
9.090636897889265,0.5616690077695641,338.07247743642193,176.79375292448162,-1.299047827720642,-0.46368226408958435,-0.4704042077064514
9.019685273436588,0.5661323713788214,338.02366781040644,176.79375292448162,-1.2985292673110962,-0.4641949534416199,-0.4979649484157562
8.941606348276217,0.559840229739121,339.0368711512068,176.79375292448162,-1.0208618640899658,-0.41410011053085327,-0.4085131585597992
8.598020074188923,0.5623056102060827,339.0368711512068,176.79375292448162,-1.1162585020065308,-0.3973580002784729,-0.4213489890098572
8.598020074188923,0.5623056102060827,339.0368711512068,176.79375292448162,-1.036258339881897,-0.4029150605201721,-0.4086104929447174
8.746536629540154,0.5641918900679673,338.03698022553687,176.79375292448162,-1.2746679782867432,-0.4604428708553314,-0.4653266966342926
8.746536629540154,0.5641918900679673,338.03698022553687,176.79375292448162,-1.039236307144165,-0.43705764412879944,-0.4105947017669678
9.090636897889265,0.5617279885448156,338.03698022553687,176.79375292448162,-1.239423394203186,-0.4776124060153961,-0.46442732214927673
9.090636897889265,0.5617279885448156,338.03698022553687,176.79375292448162,-1.2474663257598877,-0.4763745367527008,-0.46342968940734863
9.043213445086492,0.5646492843597845,338.03698022553687,176.79375292448162,-1.2609943151474,-0.47481465339660645,-0.47338253259658813
9.114534076859647,0.560240521218566,338.0532502432124,176.79375292448162,-1.2490230798721313,-0.4587266445159912,-0.45039063692092896
9.312750267459041,0.5592113268898966,337.0534082308025,176.79375292448162,-1.407665729522705,-0.5519022941589355,-0.4905373454093933
8.988766020747542,0.5601720334324883,337.0726924566866,176.79375292448162,-1.0487751960754395,-0.4547751545906067,-0.40509337186813354
8.941606348276217,0.5631025119498577,337.0726924566866,176.79375292448162,-1.1085199117660522,-0.44716280698776245,-0.45311790704727173
8.965124665221635,0.5616693587244077,337.0534082308025,177.25070888384357,-1.0972998142242432,-0.4328400492668152,-0.42347097396850586
8.988766020747542,0.5601720334324883,337.0726924566866,177.25070888384357,-1.3218085765838623,-0.5122812986373901,-0.4731837213039398
8.965124665221635,0.5616693587244077,337.0534082308025,177.25070888384357,-1.2886172533035278,-0.48630213737487793,-0.4737376272678375
8.965124665221635,0.5616693587244077,337.0534082308025,177.25070888384357,-1.344313144683838,-0.517562985420227,-0.4823859632015228
8.815592426460379,0.5597795689416631,338.0532502432124,176.79375292448162,-1.1962559223175049,-0.4517720341682434,-0.44554662704467773
8.965124665221635,0.5616693587244077,337.0534082308025,176.79375292448162,-1.336302399635315,-0.5023612976074219,-0.46216559410095215
9.26381877315032,0.5621393192928115,337.0534082308025,176.79375292448162,-1.2854199409484863,-0.49307817220687866,-0.4370952248573303
9.239543696209866,0.563571223803786,337.0726924566866,176.79375292448162,-1.3458691835403442,-0.5278037786483765,-0.47935429215431213
9.26381877315032,0.5620700574119337,337.0949421157191,176.79375292448162,-0.9336004257202148,-0.43723732233047485,-0.3589751720428467
9.61245485937898,0.5596301175272955,337.0949421157191,177.25070888384357,-1.0685698986053467,-0.4233062267303467,-0.38179993629455566
9.487708735080417,0.5595387695499379,336.12051410171324,177.25070888384357,-1.1880606412887573,-0.4302883744239807,-0.4011148512363434
9.487708735080417,0.5595387695499379,336.12051410171324,177.25070888384357,-1.2160499095916748,-0.4340514540672302,-0.4415346682071686
9.337408668799949,0.5576370531672139,337.12015662075146,177.25070888384357,-1.2473046779632568,-0.44464239478111267,-0.44296854734420776
9.26381877315032,0.5620700574119337,337.0949421157191,176.79375292448162,-1.3125884532928467,-0.5019353628158569,-0.5149181485176086
9.114534076859647,0.5601719009326256,338.09466130064817,176.79375292448162,-1.2007622718811035,-0.4562414586544037,-0.4831606447696686
9.26381877315032,0.5620700574119337,337.0949421157191,176.79375292448162,-1.203257441520691,-0.4570997655391693,-0.4841172695159912
9.26381877315032,0.5620700574119337,337.0949421157191,176.79375292448162,-1.0295157432556152,-0.42116624116897583,-0.40091919898986816
9.363800533742937,0.5669188237849278,336.0952246016001,176.79375292448162,-1.2729257345199585,-0.4935566484928131,-0.47099000215530396
9.363800533742937,0.5669188237849278,336.0952246016001,176.79375292448162,-1.2886154651641846,-0.49668970704078674,-0.47057977318763733
9.21539442692598,0.5683693008851108,335.0955087732451,176.79375292448162,-1.2834434509277344,-0.49433445930480957,-0.47256946563720703
9.19136999836564,0.5698802707669671,335.0731263470707,176.79375292448162,-1.2747982740402222,-0.47770562767982483,-0.4741843640804291
9.337408668799949,0.5609638355663844,335.1208737157386,177.25070888384357,-1.2939720153808594,-0.48384708166122437,-0.47047001123428345
9.337408668799949,0.5609638355663844,335.1208737157386,176.79375292448162,-1.3094267845153809,-0.4962109923362732,-0.48640045523643494
9.43775751649891,0.5625530882796912,336.0729087564185,176.79375292448162,-1.333406686782837,-0.5091643929481506,-0.4974824786186218
9.462667799207061,0.5610482508393808,336.0952246016001,176.79375292448162,-1.2853684425354004,-0.4758101999759674,-0.4748857617378235
9.43775751649891,0.5625530882796912,336.0729087564185,177.22859080993277,-1.257336139678955,-0.4639931619167328,-0.4796258807182312
9.288220634600338,0.560643195245734,337.0726924566866,177.25070888384357,-1.0095998048782349,-0.43551045656204224,-0.4073507785797119
9.43775751649891,0.5625530882796912,336.0729087564185,177.25070888384357,-1.2265007495880127,-0.4725095331668854,-0.4624621868133545
9.288220634600338,0.560643195245734,337.0726924566866,177.25070888384357,-1.1978375911712646,-0.4502600133419037,-0.45756030082702637
9.43775751649891,0.5625530882796912,336.0729087564185,176.79375292448162,-1.2091633081436157,-0.45196714997291565,-0.4575139582157135
9.090636897889265,0.5616690077695641,338.07247743642193,176.79375292448162,-1.0411841869354248,-0.41845282912254333,-0.4326208233833313
9.090636897889265,0.5616690077695641,338.07247743642193,176.79375292448162,-1.3528951406478882,-0.5300043821334839,-0.5060332417488098
9.090636897889265,0.5616690077695641,338.07247743642193,176.79375292448162,-1.113417387008667,-0.4518187642097473,-0.4352788031101227
9.090636897889265,0.5616690077695641,338.07247743642193,177.25070888384357,-1.1554745435714722,-0.45187467336654663,-0.46294742822647095
9.090636897889265,0.5616690077695641,338.07247743642193,177.25070888384357,-1.0491327047348022,-0.43438977003097534,-0.3955032229423523
9.090636897889265,0.5616690077695641,338.07247743642193,177.25070888384357,-1.1560893058776855,-0.4368012845516205,-0.44821539521217346
9.090636897889265,0.5616690077695641,338.07247743642193,177.25070888384357,-1.1732680797576904,-0.4378034174442291,-0.44852694869041443
9.090636897889265,0.5616690077695641,338.07247743642193,176.79375292448162,-1.3777467012405396,-0.5384079217910767,-0.5032597780227661
9.239543696209866,0.563571223803786,337.0726924566866,176.79375292448162,-1.3560339212417603,-0.5248432755470276,-0.46408557891845703
9.239543696209866,0.563571223803786,337.0726924566866,176.79375292448162,-1.3308708667755127,-0.5294535160064697,-0.48966163396835327
9.162704157789241,0.5605667896056957,336.0952246016001,176.79375292448162,-1.2594674825668335,-0.4833117425441742,-0.4545213282108307
9.138556172336665,0.5620728522653651,336.0729087564185,176.79375292448162,-1.2506635189056396,-0.4775484502315521,-0.4705895483493805
9.138556172336665,0.5620728522653651,336.0729087564185,177.25070888384357,-1.2204089164733887,-0.4633313715457916,-0.45445340871810913
9.43775751649891,0.5625530882796912,336.0729087564185,176.79375292448162,-1.2087805271148682,-0.4630691409111023,-0.4591302275657654
9.736441029041123,0.5630486397693013,336.0729087564185,177.22859080993277,-1.2059242725372314,-0.4524543881416321,-0.45313167572021484
9.736441029041123,0.5630486397693013,336.0729087564185,176.79375292448162,-1.251146674156189,-0.4868656098842621,-0.47391796112060547
9.736441029041123,0.5630486397693013,336.0729087564185,177.25070888384357,-1.191159963607788,-0.4578690528869629,-0.46739497780799866
