intershoulder_distance,necklength_y,slouchangle,angle_of_rotation,normalization_factor_distance,nose_normalization_factor
0.30657750374939197,-0.17042014002799988,42.02235284439312,0.0924089681232279,0.4270243324476198,0.35041568526268313
0.3155768787990937,-0.17045538127422333,45.850797281897925,0.23583264504334156,0.43941803813488556,0.3578166711175384
0.31551899806333555,-0.17012649774551392,46.261529973723256,0.19463681664322202,0.4353568188555057,0.3598333137790955
0.3115187290706486,-0.1707281917333603,44.90311035185399,0.17593878640834515,0.4368174292864968,0.36689716262620414
0.3192974456370196,-0.16693325340747833,46.72413502339186,0.12727236486564042,0.43354660244812643,0.36613616962398693
0.3207513215327188,-0.1661462038755417,46.92264379066015,0.08267277190377914,0.431636630756898,0.3655223562788467
0.31975207583749626,-0.16560783982276917,46.9591896830337,0.14249058114420665,0.4341202513939886,0.3652991229709806
0.31935277829052217,-0.1643647998571396,47.11399029398787,0.1556204899646843,0.4348681332373532,0.3655735296053848
0.32410459122212226,-0.16398485004901886,46.89796253014585,0.040500755236409496,0.430203323399602,0.36467439246565053
0.3257541526822528,-0.16390295326709747,47.48633509944812,0.09991694458150178,0.43206445404843874,0.36271190859222796
0.32540681012910316,-0.16379901766777039,47.487162497756586,0.11028192291963083,0.4330134552745711,0.3627568046209805
0.3231686490450843,-0.16410396993160248,47.51243622230342,0.11634331873936166,0.4336149457756289,0.36293676887317755
0.32094817961078254,-0.16392768919467926,47.229144239223196,0.22817215376326858,0.4419800560495736,0.3630145862199191
0.3235820961992348,-0.16615258157253265,46.97438099470241,0.14964311869656793,0.4352456036617929,0.3632976924229755
0.3187611648434861,-0.1664775311946869,46.64711718214023,0.31727919034165597,0.45260752138416077,0.3638945479978885
0.3186428766496417,-0.16601064801216125,46.80028163413472,0.24105003144411785,0.4433908753613965,0.3645729215951918
0.3166364080739454,-0.16512049734592438,47.11078780371332,0.23254804996702205,0.44227231042601994,0.3647943635123328
0.3148835434022908,-0.16567960381507874,46.924676088149084,0.24873774475619334,0.4444337331482808,0.3661096216259953
0.31520093969492224,-0.16625098884105682,46.976662681774975,0.2876672522073564,0.45027318811843464,0.3663989445085798
0.31488552640531325,-0.16515974700450897,47.13010041521181,0.25654729653780056,0.44633701931936276,0.36605791070574556
0.32120723607622736,-0.1667783111333847,46.854921220786714,0.12197445350181536,0.43498276273221037,0.36603106574940747
0.3177260191452279,-0.1671469658613205,46.76517882798337,0.1660651702801541,0.43707752328506516,0.36518414658973025
0.3198018287742447,-0.16719797253608704,46.94059052426494,0.20902525966265206,0.4410168381453391,0.3655625297663952
0.322131793577716,-0.1671859622001648,46.839281445548025,0.2025137422698341,0.4402789679017406,0.3658019798918931
0.31756426547027494,-0.16713953018188477,46.6011496634595,0.16127166411622185,0.4365371259184643,0.36582906327044884
0.3124187889192986,-0.1654268205165863,46.71338630975918,0.21664707180217121,0.44056189575127064,0.36486963629182734
0.31023012211513856,-0.1686801165342331,44.084459263950464,0.2276807174293939,0.43979624063943035,0.3607309801971342
0.3117177220554777,-0.16854989528656006,44.706090552711565,0.23958616365386462,0.43924203562895087,0.3590084808494599
0.31458350426870707,-0.16870388388633728,45.2326233248332,0.30697764869091715,0.44376464334612187,0.3577590304556905
0.3168541948272901,-0.17166569828987122,45.41767037300434,0.33152054030184125,0.4453154818404789,0.35639282302037156
0.32055248465999137,-0.17145158350467682,46.34094242073326,0.406077983486512,0.45680227364371745,0.3537869212415554
0.3170640853770152,-0.1709488481283188,46.53791695029619,0.4362711595662171,0.4597516932659859,0.3530972266304228
0.315557908217674,-0.17111258208751678,46.67123936011122,0.4792775992352286,0.46687112347351234,0.3510790342744809
0.3148370172456691,-0.16775837540626526,47.21757991579017,0.4445684201996645,0.4531901558777557,0.3454640331288249
0.3166382575499093,-0.16451534628868103,48.08117623352647,0.3927870865018872,0.4291023004860948,0.32698354265058904
0.31662718101490267,-0.1642848551273346,48.09078374531322,0.35022707803309755,0.4219288434543732,0.32540244236072846
0.3176645225953099,-0.16410882771015167,48.1509807135426,0.3461814776272232,0.4207386356459212,0.3229474751866955
0.3099980895383684,-0.1583438515663147,49.08767523244433,0.3079463912798181,0.40751547389985965,0.3033808398408907
0.31061001012713374,-0.15802213549613953,49.1175758693062,0.31135072981539297,0.406371200563023,0.2960554826696283
0.31134936937957336,-0.15794405341148376,49.12389657246553,0.28516087662241946,0.4000331553119058,0.29765689258127886
0.3113587799947675,-0.15853862464427948,49.02255626802259,0.3046359639397059,0.39536841304130577,0.2993869544943259
0.31273106739237877,-0.15773794054985046,49.16403410637037,0.31568376458237074,0.39412275558476934,0.2955741066547243
0.31287612197721126,-0.15674562752246857,49.341210829679405,0.3221687941002789,0.384583942135325,0.2843433836145727
0.31242678555157866,-0.1568496823310852,49.111956542559376,0.3016248890408961,0.37898741591141666,0.2815378978997332
0.31228044953460254,-0.15781134366989136,48.906151693095715,0.27981784060446047,0.3730702494897512,0.28225185573249495
0.3109948278684137,-0.1582602709531784,48.68301329653993,0.2919622453407933,0.37356610855000916,0.2820217907565316
0.31093797938324447,-0.15814732015132904,48.67184656801894,0.2768845698800663,0.3702585972107784,0.2796735455328236
0.3173518967740207,-0.1584569811820984,48.63389067592899,0.24859074959825656,0.3662319626359847,0.27777793253290395
0.31882814228549256,-0.15786564350128174,48.843750949130445,0.25443485312664926,0.36259367696415157,0.27392464035589725
0.3188665860964176,-0.15577693283557892,49.25343864871971,0.2477134809741644,0.35790948931781214,0.2689199164607692
0.32327355763838034,-0.15635019540786743,49.30153796299458,0.24487763533482343,0.35626473458058916,0.26902181795305935
0.3233984295922794,-0.1576118767261505,48.97752220629572,0.2368947848696029,0.3532972516547812,0.27021985120815084
0.32343874614706963,-0.15515197813510895,49.40105496141962,0.1480261379589624,0.3430006173060577,0.265402413037301
0.324526943872258,-0.15520596504211426,49.424384648610584,0.12070558356118652,0.3353941912269173,0.2603877885056918
0.3265061862047231,-0.1564001441001892,49.2614069824079,0.08389125097405042,0.3322434551496566,0.2625986889973054
0.32618590784793816,-0.15937447547912598,48.5054313145413,0.09341063037779625,0.3308568144778659,0.26449731066492815
0.3260986854286914,-0.1602202206850052,48.35743021920853,0.0883914070481436,0.32834173746996614,0.2654934453511378
0.33486414391999997,-0.16066183149814606,48.12621444662124,-0.05587033156917204,0.3260618520724356,0.2673872365853605
0.33406106372739564,-0.16044887900352478,48.04238377715727,-0.045333528785421524,0.32339419242262263,0.2669668055231168
0.33612135637843044,-0.16113606095314026,47.96423320346116,-0.03300771315500322,0.3233811116426713,0.267224767002066
0.33440146652070385,-0.16348668932914734,47.54921770590744,-0.004358717527533791,0.3234923702138868,0.268461406201899
0.33558197443522436,-0.16343872249126434,47.568352922928895,-0.04274351595901117,0.3233104895286314,0.26804398338876184
0.3347856319866204,-0.1655607372522354,47.07247042347254,-0.043980923966376845,0.3232978722307202,0.2684666437950305
0.33609303241746,-0.166683167219162,46.76066644920092,-0.05299458370776544,0.32409565805869767,0.26912526304276074
0.3366890173090789,-0.16672876477241516,46.734256870301174,-0.03666253944678714,0.325371047784203,0.27024096577233603
0.335485704064779,-0.16654236614704132,46.82934097830574,-0.027925379783120523,0.32682674848650506,0.27056024417845664
0.3354436339252822,-0.16653841733932495,46.85015838534316,-0.02080210341357192,0.32923963333766965,0.27116290802841275
0.3357599552348498,-0.16567929089069366,47.310570849727505,0.11517905790433129,0.3321553599127416,0.27114419434148523
0.3343146128509085,-0.16547171771526337,47.53981847783972,0.13094130291278513,0.3331022562648835,0.27209581481448974
0.33367147772014594,-0.16486471891403198,47.81772884561181,0.16616931467911233,0.3346077830003862,0.27181337745918904
0.3334844383164884,-0.16521252691745758,47.86152077441315,0.21579115816775724,0.3392550206465676,0.2719703401725585
0.3329858786719364,-0.16589362919330597,47.71056206302003,0.28426161231940206,0.3446417246462007,0.2720375381842225
0.33237747086407204,-0.16619573533535004,47.84997187481564,0.40103229057860673,0.3542152217348609,0.2731290642802287
0.33054153301695294,-0.16655299067497253,47.91981257745504,0.3830383858262747,0.34888585252728704,0.2736850351103417
0.32550272372154204,-0.1669073849916458,47.930569535882704,0.45902315650882713,0.3561002414898267,0.2738906094877006
0.32213914247715414,-0.16548077762126923,48.78454875709016,0.5329583845755597,0.36652640579916207,0.2726885728669957
0.32143991639923836,-0.16643592715263367,48.6331745890329,0.5311228255533524,0.3622170076248809,0.2712189963219255
0.31833041066512713,-0.16510486602783203,49.28614392239415,0.8052591749997083,0.4417728228979551,0.269945405095721
0.30577717009724903,-0.16800758242607117,48.85187628992556,0.9411783759729446,0.5057666048718011,0.26932626647201513
0.2751472914768011,-0.16815617680549622,46.711762261890314,1.0124515730935335,0.5370465058203099,0.267038031887931
0.2408832485578052,-0.17196528613567352,44.387556952243486,1.0564549137530133,0.5517344308968933,0.26774254808223874
0.22991036689121622,-0.17346405982971191,44.13143169760837,1.0617517831815326,0.5424609655046126,0.26775654678665517
0.22750531919676636,-0.17582546174526215,43.277440833762064,1.0850023960657693,0.5461257545594835,0.2690260232051065
0.21199598011661036,-0.17625875771045685,43.22185236652759,1.1066508027794857,0.5583199952994707,0.2695374484119892
0.21280480353378423,-0.1767992079257965,43.558438733523474,1.1178028287623951,0.5584031707181396,0.26958360966285005
0.18811999101009327,-0.1720898151397705,43.239559168831235,1.288378144662699,0.7278877921875934,0.26659998733048756
0.18072670814510639,-0.17033985257148743,43.75764088357486,1.3173115126625479,0.7484353794654179,0.26737879295970246
0.15306128342773465,-0.16991855204105377,43.03086058350742,1.375397559067771,0.8306820831869396,0.2695582966679457
0.14597726006848832,-0.16937625408172607,43.34590692142238,1.381414898782108,0.8346449603564388,0.2709523377579028
0.13005345965263856,-0.16536997258663177,45.98427551695188,1.4033437523506591,0.8005858693967559,0.27376865904434744
0.1295079429210201,-0.1635875552892685,46.08620978415348,1.402919322396726,0.7764640931502234,0.27365551438995983
0.113379152507788,-0.1621873527765274,47.4414055100681,1.4143862306133166,0.7737056356422101,0.2762174873131431
0.10194810436297932,-0.16075630486011505,48.531477160905254,1.451521261597326,0.8177015810874375,0.27541161615753423
0.09706075924347196,-0.1584380716085434,49.139593449486,1.4699540153486754,0.8149442716369919,0.2741778119487428
0.10338309078503423,-0.1541001796722412,49.52311321628157,1.4435703818456018,0.761932759844868,0.2748053663185932
0.10763252610303002,-0.15113580226898193,50.370176295144844,1.4386701117066718,0.7337295535777097,0.27450386090717904
0.11014102742496988,-0.1504906564950943,50.33794938657309,1.4351765412625523,0.7410544291076726,0.27533347615319587
0.10851581914328831,-0.14990505576133728,50.44244706828078,1.4295814286536055,0.7418244462736484,0.27709519010388106
0.10495720348339509,-0.1470107138156891,51.27697454279177,1.435461238244928,0.7358723390012858,0.27517349175836103
0.07553807064346756,-0.1512124091386795,49.70385882630386,1.5191024951666785,0.7696450017302958,0.2736282162365208
0.07298812150791462,-0.15053333342075348,49.884339485472616,1.510282710323557,0.7578573743661094,0.2705177574117129
0.05625013212905449,-0.14539799094200134,51.122294828088556,1.5577250906165174,0.7701514439827482,0.25743640067587265
0.056294752738398096,-0.14462226629257202,51.579935254558755,1.5573647761104925,0.7332167354643319,0.256644813328364
0.05952313654545581,-0.14738474786281586,51.27746467126619,1.5365563773061985,0.7529344241801625,0.2628396787317083
0.059727946994481765,-0.1441890001296997,52.003832259691,1.5502854996890416,0.7373810473080409,0.26036721417455455
0.06861115444596337,-0.14521819353103638,51.808468947713656,1.5443700318244433,0.7336281908518706,0.25987670441438837
0.07793491787365449,-0.1455770581960678,52.00523976696219,1.5389878805969803,0.6785464634841627,0.258567184075555
0.07761795213989914,-0.14711391925811768,51.93390824070947,1.5380780119492794,0.6859814421230452,0.2591024072019621
0.07772886489221911,-0.14726875722408295,52.04035639326914,1.5313826354067996,0.6893940164829361,0.26130933471882806
0.08912557663140872,-0.1461355984210968,52.81446467663928,1.5067145798676305,0.6487511136559818,0.26235600750031235
0.09359124290542167,-0.1464473456144333,52.56481798447593,1.4821851452222616,0.6370359287813689,0.2653281258552818
0.09216252342190508,-0.1438654512166977,53.715870245354346,1.4796851352800762,0.6429828404951987,0.26840670614345824
0.09121374126805955,-0.1402050107717514,54.272742441638144,1.4799644845537399,0.6929234459321564,0.2679476085725766
0.09788209525379375,-0.14163854718208313,53.53996171072087,1.4663162541709027,0.7498194297850751,0.2738139445359123
0.10763091761739471,-0.14358395338058472,52.53043028245067,1.4382469371460025,0.7612146077372643,0.27730126199505917
0.11585273079496303,-0.1455458402633667,51.30093633607982,1.4182134041428787,0.77382568378774,0.27666027723091846
0.11794633221063414,-0.14931221306324005,50.30806741796392,1.4116836570888198,0.8001794547020852,0.2778020925629714
0.14286796417452596,-0.15476830303668976,48.32434120496321,1.3743917417561475,0.8150006127669547,0.2753165656228237
0.16032645570027035,-0.15570253133773804,47.942216978199504,1.3489843437950753,0.812273162935618,0.2720453165734361
0.18418229459719784,-0.16157467663288116,45.974177439508594,1.3076563440108664,0.7753268058878411,0.2697619562792404
0.19884945552937353,-0.16595403850078583,45.03580181511898,1.2788187628804504,0.7439202307446856,0.2674592702387113
0.19726517636000496,-0.17045611143112183,43.1931245647105,1.240117965335402,0.7002643157158757,0.2705301237240394
0.20604592920556855,-0.17481432855129242,42.31625321878711,1.1384110855371639,0.5702298076669381,0.26952307325110875
0.20223923969796134,-0.17741659283638,41.49228569973577,1.1204911518468816,0.5659640643714884,0.26928293733262687
0.21850777208032485,-0.17736312747001648,42.97088850106499,1.0333778168197985,0.5059288013226347,0.267850678047028
0.22676683220577865,-0.1791519820690155,41.91111015289407,1.02194730400046,0.5102331037719733,0.267345624892439
0.22902852164291357,-0.1806340366601944,41.123237223862944,0.9648049060545005,0.4826698484017592,0.26689635196175715
0.2292108264016427,-0.1804511696100235,41.48453500447944,0.9773260796371631,0.4907396575001921,0.2682670734556317
0.23530074242198099,-0.17991065979003906,42.34251925309611,0.9390929777097647,0.47681888557770497,0.2679865071735773
0.24295669418328317,-0.17994379997253418,42.7572634558995,0.8548191233847717,0.43755811508177905,0.2686746826219454
0.2656837235055732,-0.1792684942483902,44.437335742747685,0.8611923804566123,0.44992492268405376,0.26804443178267073
0.28412245009481096,-0.17529618740081787,46.20565197124673,0.8788609717719978,0.45984683605102644,0.2654974558157869
0.3014572919922918,-0.17244933545589447,47.13534461480005,0.7958466256584176,0.42646299951904787,0.2662210486092452
0.3047490043422213,-0.17125214636325836,47.51572656428172,0.6699411828867183,0.38858807429567976,0.26863560436880474
0.30956005813342796,-0.17209431529045105,46.81341108782754,0.466936315548713,0.3438827224343077,0.2706794057482859
0.3188037551982281,-0.17036019265651703,47.33946958918868,0.44440547529795704,0.34555610659882974,0.2710291952997863
0.3241344653730692,-0.16933146119117737,47.3799737873747,0.34198115860408856,0.3364880899802206,0.27238191072328144
0.33251558681106724,-0.1682858169078827,46.873511623522134,0.12042093542391531,0.32620943204428493,0.2743730478814094
0.3316375128673436,-0.16742876172065735,47.2039016416017,0.16731194147078618,0.32933298405585465,0.27415852355319176
0.33030977647386117,-0.1679123491048813,47.59941824657322,0.16911006779339563,0.3351627544562766,0.2756109731530125
0.32951440744301447,-0.16712938249111176,47.60453392757994,0.09785855299256145,0.33420764109592754,0.27534295666132885
0.3298803821455895,-0.1654186248779297,47.365566650779954,0.010703443177158344,0.3326284335401686,0.27466563162286983
0.32955777042927786,-0.16501840949058533,47.63278243889107,-0.017432325177038306,0.33275582396752473,0.27514255475306093
0.33235236036839344,-0.16449609398841858,47.915541691023655,-0.02859254517136276,0.33041708467274195,0.2754604588007964
0.33206266286462055,-0.1634228527545929,48.00008564419254,-0.03285355265357598,0.3249798355998504,0.2746943163512343
0.33434510938317824,-0.1628425568342209,47.684257250165686,-0.21641483175448592,0.3267156103951337,0.2714043597929044
0.3351600227850798,-0.1636117696762085,47.41172058613156,-0.2513057414120693,0.3226442213721622,0.271516089867384
0.3353124926118584,-0.16496312618255615,47.62129085796753,-0.24980837574532863,0.3195432505374373,0.2720322160496535
0.33560865632406267,-0.16603629291057587,46.80878382821324,-0.5362095246884412,0.3573159010423627,0.2732178761302401
0.334678754722404,-0.166420117020607,45.71957963357803,-0.5725635972327903,0.3656710969218888,0.2733476287079263
0.3309672591290814,-0.1658383160829544,43.37593282046387,-0.590780548488401,0.3657166660200067,0.27421221759549236
0.3298778503608575,-0.16473664343357086,43.68255729506353,-0.5919940736497626,0.3580683730230672,0.273133945129249
0.3263416122701694,-0.1642201542854309,43.814707584305395,-0.8262621851453054,0.4154025968362155,0.2750222907526345
0.32426732290974913,-0.16109050810337067,43.8911000155657,-0.9108211122560329,0.449336753042235,0.2726327433285549
0.3034337790170646,-0.15994955599308014,42.4898212287346,-1.0550667383715457,0.5380396920869848,0.27228474078373754
0.29622238731338457,-0.15314088761806488,43.04836055030678,-1.0007734987102213,0.48620228240087915,0.26682485169665465
0.2878164731510494,-0.15330009162425995,41.81772382927384,-1.0040238649542588,0.4925983287065061,0.2675003765720493
0.2729267505045853,-0.14785227179527283,44.76549176103376,-1.1405111515231343,0.5969814402170319,0.26364254926280906
0.2547557867761933,-0.14628054201602936,45.05932263258271,-1.1943306210549827,0.6481497939224805,0.26356113185892893
0.25256227933589975,-0.14605212211608887,45.13470970467905,-1.182250354164147,0.619182845361136,0.2601342081389475
0.24233678014782434,-0.14572972059249878,45.236672173280446,-1.2352793581392487,0.6660752450186234,0.2571177910740417
0.2310229142796119,-0.14366714656352997,46.2691135153323,-1.2847613739179038,0.71687910642347,0.2548039573072608
0.2226593310995111,-0.14229287207126617,46.799981480066776,-1.2934051130869662,0.712621358259397,0.2503422824477718
0.20911912114172715,-0.1406431794166565,46.46699932248566,-1.3234238181812863,0.764221290724576,0.2501992860724429
0.20132640363231122,-0.1402115672826767,47.48137436145733,-1.3246180732585964,0.7267989892657838,0.2482209336128943
0.19511739359963226,-0.13617882132530212,49.55842304419044,-1.3336392703639848,0.7305477873102102,0.24490044833735455
0.16800982096505515,-0.13864503800868988,49.95302580098385,-1.3894618581687057,0.7780291474860818,0.24529539441059836
0.16737493996802094,-0.1407775729894638,49.322676866740515,-1.40164032013011,0.8157257527656612,0.24651994500971314
0.15884359021865843,-0.1448654681444168,49.5695441161682,-1.4117934423604297,0.8586388737954214,0.2487359139976308
0.1551802658653957,-0.14452065527439117,50.16538935416981,-1.4155125927637633,0.866414494186339,0.25045692414454845
0.15820183709639207,-0.15060482919216156,48.65581246786816,-1.4092044548767575,0.8308801888579059,0.24978719544635145
0.14815368706879253,-0.15131279826164246,48.75077442154408,-1.4240715059052365,0.8219399691688264,0.2509318106924894
0.12195454975592222,-0.1538453996181488,49.38607063562963,-1.4612696328438406,0.8170300225402535,0.2534139278525092
0.10863409442992557,-0.15363211929798126,49.82001095561937,-1.4714651391994644,0.8267589360710723,0.25472710263541354
0.11607990168359035,-0.15065176784992218,49.81523299046577,-1.4628978674077437,0.8475101560409233,0.2552310711668007
0.12104656785878304,-0.15071357786655426,49.59291316062508,-1.4571699924399693,0.8396690422785558,0.255384197320479
0.12246470433123284,-0.1499367505311966,49.75305215715177,-1.4542826907665507,0.8401829563011713,0.25473260556737326
0.12039349622260256,-0.13628754019737244,52.60923344429458,-1.4801968539906845,0.8605426875924543,0.25436322971584585
0.12354577436709886,-0.13371187448501587,52.63530765761727,-1.4817026291141973,0.8832009216750992,0.24771956702952547
0.10581858236822636,-0.12805944681167603,53.69296616245241,-1.498606157057915,0.8702539538278297,0.24501783692024376
0.1037128209049702,-0.12062543630599976,54.86810921787345,-1.49504056990587,0.8709968384278172,0.24470296485433793
0.11394710819328342,-0.12138427793979645,54.176450919764974,-1.4856248528968923,0.8799671035451386,0.241669027194618
0.11078651388793599,-0.12184756994247437,54.45930997324036,-1.4850693425616666,0.8634084865577112,0.24551934046852752
0.12218750082286164,-0.12362024188041687,54.36585513750966,-1.4691943266924286,0.8362604542005592,0.24496402129739084
0.1208984075049709,-0.11983166635036469,55.10354238985971,-1.4652673173922262,0.8394594087286426,0.24102093106145261
0.14126434708395624,-0.1313614398241043,52.80186954664553,-1.4422598760370833,0.8323976256596275,0.24187090571389014
0.14415310173690893,-0.1287897676229477,53.279021882860555,-1.424936119623174,0.8024407173963933,0.24520955479570866
0.15391391385901632,-0.13620680570602417,50.828200474255,-1.40507924961966,0.7747682313879279,0.24364540156500758
0.1791891718211831,-0.13698166608810425,49.787024148426134,-1.3618303986177875,0.7499142342371745,0.2444868050701525
0.18776831357067555,-0.13934661448001862,48.70434641534922,-1.3610182886206939,0.757793443643414,0.2429173537485296
0.2039385830971521,-0.140780970454216,47.95821539302381,-1.3374607777665013,0.7552685478121437,0.2453147250584134
0.22437125292310994,-0.14294737577438354,47.96381573867742,-1.2941395039749026,0.7053796890378865,0.24273642204843054
0.2374857805482159,-0.1426869034767151,48.29582032003503,-1.2674845607305119,0.6888830026608658,0.24308755744011937
0.24881397117558954,-0.14187829196453094,47.8477064885109,-1.2436325844468405,0.6823338602901412,0.24296188003138933
0.25727331813448473,-0.14175371825695038,47.72388850564226,-1.215404437416483,0.6421976020276082,0.24376379712652468
0.2749469690362089,-0.14208778738975525,46.74808780192551,-1.0952165031983254,0.5273639742242712,0.24293303252249374
0.2837714447659179,-0.14288155734539032,45.43487360632919,-1.041971893471333,0.498101067513541,0.24327020503799207
0.2962774703120322,-0.14768648147583008,43.34145006773043,-0.7119740226865093,0.35033117926170604,0.2452078650993326
0.3043124698594753,-0.14880266785621643,43.99765019010271,-0.6576031241173516,0.3433811745418381,0.24608392455689346
0.3120095978706762,-0.16307443380355835,42.99856605393227,-0.1781897886489942,0.29662818383489614,0.25320794546958003
0.3131959996465964,-0.16563591361045837,42.18700182652915,-0.3480166626287048,0.31741796060681937,0.2610618508302257
0.31032911101097393,-0.16649286448955536,42.41227560040518,-0.32483864809649926,0.3226940219661712,0.26249926961074793
0.3152005567283707,-0.16995272040367126,42.6999203114928,-0.22942940342833143,0.32066908133400235,0.2660653017511135
0.3181116949221047,-0.1722940355539322,42.8535804850764,-0.15278702021850948,0.31950095299518677,0.2698674340898486
0.3158716473532071,-0.17231371998786926,42.78276288298277,-0.11916070521087534,0.32378763277966893,0.2718382570544713
0.3171208329046392,-0.17221735417842865,44.07248216424834,0.005825150380701395,0.3263278222143122,0.2738840773311245
0.32034889822055534,-0.17240898311138153,45.07436514607771,0.061452988607345875,0.3311418680505083,0.27639247852901994
0.3271831350658955,-0.17125597596168518,45.87625151086437,0.07071411209660898,0.33199262687282466,0.2756373188858305
0.3274154707934197,-0.16956333816051483,46.27389893676049,0.03888926962377584,0.3301308259635494,0.27408371603645776
0.32936708162304273,-0.16668987274169922,47.43060585273339,0.08975469837100224,0.32995003993912975,0.27293716965098075
0.3303921322939876,-0.164322167634964,47.79048056975701,0.09738593905685551,0.33204861010244174,0.2719306417504047
0.3313194824570609,-0.16337420046329498,48.08820698323258,0.13120130424517112,0.3331819575258075,0.270149603668477
0.3323423205509835,-0.16373604536056519,48.02036087762042,0.14592845392426873,0.33539048681117695,0.27017268354035323
0.3312661574808429,-0.1640249639749527,47.78582518459288,0.1512177028318947,0.3321196980724832,0.26992665650952086
0.33131866236790497,-0.16293546557426453,47.97596357462583,0.14625669004105546,0.32894552943559896,0.267982672772663
0.3309829634283725,-0.1623641550540924,48.3783643278151,0.21387962756950185,0.3299717393774345,0.26477293643117955
0.3306629043226343,-0.16187243163585663,48.462300085535766,0.19224280049797854,0.3260548850655227,0.26206216370140806
0.33172987723005054,-0.16130422055721283,48.35580515561198,0.1905023977726454,0.3246184955707258,0.2579720824683532
0.33167614362502207,-0.16131611168384552,48.35327027207569,0.19466233763974194,0.32443605473034787,0.2575568750618641
0.33214667423046335,-0.16157621145248413,48.35800730033601,0.17592093888814658,0.32332393616476945,0.25717614608360867
0.33231155649100236,-0.16060559451580048,48.657136050307095,0.16796226706933637,0.32013462864443915,0.2512915467309535
0.33294964565599927,-0.16060695052146912,48.7546108064218,0.1091649862203667,0.3149109433225352,0.2440990277786549
0.3316685373913821,-0.1618829071521759,48.49563314742854,0.11246662666983025,0.3124843074965936,0.24674257693130458
0.33269344985152266,-0.1627626270055771,48.02737140902999,0.04947354388665416,0.3099541653195792,0.24731564965550837
0.3323387191627231,-0.16297657787799835,47.803978973158976,0.043457468744658445,0.3081800222985165,0.2468997814804342
0.3303277160182138,-0.16081885993480682,48.16195999601114,0.044702965830211924,0.3046567844525124,0.23713739419098878
0.3307262625336069,-0.159551203250885,48.395429243599665,0.022428599854866452,0.30179915623144754,0.23470288116586038
0.3292775892022356,-0.1584196388721466,48.61949495492472,0.0129047132818566,0.2994172711511804,0.22972902111075608
0.32760046898434386,-0.15839159488677979,48.43829951110086,0.014840771468181703,0.2951840270593043,0.22882739151659656
0.32922901644386465,-0.15803587436676025,48.45169008943436,-0.030386191551470952,0.2945206290679137,0.22635876284045575
0.33100106580085015,-0.157750204205513,48.69332090756315,-0.04638025323410863,0.29412242080827233,0.22799307433787136
0.33049448615450056,-0.15768727660179138,48.56214153998727,-0.054474872096550706,0.29123864671089805,0.22535937373084827
0.3313629218154075,-0.15693606436252594,48.796303029632625,0.009006909070340328,0.28774533822929566,0.21902781717333403
0.33481653845512743,-0.15726712346076965,48.821254160578654,-0.04349816124713847,0.28633802974088174,0.22048205197477064
0.33805836395910965,-0.1578391194343567,48.88424750104192,-0.06508488401467925,0.28320925299410543,0.22296836066013345
0.3381548670341254,-0.15784651041030884,48.9120212765525,-0.05847867531979027,0.2816113239264732,0.22422514221535872
0.3379225635603103,-0.156630277633667,49.148090277309024,-0.03731810015731149,0.2746861194316083,0.2184014316938744
0.33937837218228145,-0.15659818053245544,49.167453820581265,-0.07621993133503188,0.2745950529873939,0.213999029307521
0.3398227313283477,-0.15678398311138153,48.92738413574462,-0.11025112239135942,0.2735425547729472,0.21536908348358177
0.33926125782612765,-0.1569632887840271,48.82481463526319,-0.11020224482787717,0.27120151519970115,0.2159963600280939
0.33977392066167283,-0.1572222113609314,48.80414640029855,-0.09465353396636987,0.2703570306533881,0.216733137199837
0.33920227532492325,-0.15795335173606873,48.59994566723673,-0.0791078081888535,0.2696793064796758,0.21734259923955282
0.3392325469974412,-0.1585536003112793,48.42921167410561,-0.0780599307942946,0.26931608072218244,0.21792114016162267
0.3394554096237581,-0.15915429592132568,48.30726224087996,-0.06235109763311061,0.26855305169507326,0.2180462016495474
0.33949738514999817,-0.1602810174226761,48.17012181681736,0.061896173143227,0.26611336144511377,0.21708441139740303
0.33958492230189813,-0.16139936447143555,47.86174789349279,0.02556792566768094,0.26578022370192517,0.21881291966619681
0.34011521599673017,-0.16181479394435883,47.75394843076191,0.004601586044363836,0.26549378936572077,0.217738814822016
0.340923558891145,-0.16181088984012604,47.631161284960676,-0.013172202780795516,0.2652651432160855,0.21706926155562897
0.34058940428027257,-0.16094473004341125,48.03858128409222,0.02447418059699892,0.2639850668629896,0.21225127728157067
0.34202203193358344,-0.16076037287712097,48.078062639685974,0.0257471046537312,0.2640460139402037,0.21096557317652748
0.34209851835173305,-0.1594088077545166,48.32742072942311,0.018099297550248895,0.2626035166253725,0.20850893016750896
0.34171467018298773,-0.15804460644721985,48.628574726799094,0.01924029397017374,0.260854262655626,0.2054757712376896
0.33949097944370066,-0.15697912871837616,48.830808650044276,0.040347979348582204,0.25488990253372396,0.1985496299840802
0.3387470749948561,-0.15653486549854279,48.81524448427519,0.02192981632387028,0.2518828563246618,0.19396611285924847
0.33719933896650683,-0.15547733008861542,49.02273914976338,0.03134865688994559,0.2512816993237393,0.19225300760614886
0.3377452875261891,-0.15705566108226776,48.95122996153881,0.10857832116798014,0.25368349775682075,0.1952853823537695
0.3364592316351071,-0.15615229308605194,49.29844343305311,0.14894955794858247,0.254783206470853,0.19748947438576792
0.33603934824085907,-0.1564171314239502,49.336928422153676,0.1733146122324983,0.25369963078056373,0.19836642029039747
0.33509342908394574,-0.15605759620666504,49.536416813832815,0.18556975062132108,0.2536358048569726,0.19839993809665407
0.3344743873582528,-0.15671321749687195,49.73592409995973,0.22172388226200776,0.2534494554663592,0.1980295175307894
0.33471474252042693,-0.15699899196624756,49.7208822802159,0.2233876713415714,0.25233847667856035,0.19871863215115615
0.3347782140641538,-0.159714475274086,49.19962651947013,0.22366474851689833,0.25054791386503505,0.19955485679253793
0.3347828814429142,-0.15830430388450623,49.606323762788115,0.2983275567230687,0.2536244292321873,0.19774455624771042
0.3344644112411856,-0.15801286697387695,50.00479524544538,0.3500087131195222,0.2551909249675944,0.19785635698461335
0.3300596877371478,-0.1571003496646881,50.87533271399906,0.5356200177280193,0.27431074139390516,0.1967823671950113
0.3275370575200042,-0.15680140256881714,50.929514306706984,0.5916754911833608,0.2787324195703879,0.1960060280618356
0.32463738795246394,-0.15493328869342804,51.46370129225874,0.6891774444992196,0.2957945574250522,0.1927093487288415
0.32296805075373203,-0.1575825810432434,49.98272389328579,0.8161011113803914,0.3236344312563919,0.1926703421911054
0.3138846879538936,-0.15856625139713287,49.75094549356372,0.9360530537670942,0.36826087122305984,0.1935000976779984
0.3028768840650633,-0.16120478510856628,48.8012792547164,1.0765150639727228,0.4464023894149916,0.19437193943990805
0.28969909304710756,-0.1616871953010559,48.30818733722731,1.1075908596696216,0.4605059127269206,0.1962696429079993
0.2739637704042052,-0.16531670093536377,46.89905635066465,1.099476886652333,0.44364242100935497,0.1976774543190923
0.2662386735045813,-0.16799546778202057,46.53420722010986,1.1608439281374838,0.4920823311940944,0.19897347986464378
0.26026337931915133,-0.16941966116428375,46.142752320628034,1.1750557559069614,0.4966215868973972,0.1992999484713054
0.25772770398736955,-0.16912497580051422,46.31165274263854,1.1860746596153398,0.4984796395528028,0.19877241108877325
0.24889868151547956,-0.17067746818065643,45.74077608599713,1.2292531750871405,0.5375843493190228,0.19914988733246197
0.24117221128855557,-0.17064274847507477,45.59979700220191,1.230374214865139,0.526393188014108,0.19962115475670578
0.23915784172141713,-0.17048849165439606,45.512538237660785,1.2352352457575906,0.5261673031749972,0.20009857871472805
0.23111712813311774,-0.1709412932395935,44.930130173183684,1.272131214890037,0.5661900127930234,0.20149235852359956
0.20513241203669647,-0.1776416003704071,42.884007734055125,1.3029869797284102,0.6024351052434611,0.20298270504267252
0.1968080098856477,-0.17745472490787506,42.67722089653354,1.3208882387532064,0.6188029476736715,0.20397467813971473
0.17987622023378982,-0.17790941894054413,42.98225833619602,1.3428898583482998,0.6248263569724241,0.20435742369858995
0.15960652906635447,-0.17833825945854187,41.97940701429342,1.3750642799681223,0.644285891340665,0.20520663762817418
0.1271924032031367,-0.17653146386146545,42.63944642553791,1.4183108094586576,0.6479106940610954,0.20544131393884568
0.11256604535392574,-0.1747974157333374,41.62707286716159,1.4446733050143974,0.6658314686352403,0.2075840624788203
0.07664207038036105,-0.17385700345039368,42.25687237256447,1.488793315691222,0.7054509606391018,0.2076790465297461
0.03992986375573172,-0.1682908684015274,43.9539835580975,1.5508652459040295,0.716097977039465,0.20685186732833158
0.05855764736047845,-0.1690727323293686,43.657745668025356,1.5221106987593076,0.7139363944098434,0.20409699789727562
0.06330177520745957,-0.16852863132953644,43.73883880789153,1.5140931771140012,0.7077155614840752,0.202377898413712
0.07028881557161268,-0.16852088272571564,43.573652275046015,1.502530659712748,0.7090831370665222,0.20082140348420408
0.06575609299374398,-0.1684347540140152,44.33895284835688,1.5028461422162456,0.6900582418685598,0.20027653622136452
0.0747920973047789,-0.169385626912117,44.54876282075943,1.4869463488636236,0.6608737048476885,0.2021227924932182
0.07399521545277726,-0.16926315426826477,44.36184721403945,1.4868241110463847,0.659645957609234,0.20264657505754133
0.07543985728221768,-0.1686808466911316,44.2474789849711,1.487864320564916,0.6587806310111531,0.20302966629141217
0.0696259290395099,-0.16840995848178864,43.83451791114695,1.4947105927463207,0.6720270366795804,0.2024390432419406
0.07463576476045185,-0.16761504113674164,44.3400214764932,1.4861209853574004,0.6724876630239217,0.20274929047028503
0.057497538739662325,-0.16498281061649323,44.92572064750974,1.5200345529087698,0.656990824915991,0.20017504661268212
0.0543419487477194,-0.1642249971628189,45.03182348561452,1.5287424583548321,0.6616039834283767,0.1985064062184249
0.052332896887047294,-0.16358372569084167,45.17982561615655,1.525889701527176,0.6628758929238557,0.19861435756879112
0.04831303906795294,-0.16366912424564362,45.286299949900005,1.5322387655162961,0.6559017619219265,0.1979546684083549
0.04490204814558062,-0.16235317289829254,45.35621339561185,1.5351726937643269,0.662400138243081,0.19679471620625447
0.04221944519415522,-0.16117511689662933,45.36854234338044,1.5266021763600357,0.6375579542777722,0.1970672355196053
0.041059963302758046,-0.16171391308307648,45.24906574501894,1.5384171917409828,0.6637397597691279,0.1963288190571531
0.04241161144120855,-0.16209879517555237,45.07119903430314,1.5381801645500754,0.6673892870364792,0.19628171409580647
0.05066964833746212,-0.16294412314891815,44.53367980814877,1.521678101401926,0.6958368746493616,0.19839512412120752
0.05260222572556321,-0.1629149615764618,44.57568757267174,1.517454837379626,0.6796805885933089,0.19987633308045508
0.05196296363224141,-0.16262947022914886,44.87223969353458,1.5178196446569636,0.6792635549063479,0.20088448937333592
0.05699609155427018,-0.16249942779541016,44.943614093578134,1.5063538249977244,0.6608378792124009,0.2008894665200549
0.058742585365474324,-0.16360057890415192,44.66719023176555,1.5010709652343117,0.6653699834473447,0.20110982695280577
0.06126093761067266,-0.16298292577266693,44.713697582878034,1.4998007447855128,0.6632350177896664,0.2009478577425973
0.06970934570072691,-0.1630890816450119,45.00315801168428,1.4818897358326033,0.6676492713953545,0.20076927278621973
0.06884009469511444,-0.1631178855895996,44.31348019863016,1.4823154490017934,0.6622831653984141,0.1994621112355955
0.06370954191929952,-0.1631353199481964,44.396482306635136,1.4949506569291864,0.6718359780127514,0.19955391602191894
0.06354800703317508,-0.16425709426403046,44.3686168191928,1.4985668748711225,0.7032968978985034,0.2000290394760679
0.08331469910921589,-0.1649840772151947,43.37273754832477,1.4767319297523138,0.6842074770964394,0.201684357060829
0.08382943985178264,-0.1665828675031662,43.1980121292278,1.478082803612227,0.6858350100339438,0.2016868209692853
0.10541139266370499,-0.16672827303409576,42.30470456704293,1.427151586080352,0.6529950122872011,0.20084992427092666
0.14212773200663129,-0.16650700569152832,44.7593879213485,1.3957626651486437,0.6300327885652145,0.19794369980487087
0.1636224309949886,-0.17042720317840576,42.76443362705529,1.361356948956287,0.617960222656706,0.19809669843966485
0.18976646334536262,-0.17070072889328003,43.93124409971633,1.3176274606915024,0.6018879436070006,0.1981934638649604
0.20163364662435304,-0.1710239052772522,44.56881321944769,1.2980972246398754,0.5867739917905823,0.19904697998414697
0.22260773376472678,-0.17116983234882355,44.52149361391058,1.2537750857092198,0.5533973048611756,0.1988062679391955
0.22334707261446754,-0.17356474697589874,43.260336179296324,1.206337812073508,0.5115505480005509,0.19918642291535832
0.2290058014188764,-0.17419759929180145,42.81952522954847,1.1676814614999274,0.47739138446371016,0.19839854993345105
0.24688928151445497,-0.1739446222782135,43.927178109606615,1.1569123583264245,0.48242480168565754,0.19694165618097625
0.26046042289314775,-0.17328859865665436,44.99872574636591,1.1328409481466006,0.46982578013746196,0.19592859671827603
0.266796612328172,-0.17317688465118408,45.49624504807219,1.0409451037416124,0.40787385043698715,0.19517307084759297
0.2766856242343388,-0.17255601286888123,46.124259771439625,0.9654043714453259,0.37204885974478713,0.1956294824192461
0.28393513805439574,-0.17126630246639252,46.655020572771036,0.887136798797431,0.34415407526583486,0.19634407128254205
0.29708839551186234,-0.16827403008937836,47.75691494987974,0.7177431881628323,0.2940568420820198,0.19684024240624734
0.3126807980738813,-0.16784599423408508,47.58706395876795,0.5147244944355492,0.2608917434746782,0.19686119876897848
0.3222366733810207,-0.16833534836769104,47.49858081716952,0.3373352794126369,0.2530165947874894,0.19778768180973058
0.3300156498323229,-0.17322441935539246,46.10400086689806,0.2207452636240739,0.25128964019557465,0.19965894371339696
0.33361187764565825,-0.17053252458572388,46.5822167130416,0.14499959398274007,0.24682784245808154,0.20057227110075032
0.3352237351456039,-0.16909179091453552,46.840532977781216,0.16034073211195013,0.24891049575427743,0.20183465620869223
0.3357075610109846,-0.16773268580436707,47.134566284044055,0.10543236104183278,0.24795699373123078,0.2031638650969966
0.3347728996759542,-0.16588565707206726,47.511860973599646,0.15209223479577222,0.25066480274194686,0.20385668560127507
0.3359512165485129,-0.16599950194358826,47.33558620752985,0.11045501821513183,0.25217839684627774,0.2057490327603274
0.34240550997260016,-0.16273252665996552,48.24099374071871,0.1641142672015052,0.2547097573044939,0.20582436002197754
0.34157200924643905,-0.16177859902381897,48.31263626975211,0.027904982494697275,0.2521880102292865,0.20645073610760947
0.34199601250191597,-0.16180889308452606,48.20655320985542,-0.048136797763958565,0.2507794396564637,0.20691743667932022
0.34168549011730664,-0.15950842201709747,49.02481568540302,-0.08017894381395811,0.24891151211988,0.20662852867612147
0.34126413852353,-0.15869063138961792,49.009269005207074,-0.0995586727253693,0.24790156856085635,0.2063801518484676
0.3417297884527767,-0.15640540421009064,49.37347443924502,-0.10413122529253001,0.24735944957314127,0.20559477026881562
0.342643582909583,-0.15648497641086578,49.4802478609981,-0.15557380975860213,0.2475178937016795,0.20296436341940186
0.3427936709745752,-0.1567813903093338,49.312221148037715,-0.13362567700908404,0.2435964258797729,0.20257607449630458
0.34317596268020095,-0.1578882783651352,49.31798607563987,-0.2793790585166616,0.24774098667013247,0.20159380263736912
0.34308727629291014,-0.1584635227918625,49.060980448679494,-0.381384193641953,0.25269507890431975,0.20104517640777161
0.34305612456072593,-0.15933766961097717,48.86907831977002,-0.417899771660722,0.2515460035765769,0.1995696088687076
0.3431959015427335,-0.16462171077728271,47.93438206001307,-0.41370422695920334,0.2476156586758865,0.200416324965972
0.3427331127843019,-0.1662721335887909,47.31674499223832,-0.6511943866444646,0.2808398615982848,0.1990121783073714
0.3390366470652109,-0.167683407664299,45.33806256646843,-0.7757721620332716,0.30385024205887395,0.19885578234896392
0.3349067427123422,-0.1686105728149414,44.927863796384244,-0.893131832869047,0.3334870325477839,0.19938273224642114
0.32459620550672585,-0.1681685596704483,43.68954283651932,-0.9838169254348561,0.36895716554954244,0.2002439351443061
0.3136811671306467,-0.16176311671733856,42.7228651855045,-1.0248124464327406,0.3872000632700669,0.19942244294504174
0.3114311813238909,-0.1609039306640625,42.39701326894996,-1.019383393007369,0.3829760605552519,0.20119299849928488
0.31076089923022043,-0.16165313124656677,43.43850444305935,-1.0128336531076987,0.37204452248979075,0.20149553070782286
0.30430065390382843,-0.1601199507713318,45.06623346131592,-1.1100029035796937,0.43035669576648944,0.2002559637272627
0.29985807726053887,-0.16205646097660065,44.458711644687696,-1.1520007744186918,0.46097133674078167,0.2005080947563047
0.2940794274320496,-0.1605129837989807,45.72696660056602,-1.151375018541815,0.44881043612143123,0.1982301700200433
0.27681656768330754,-0.16029980778694153,45.01382019535916,-1.213193481423416,0.50528134439152,0.19874114059301765
0.23638879531871929,-0.1572403460741043,47.274491572646696,-1.3056782951435977,0.5583050623932571,0.19457719366755477
0.21843740979469325,-0.1545834094285965,47.86134643692234,-1.3496755177595126,0.6095031720095415,0.1953666733406983
0.20050939133334736,-0.1551581174135208,45.99411071980684,-1.3791253617341643,0.6519708747624815,0.1980228418515691
0.18316881498102972,-0.1549176722764969,45.52002780253984,-1.3886237176928586,0.6554651896797142,0.20013437552748392
0.16512762442718376,-0.1547296792268753,46.451122216095555,-1.4200009774545093,0.6893434581881765,0.19973566586529617
0.14677940655408525,-0.1541452258825302,47.00408197705579,-1.4360355968004928,0.7000463584153389,0.20034828734471996
0.13902815816018235,-0.1534164845943451,48.24943510957043,-1.4517414374435478,0.7006367730509789,0.20284641135226064
0.13510298217178096,-0.14939594268798828,49.564686457625044,-1.458067406969956,0.7104199204240486,0.20364206959516853
0.11745157023542831,-0.14876247942447662,50.04610390888491,-1.4733553530828947,0.7420631844080254,0.20408596524272432
0.10019333356380733,-0.14541305601596832,50.43683361810911,-1.483943612350034,0.75257677550211,0.20151854532957125
0.08223920723843299,-0.14315955340862274,51.241053475733686,-1.5011836024489513,0.7794132562046624,0.20159305127761648
0.08522322780368287,-0.14234702289104462,51.4413341165579,-1.502575755767464,0.7420945548130093,0.19892546317457566
0.07000781594704998,-0.14309579133987427,51.56075758650607,-1.5179895696458738,0.7240470006816062,0.19850267868855329
0.07858141799145521,-0.1515210121870041,48.92264368915848,-1.5143896315023158,0.7017199789482984,0.19652410856522742
0.0810070772508308,-0.15084035694599152,49.188644989456975,-1.518419828656857,0.7036041298468982,0.19599231600367267
0.0595100330061361,-0.15295788645744324,49.208363337188004,-1.5418890143609842,0.6830983102407246,0.19576342765938423
0.07549438474885566,-0.15307994186878204,49.24660053564224,-1.534993256235974,0.6862751510786521,0.1961151531441705
0.07093560424455504,-0.15263594686985016,49.17942060459305,-1.5436580429091948,0.7069960661211614,0.1978080188994305
0.07779726034537039,-0.1533188372850418,48.347284429055556,-1.541961875331954,0.6995984077615203,0.196850711039777
0.07280406215830743,-0.1618039458990097,46.65504761419141,-1.5420870605981283,0.6828194613417367,0.1949804490370433
0.07954195219255865,-0.16250072419643402,46.42440055276559,-1.5370986997840737,0.6826433776920784,0.19504378315099027
0.08031985548102832,-0.1654084175825119,45.72138069905567,-1.5358474059547553,0.6840241688261106,0.1965995929510996
0.08478339712891013,-0.16509318351745605,46.242410940709846,-1.5344584640095833,0.6809019759507741,0.195648463172346
0.08528500314117488,-0.16814863681793213,45.582234631737705,-1.5326379724967993,0.684374025501563,0.1957334128025897
0.08627355778469063,-0.16812381148338318,45.568884747390264,-1.5299769959509033,0.6784898794396287,0.19571534482448186
0.09384966119399824,-0.16719366610050201,45.747820345997916,-1.5192326909048466,0.6861329763592052,0.19585406090490662
0.11891585207150883,-0.16530147194862366,45.69085674369677,-1.4749459860427652,0.6901206200685945,0.1953256700010999
0.11994168244055105,-0.1638432741165161,46.72408602985117,-1.4739990819274364,0.6926111859665369,0.19622662826668932
0.131985592891974,-0.16480235755443573,46.40814488466337,-1.4612620359531,0.6967001413749606,0.1983785407279469
0.15145232025147193,-0.16177524626255035,46.141983381983025,-1.4414934492967957,0.6595252157293252,0.19652423815934003
0.15301097640930914,-0.1606980413198471,46.12631782512028,-1.4246156960884184,0.6672066282277399,0.1963337623786949
0.16779631354335603,-0.16129304468631744,45.77149724668267,-1.410972205780369,0.6582012778847101,0.19697823977949103
0.1934498930343201,-0.16060294210910797,46.01367744778995,-1.3771612457063442,0.6054770564075413,0.1958872991747498
0.21408707460441784,-0.16091620922088623,44.959752119167035,-1.3450664337992408,0.5804663513107916,0.19515141764080088
0.22575942068249008,-0.15891321003437042,44.80304211725939,-1.303961085172627,0.5373125722707056,0.19326102874558507
0.23696576405859288,-0.1595115214586258,43.35241790568136,-1.284024069989592,0.5381815814404909,0.19182353987818826
0.25425637487266983,-0.15993139147758484,43.75059401970942,-1.2383503031231624,0.48773520176960716,0.19039603291236573
0.2663555673702703,-0.15909084677696228,44.17049713866098,-1.1914500720598407,0.4560736988712304,0.1892469876955062
0.2767784216214679,-0.157943993806839,43.75085408556933,-1.1620342473616332,0.44922116213365676,0.18934486923373184
0.2949319572560792,-0.15985508263111115,43.27759504854991,-1.0803501358504166,0.3925523452466621,0.19034702010596516
0.3083619720509026,-0.15995630621910095,43.99078441154193,-1.0026462976400634,0.3585392980011029,0.18999404964015312
0.32480451788847164,-0.1632033884525299,45.24978941618014,-0.932874480733964,0.33329931291284054,0.18964384322864533
0.3248313453468529,-0.1638413667678833,44.042594090876044,-0.8834978033145815,0.3198604282461021,0.18964386880385084
0.3302212770433817,-0.16522763669490814,44.61991532887351,-0.6745980143320077,0.2707376178927582,0.19401841411962964
0.3316973665300018,-0.1661706566810608,44.50152821779227,-0.6144602737694153,0.26574301940710826,0.19598777097698536
0.33359225044150553,-0.16703693568706512,45.21348906964497,-0.5172877297262555,0.2550863098145107,0.19838224841129173
0.33688811257890616,-0.16614340245723724,46.010657175264924,-0.43072505254364846,0.2485532752832194,0.1991997656719577
0.3384903644516486,-0.16733865439891815,46.04265098596216,-0.3700741600132078,0.24526599998771084,0.20094306330734477
0.3397155535983867,-0.16790467500686646,46.235400078531896,-0.30299373136368113,0.24378232559857616,0.2015452071826621
0.34500961958026544,-0.16848799586296082,46.44430061818943,-0.27007131429163245,0.24641264235286217,0.20150791342558202
0.3481604008968483,-0.1675507128238678,46.36027049336308,-0.15487558900572634,0.24204036764224318,0.20157499290347475
0.34818330384912116,-0.16618739068508148,47.12810728787559,-0.16685219436771895,0.24697311669646704,0.2025723669982224
0.3491860281574253,-0.16781577467918396,46.44410048742249,-0.09136356978264214,0.24682547489739853,0.20442078471036526
0.3449806422742134,-0.16357307136058807,47.68170051015371,-0.04470070918988216,0.24623935081987994,0.2055079920939551
0.3446509204081349,-0.1636037677526474,47.49690608942189,-0.04360476164377667,0.24703301444444145,0.2055717645328255
0.34405125736049724,-0.16273681819438934,47.68927231267672,-0.04355962014518029,0.24784153485858498,0.2052596070403477
0.3441293200616829,-0.16278231143951416,47.63597008541031,-0.041332921109542724,0.24963887554199346,0.2068239298893785
0.3442049370759633,-0.16303303837776184,47.47246259246456,-0.021575994215918347,0.2508494815358137,0.20803090683333345
0.3439344131710864,-0.16373157501220703,47.31653479682541,-0.012003589189366693,0.2522710069084159,0.20898982375172134
0.34391276373238194,-0.16091769933700562,48.00378202739145,-0.03686682201521666,0.25170827290872455,0.2074828993248534
0.3438955961311223,-0.15866251289844513,48.57047496693433,-0.04496018834933185,0.2519659213992086,0.20587630028210213
0.33970130716067043,-0.15735572576522827,48.982260433826305,0.0006693421189181345,0.25163551419979846,0.20482437066237993
0.34015192143173845,-0.1571933925151825,48.99026865379511,-0.015442181963643026,0.2510808489470158,0.2043396199177115
0.3402061060430224,-0.15785343945026398,48.891782636440084,-0.02945362559110459,0.25051385023634365,0.20445391611914307
0.3402237748401996,-0.1569077968597412,49.14223787111221,-0.030771395353973843,0.2516546689283136,0.20402392434160072
0.3401848631723639,-0.1567174643278122,49.25662364141896,-0.021553641718174945,0.2517268733255867,0.20405281280808496
0.3404792672456525,-0.1566634178161621,49.285988394375984,-0.025223279499130162,0.2524798937853034,0.20372299250061454
0.3417004715209925,-0.15603365004062653,49.600223350294314,0.07352726340934958,0.2518303903844992,0.2018704942450493
0.3408567294668708,-0.15727022290229797,49.314472989506854,0.08555630284175551,0.25345899179294556,0.20275709416602464
0.3384970669951958,-0.1574930101633072,49.2014042986402,0.08680842312656586,0.25396258797441157,0.20383621505922397
0.3397048049399987,-0.15881147980690002,48.84832520501714,0.05854343420977578,0.25454587158594555,0.20495285181588832
0.3397090740678283,-0.15896755456924438,48.793304163269845,0.05469871758042387,0.25520972275975945,0.2061423071936699
0.33954545509828216,-0.15912090241909027,48.678793689658534,0.0632957630128764,0.2560257803012896,0.2068495176130078
0.33957445999238994,-0.159437358379364,48.435015062214944,-0.005575492910512211,0.25607345514491214,0.20690203968591497
0.339302210909285,-0.15923422574996948,48.46271919970864,-0.015863489684929,0.25628169450119664,0.20651497248315584
0.3392010169828491,-0.16065117716789246,48.290505830542216,0.0281294106245896,0.25676115217789325,0.20692976683744735
0.33894651152753186,-0.1600617915391922,48.45937859162077,0.06202091143860676,0.2572608890251717,0.2058991752330082
0.337628871825647,-0.15993082523345947,48.34316568832125,0.04778001384861128,0.2569403386414658,0.20561544234071627
0.33723957055303866,-0.15777432918548584,48.79927943394851,0.05227873279345796,0.2573733744064361,0.20258470222092503
0.3373252117981306,-0.15635167062282562,49.016529630352316,0.024876314126041923,0.25715943519052464,0.2006287051558232
0.33724059506788834,-0.1555357724428177,49.15003102249366,-0.0006790530637514414,0.25720173619225606,0.19870812887758324
0.33791437514335965,-0.15567930042743683,49.10872314445929,-0.012173715745745075,0.2576369650691182,0.19831048081876151
0.33818101180096793,-0.15542477369308472,49.157098221335694,-0.00934437102207882,0.2571724678261852,0.19872531054295325
0.3387477347345366,-0.15637461841106415,48.86847429801714,-0.03278600234889226,0.2579302996009952,0.2003372091890403
0.33901003909257665,-0.15674912929534912,48.85201141041142,-0.06192816185375792,0.2584736350166718,0.2009489356741897
0.3393618097454938,-0.1566912680864334,48.92989600900601,-0.04917882729977987,0.2586578078538465,0.20284090917304914
0.33955707834321985,-0.15637554228305817,49.0701638979438,-0.03687373366346768,0.25890886802230206,0.2036985811554648
0.34038502255400044,-0.15681339800357819,48.97042043583408,-0.04849058079981795,0.25984522898788076,0.20322495679927557
0.34002487291866895,-0.15647004544734955,49.031487377327544,-0.0356828751680289,0.25988955415065385,0.20310314697238868
0.3398103313186908,-0.15530897676944733,49.377302108690614,0.028253208841264126,0.2598795617142352,0.20255524091036034
0.3403971147534925,-0.15566983819007874,49.29399709170491,-0.011702930554260813,0.2605221681888775,0.20249892436789974
0.33856792723067103,-0.15345942974090576,49.775082668745675,0.04143479118001915,0.26078975988292064,0.20069257033553495
0.33836099162775723,-0.15348179638385773,49.74513414021845,0.031757464582967014,0.26069097381615963,0.1998088517917302
0.33853954471063863,-0.1539512276649475,49.620664995185166,-0.005737528698158464,0.2605752491203497,0.20033417158541503
0.33827580837623394,-0.1538611799478531,49.61813304722761,-0.014613248248776557,0.26060096745392025,0.2012296091138154
0.3372278441665189,-0.15258416533470154,49.9870269674956,0.013795021836831423,0.2606500052489183,0.20098683387892285
0.33651038661403804,-0.1528313010931015,49.91475452676932,-0.004030458062460351,0.26108933818194346,0.20089316980898952
0.3347933153608655,-0.15319812297821045,49.85191407070042,-0.0030642031181318525,0.2610485649753255,0.20105176944893113
0.3353219074804001,-0.15192951261997223,50.12493175560676,-0.010329858747722779,0.26096977855380965,0.19996152948800314
0.33670750875813676,-0.15192589163780212,50.09860143154145,-0.06020810732028483,0.2617230220196139,0.19953179167980176
0.3380094581835084,-0.15272925794124603,49.808968061665084,-0.0871032261730268,0.26214640843449155,0.20091429298828256
0.33526648563926653,-0.15274177491664886,49.9764508562594,0.05860557641005037,0.2616454906854795,0.20111650394543476
0.3382491055935068,-0.1531284898519516,49.87443062983252,0.013437194835336773,0.2613296380223795,0.20091948546856703
0.34022279226703767,-0.15405046939849854,49.551036139772336,-0.05672626745203756,0.2618679770770159,0.201698014562581
0.3407794916546848,-0.15419460833072662,49.5306767203319,-0.05869684296134324,0.2621044893262635,0.2017708122137603
0.34137218018757076,-0.1544201374053955,49.4804417477909,-0.07160637396875656,0.26285004558295055,0.20273787952248723
0.3387345491926591,-0.15448328852653503,49.39259137842141,-0.04652505540227414,0.26241694256904075,0.20453638166523244
0.33938540882410256,-0.15521416068077087,49.26447376640472,-0.07917589675688676,0.26334927688946835,0.20541202576977957
0.3394856308056942,-0.15505200624465942,49.295872088199125,-0.11325647231174679,0.2648694745897329,0.20615372801237164
0.33962655504548706,-0.1546466201543808,49.36890841737848,-0.12208758861667413,0.2667608236323516,0.20665869686656604
0.34007952012818293,-0.15515217185020447,49.20742732163112,-0.10718594061074133,0.26652531740037133,0.20653083074754947
0.34012311121536665,-0.15469814836978912,49.2753177159731,-0.1055477084178498,0.26679151488066455,0.20650333590235032
0.3401182047800449,-0.15470875799655914,49.27445179712943,-0.09486325566919648,0.26692240062417016,0.20651124353418798
0.33883001722356526,-0.15431466698646545,49.32001057411162,-0.08281923451509232,0.26697375807766605,0.20619833169735968
0.3381848694257757,-0.15440160036087036,49.297870728174374,-0.05270985544844338,0.2673761893167276,0.2062088484230691
0.3383902603735345,-0.15460966527462006,49.274272782661285,-0.08035644468589409,0.2685942905333444,0.20624242794290912
0.336098613728074,-0.1535322070121765,49.85452116799835,0.02464657604394216,0.2674334922501581,0.2059693878648376
0.33811186179938385,-0.1546403020620346,49.59553350953751,0.001277481265244157,0.26777962007123174,0.20602151754651554
0.3366611178025908,-0.15451252460479736,49.59295755348602,0.03642100283438383,0.2677969071814538,0.20792040315808286
0.33707639400295375,-0.1553756594657898,49.38838253338716,0.056385211815227265,0.2681644267378824,0.20924983262475386
0.337176058864767,-0.15652930736541748,49.12509926855809,0.00950115896342871,0.2686114230783223,0.2105361052439048
0.33536820857197885,-0.15501464903354645,49.46609175877437,0.04306694471205788,0.2687506085965051,0.209947690784062
0.336656580372912,-0.15523461997509003,49.26999478564652,-0.021877679568010344,0.26873401015744197,0.20937819542587405
0.33745175608397643,-0.1548277586698532,49.42561294891333,-0.015923754003014635,0.268677082533869,0.20993303269355673
0.33780035025576544,-0.1538398563861847,49.46894619775779,-0.08646366908014524,0.2702421721015561,0.20908760454810218
0.33902070860120154,-0.15400321781635284,49.41317254545898,-0.08489159313276694,0.2702369203056714,0.20878146955940322
0.3360906079014573,-0.15280473232269287,49.79242713736664,0.011226841789490174,0.2694889994629569,0.20882072752814534
0.33686470574328425,-0.15450651943683624,49.34950814751816,-0.06789510208637632,0.2705416423163069,0.20842547004236178
0.33842276512544733,-0.15472865104675293,49.21910147091856,-0.10267179011781175,0.2713962025421655,0.20923074785617957
0.3340007668334938,-0.154021754860878,49.581052652595595,0.10861573136955564,0.2716061156164826,0.21120903702236993
0.3350100718856207,-0.15594418346881866,49.02660004926404,-0.10098258991786471,0.2730713260849523,0.21147690892015114
0.33548043197366456,-0.1561204493045807,49.03024962333909,-0.0968108944777899,0.27315269592670466,0.2136192749196496
0.33593909351582946,-0.15618537366390228,49.051401141262915,-0.07224043257077334,0.2727426873487273,0.21365764390665348
0.3358931151616568,-0.1559057980775833,49.0519672090951,-0.08198240528105168,0.27348803082385387,0.21356973787724867
0.33598138006624834,-0.15547628700733185,49.14101068570282,-0.09982636353157348,0.2743918109625715,0.21264901714078394
0.336948388921147,-0.1551883965730667,49.19719252266182,-0.11804561813583864,0.2749533257506261,0.2130968055111155
0.33540240819871964,-0.15505343675613403,49.45995594620191,0.06782338413626227,0.27385090106020116,0.21300328267166266
0.33614179036286035,-0.15474116802215576,49.60053862262539,-0.0035190200513088104,0.2737092494103379,0.21263390504044688
0.33521501660377984,-0.15700674057006836,49.10933930354278,-0.027149320418382077,0.2737874647285979,0.21348971255155502
0.33455727955503256,-0.15798220038414001,49.194828788194364,0.08994115774673676,0.27510967205003933,0.21510517300492094
0.3355148646655516,-0.15651609003543854,49.457667030306354,0.0658439339128836,0.2744308638983571,0.21418524967785751
0.33600700988202425,-0.1568492203950882,49.553390294975415,-0.06587924788646943,0.2746887345519084,0.21335251359638996
0.33684871440332426,-0.15731246769428253,49.30263853385232,-0.09937019115121323,0.27559526294106007,0.21516760843719135
0.3325858113079681,-0.15590347349643707,49.50449180417922,-0.006673181828513624,0.2744548627908506,0.21475880941827918
0.33319752855187645,-0.15540912747383118,49.54543562208926,-0.07437460446080382,0.2752352782933452,0.21342903013870101
0.33420102925586537,-0.15429379045963287,49.767711639195575,-0.12125475369931796,0.27698282180001615,0.21320932153231442
0.335339225401162,-0.15461279451847076,49.67409209276187,-0.1115209076527673,0.27692382925447634,0.21399322403850357
0.3377160218039764,-0.15795861184597015,49.03392195940206,-0.11377797260517875,0.27890288455515333,0.22187313314536175
0.33709199354710145,-0.1578734964132309,49.01535283390221,-0.10728969883928999,0.27872564833875796,0.22182189762334753
0.33765051554949443,-0.1576315015554428,49.022113902129036,-0.09658626369146618,0.27873411375515217,0.22160323544711574
0.3381141172000302,-0.1576702892780304,49.02731890285005,-0.12324647180963422,0.28049945185411695,0.22156211150623606
0.33809477571118746,-0.1567821204662323,49.271359748055,-0.08348450926663889,0.279571908852884,0.22167456370300775
0.338311700959928,-0.15689846873283386,49.23742403968315,-0.09007068699745328,0.28009912514956364,0.22097575832634508
0.3348340568449286,-0.15469220280647278,49.932143814313804,0.023624639015868823,0.27922513714448666,0.2195515373795763
0.33493737912634086,-0.15481814742088318,49.999107910373255,-0.06296615696023342,0.27935681394342815,0.21801684820897022
0.3371495904530835,-0.1552848070859909,49.89101897583296,-0.07758950326156554,0.2797352899791811,0.21825573923034713
0.3322815997992494,-0.15464824438095093,49.730848408206406,0.10546946181099265,0.28084799881604555,0.21856421222729905
0.3346277943857784,-0.15472902357578278,49.52261784007626,-0.07556825115156056,0.2803943570613031,0.21716059544230892
0.33607378638901403,-0.1546083241701126,49.567051785110735,-0.08240390573194774,0.2799475621847318,0.21806385954217875
0.33701977412237316,-0.15530149638652802,49.44158586741944,-0.07410462962436007,0.27971000361037907,0.21825584368867074
0.3375120647074577,-0.1556120216846466,49.305958944565496,-0.04756795627610215,0.2796549490276673,0.21895957563748228
0.33751204180037403,-0.15562571585178375,49.3878468891738,-0.06892412982670892,0.28000218144374545,0.2172077791533653
0.33833169237795463,-0.1563698649406433,49.1606061920398,-0.07223212064850078,0.28014099276238924,0.21832000566291895
0.33839342277022366,-0.15608306229114532,49.25264480186497,-0.015482222499314687,0.2797245615003851,0.2188378214146903
0.3377693513921286,-0.15558499097824097,49.30895791375453,-0.03410140636541147,0.2798964941193584,0.21756891013902416
0.33866402140961976,-0.15561364591121674,49.35598052316503,-0.045324688427211365,0.2800876310819565,0.2181987854402641
0.33857542133234997,-0.15550990402698517,49.401822841858156,-0.035244519233705786,0.27986603635498025,0.21799055271009218
0.33774227148545194,-0.15564478933811188,49.369241406103924,-0.016627540075804692,0.27973509965790594,0.2179268267409663
0.33848243390972826,-0.15589863061904907,49.385920005484145,-0.05106924117833854,0.2799898907073887,0.21729612905870985
0.33846200369690954,-0.15601490437984467,49.33786228063732,-0.0399790710295211,0.2796831393030338,0.2182357826088191
0.3388145556180784,-0.15609560906887054,49.248215458001134,-0.0644248544029727,0.27998924507414447,0.21847746232060222
0.33876025526431114,-0.15618789196014404,49.23153972896481,-0.06701093045944607,0.2797404376355311,0.21786475614202497
0.3387170820855791,-0.1560366302728653,49.30586494074571,-0.03344858174819379,0.2795552071081676,0.21756558048245175
0.33663986390248446,-0.15644320845603943,49.197786460598785,-0.011666053601302094,0.2795914427693452,0.2173909368218235
0.3363529642919282,-0.1563654989004135,49.095583639937026,0.008926934939470985,0.2798995078699377,0.21716814869463483
0.3369112623497608,-0.1560034155845642,49.2006925428345,-0.007019856182629224,0.28013543182736866,0.21746011334434187
0.33536443826008633,-0.155836284160614,49.44507726695137,0.11900434713729459,0.2819123336874489,0.21873015083918163
0.3362357689173709,-0.1559363752603531,49.44287662803101,0.029259847632642586,0.28011950695905646,0.2187971701680917
0.33726339478035877,-0.15694628655910492,48.92351600980893,-0.08270506040026843,0.2809554769916991,0.2196478915218024
0.33758604394563824,-0.15772601962089539,48.67877028191964,-0.12298458708659823,0.2822877494142478,0.22041003449076324
0.33774992208312865,-0.1579560935497284,48.70558352410852,-0.12045599547278957,0.2824778096254472,0.2211212817784822
0.33727707397997453,-0.15766485035419464,48.799142879639035,-0.09262392808227458,0.2823363892111179,0.2211147300440259
0.33806507701301647,-0.15803632140159607,48.75280051111735,-0.10068663701164533,0.2825927589961868,0.22152690818112877
0.3378497426124687,-0.1580943614244461,48.877482006802296,-0.0939482292609811,0.2826049314359081,0.22262501749925895
0.33826149819108087,-0.15815071761608124,48.801769712781095,-0.08997762043781567,0.2826678016916986,0.2222452905234385
0.337966583389882,-0.15809686481952667,48.826031601804246,-0.061660038977622164,0.28237895473990915,0.2224578901627317
0.3386554090810361,-0.158105731010437,48.8189418430211,-0.05817328671417471,0.2831606787332999,0.223501896443093
0.3385508893552316,-0.1578984260559082,49.00684420581067,-0.030344443811488486,0.28323018952884516,0.22384567312819303
0.3379685286724628,-0.1571466624736786,49.24750239850514,-0.019060148999186823,0.28343242550568293,0.2239169482906204
0.33857214278913117,-0.15708142518997192,49.21169140322546,-0.02159046325285119,0.28380789282229363,0.22274055772222204
0.3382648047506769,-0.15708336234092712,49.23188134976478,0.026657544085150663,0.28387635493470015,0.2229010451108893
0.3381119111575666,-0.1586424857378006,48.83455876217893,0.020481804862976516,0.2867483065493038,0.2244804215056345
0.3388697929511182,-0.15837395191192627,48.87915338251507,0.016096597086130388,0.28657214395605646,0.22463779728341757
0.33881079143649145,-0.1578921377658844,48.98208425975528,0.01583950021273034,0.2867776491286262,0.2246708624167196
0.3387588950380599,-0.1574167013168335,49.10780001195221,0.010819426902595804,0.28660498540849516,0.2240571896509772
0.3386707632670138,-0.1564430147409439,49.31861354960107,0.034056313136746535,0.2868950140410958,0.22414028031899533
0.339053376257411,-0.15625359117984772,49.34928872425553,0.029340139575573538,0.28681158229647036,0.22423449943299975
0.33912129496488413,-0.15538325905799866,49.65912164542771,0.010508163454825201,0.2871802883189139,0.22415554041488708
0.3391732086914468,-0.15567432343959808,49.64475054537798,0.009109925961944492,0.2871635384696639,0.22450624972415212
0.3378200239513646,-0.15506130456924438,49.840462028519,0.04089793309397705,0.28755738566878114,0.224923428610135
0.3377805786092646,-0.15555478632450104,49.683651431208624,0.028649242274587906,0.2872377378860967,0.22469191802107735
0.33730984404543685,-0.15577927231788635,49.61102314503953,0.02255275392026486,0.2872737574411796,0.225522996595292
0.33721360739525197,-0.1553686261177063,49.741360473499775,0.026909930005437087,0.28771350949859853,0.22500636409604774
0.33701266355818926,-0.15526403486728668,49.76641641961309,0.02248695584575523,0.2881004897621837,0.22423247093052917
0.3371018201281015,-0.15537281334400177,49.75316519339112,0.02212012969815923,0.2883557850146422,0.22455756026500348
0.33762873179228126,-0.15617378056049347,49.513128104265625,0.0174962543351039,0.28953312220526967,0.22629587880420332
0.3373713756296639,-0.15595804154872894,49.6008798105432,0.0042292959143715525,0.2896042702590877,0.22610451145796884
0.33674275176581103,-0.15597368776798248,49.558866311903024,0.009633820638867011,0.2893389323079392,0.22481786561835526
0.3376167243031362,-0.15630699694156647,49.510017095290074,0.03505920957366826,0.2894714347734681,0.22548871179228944
0.3375369352339962,-0.15432679653167725,49.806170177158066,0.0018572497311956937,0.28951596646041433,0.22282956461263176
0.3375035130779481,-0.15114924311637878,50.369809192673436,-0.0032003182719305477,0.28955891154689484,0.2194323206365701
0.3374723186257126,-0.1514042764902115,50.35623568807249,-0.008216983435744852,0.2895606798075238,0.2186079549808481
0.33745202596318874,-0.1518825888633728,50.28295944017956,-0.014845380122872462,0.28940963931348557,0.21908866135561375
0.33779254232441647,-0.1520310640335083,50.350524029330145,-0.01180742687953955,0.2889097636971403,0.21694189865973743
0.3370507570839511,-0.15130119025707245,50.50277626997061,-0.02357170664992666,0.2889660716738285,0.21648369239625084
0.33638424780422066,-0.14970967173576355,50.76563496989847,-0.005891720878041894,0.28878693802258654,0.21583068802023808
0.33607152082991376,-0.14965978264808655,50.82190573961762,-0.06567193563007569,0.2890530594405512,0.21442801142107418
0.3363044231012725,-0.15128763020038605,50.43843469967058,-0.05096277466576544,0.28879214664411634,0.21748022236639605
0.33744944932481596,-0.1518285870552063,50.406439252623656,-0.05749113449063026,0.28877652715207286,0.2175396447149242
0.3341592611186921,-0.15085594356060028,50.55319844015361,0.07397258266019367,0.2893277020672647,0.2175381790008691
0.33454600866545636,-0.15134187042713165,50.35628775480397,0.03968611624015832,0.28779278150072884,0.21723344269915243
0.33621721521637465,-0.15221895277500153,50.09695286194844,-0.013323763672037364,0.2877144620971741,0.2181638894248047
0.336307510012895,-0.15228143334388733,50.08204612561848,-0.01914024721784728,0.28803356743992914,0.21940716287225215
0.33735354389826394,-0.15328118205070496,49.886072838813156,-0.007761657020431917,0.28805599184133784,0.22009994127956722
0.3375430553436804,-0.15368877351284027,49.776354453168594,-0.016574993174209244,0.2884554955753789,0.22298416973290952
0.33738857245255216,-0.153166726231575,49.901969760911975,-0.01145621788486891,0.2886763188747997,0.22126006337227502
0.3371395146654855,-0.15246643126010895,50.05936934746246,-0.015088404716006976,0.2893940642755371,0.2200818246333027
0.3371674146190043,-0.1517966389656067,50.201204990571306,-0.009219393789824134,0.2896053814791593,0.21908009936373357
0.3374615932955174,-0.15114957094192505,50.42237567945814,-0.002284555006761461,0.28994579910073076,0.21713066572979484
0.33573396312494885,-0.1497088223695755,50.779663496708054,0.03605144092212362,0.29047355583074075,0.21596555630955724
0.3357756199590319,-0.14920102059841156,50.870373681007244,0.025361143774473238,0.29044415747444796,0.21496888737867523
0.3363029503984606,-0.1502496749162674,50.592593958515366,0.0266125513569608,0.28972237398954176,0.2169359432552318
0.3360398421032849,-0.14930599927902222,50.97239218024484,0.06081868080821722,0.28975748734841544,0.21627024092525285
0.3370472113395803,-0.151203915476799,50.50833586429871,-0.00338484668298866,0.28923700703206456,0.219468279152648
0.3372814193825665,-0.15129879117012024,50.486940241461404,0.020948346518998583,0.2891440869034835,0.21844370344912525
0.33366150648974285,-0.15158669650554657,50.285260919967335,0.07596204828686554,0.2899374567074119,0.21952149878349822
0.33551448258234345,-0.15217028558254242,50.268426932355226,-0.023456802495588756,0.2894895769536574,0.21861628438556338
0.33653076594328757,-0.1524668037891388,50.17976541525274,-0.024241266730654257,0.28892086695188074,0.2180139679957586
0.3365672996398843,-0.1520736962556839,50.35087490183378,0.004696905197073641,0.2887175330825382,0.21813892742098087
0.33693000999237954,-0.1521807610988617,50.37301696402516,-0.01876453948735272,0.28868167285584273,0.21765171907665926
0.3355813867714028,-0.15118825435638428,50.63537931321702,0.009479008053787246,0.2882233774579328,0.21700783417385575
0.33551270917081927,-0.1512693613767624,50.58387152500968,-0.00474043175943523,0.2877846911954016,0.2160642431281336
0.3368515002882629,-0.1517949253320694,50.445243060342904,-0.004118702753845358,0.2879396138254802,0.21717267201151536
0.3377497447414817,-0.1524852067232132,50.317894860800465,-0.030557627113036164,0.2881013694889776,0.21750382321894568
0.3377855407502145,-0.15344581007957458,50.21855074608765,0.03709659715100371,0.28880973090516426,0.22040792615116606
0.3379497891860018,-0.1528386026620865,50.313542622162544,-0.027041068391696826,0.2891499524067167,0.21918655660023062
0.3379055670614949,-0.15216878056526184,50.441778779467434,-0.02986581242934284,0.2893652139348022,0.2191841429513822
0.3375647844509264,-0.15202118456363678,50.37759173964082,-0.015455182699131924,0.2892912529655844,0.21860536777968018
0.3368985624857333,-0.151402547955513,50.481294385722855,0.02000608750234038,0.2894979112144343,0.21778687523445028
0.3372703767569163,-0.15094837546348572,50.55358533250631,0.01104833127204995,0.2895928219132728,0.21605028852138708
0.33701502617256174,-0.1498975157737732,50.73730985080013,-0.0006198016005773271,0.28954389006364034,0.21589537501147132
0.3368205776002305,-0.149642676115036,50.744259203505095,0.004696432326823602,0.2897154641054447,0.2154124032160164
0.3381847678465595,-0.15040256083011627,50.57138656888168,-0.02180989385628081,0.2899386172215482,0.2159551136198212
0.3349841273473233,-0.15173348784446716,50.29601974653296,-0.005652556750685111,0.2898901901208981,0.22007005472549923
0.3360373123722247,-0.15204015374183655,50.2916151340283,-0.0020202601778698996,0.2898990888952221,0.22004094447550354
0.33393553968448647,-0.15329056978225708,50.106351602246946,0.07234358391772848,0.29063248236224204,0.2219286127139363
0.33366506635967935,-0.1539635956287384,49.83473414986113,0.0673716755379916,0.2907661528817544,0.22348013817914505
0.3341277774763758,-0.15400008857250214,49.870431054922435,0.09746030345639554,0.2914275716756459,0.22355552154946523
0.33518774973220283,-0.15401116013526917,50.04776683808093,0.06814087070404301,0.29055299137257357,0.22374924047903186
0.3365470838563417,-0.1546012908220291,49.88211600459979,0.04469760716026539,0.2901923254300839,0.22352988301303828
0.3352897157952578,-0.15234369039535522,50.23970972271805,0.06209257573456721,0.29042322043059754,0.2224174116691772
0.3353065223410408,-0.1527387946844101,50.126246885351804,-0.00438815140183909,0.28949513426160606,0.2216901347373267
0.3384537154185935,-0.15352420508861542,49.86553664729194,-0.03923602791942786,0.28967742952103825,0.22306472991722123
0.3359152038388029,-0.1552402377128601,49.4400198719358,0.023330419796629663,0.28966078292769676,0.2249781880805851
0.3375950055152535,-0.1560458391904831,49.26895103881713,0.012681378909258282,0.2896928605715945,0.22497844187957056
0.33567768787130225,-0.15729674696922302,49.03460307059679,0.06709983338507076,0.28883176101096975,0.22829469015560191
0.3373490563944457,-0.15816915035247803,48.979871884503396,0.026200420566518525,0.2890464097659269,0.2284523117581869
0.3376332968947176,-0.15890073776245117,48.85727427589054,0.03300425061346866,0.2889258847934208,0.22884513979071508
0.33764706186643106,-0.15882328152656555,48.85523905601049,0.03592814102029914,0.2887063784252354,0.2289177527252905
0.3386749851670925,-0.1587352305650711,48.85365816480898,0.004371427950892854,0.2886622523858091,0.22785162252857458
0.3387034321542786,-0.15867608785629272,48.880654965734095,0.0247793191692968,0.2879876479713438,0.22772494883197972
0.33897090124903384,-0.1586071401834488,48.929501773869255,0.03795307389999976,0.2896002026427713,0.2273153594930166
0.3388849526719426,-0.15740086138248444,49.21736129683257,0.08151974699408082,0.29067267450565015,0.22539704600700522
0.33705628398995013,-0.15737953782081604,49.278050017016135,0.11635623619027474,0.2913916348530055,0.22510242955350745
0.3370553389692062,-0.15689530968666077,49.5882697862085,0.16684544692145672,0.2927336897930182,0.2249741648660875
0.333202815326887,-0.1560220718383789,50.381729279087246,0.3345299683759801,0.298797884738222,0.22365975990320172
0.3298560643388789,-0.15718932449817657,50.13769596317599,0.36309237520947174,0.29754820330109744,0.22327502364157478
0.3227132772026866,-0.15559008717536926,51.340976049806116,0.5283785556976225,0.3185180046373115,0.2213848048294584
0.3226144033139935,-0.15730226039886475,50.78790045644729,0.5036307814232835,0.31152447292956764,0.22096189096923177
0.3212134470663113,-0.15537317097187042,51.19121587486599,0.6327374510504524,0.332711528586861,0.2215406098854218
0.3166822945003086,-0.15462520718574524,51.646765859184555,0.7375713589010937,0.35729383410883625,0.22060202736898768
0.30664376393472476,-0.1580309271812439,50.42253555368927,0.8015437505825583,0.3726191970908645,0.2217736960055524
0.29690095967604313,-0.15813899040222168,50.35616955980889,0.8931472040865233,0.40635115560036655,0.22166734980178257
0.2938004735783596,-0.15701639652252197,49.55736560314712,1.0236091354324248,0.4774886345742321,0.2224982938918944
0.2496078056521883,-0.15738451480865479,47.58863356957278,1.070207085099251,0.48285739151081764,0.2236569360908477
0.22074364608280445,-0.1626250296831131,46.5969299753181,1.0868581760274607,0.4769235317475759,0.22553936626852344
0.2150438670430418,-0.16415128111839294,46.085570262917685,1.1094558473669753,0.4766222720233606,0.22371909935473072
0.20873333223048937,-0.16503694653511047,45.91797566886416,1.1619905753206248,0.5122851787306688,0.22434548187896786
0.20613733858669026,-0.1638563871383667,45.730518836768304,1.201249156292332,0.5318063027344119,0.2230958883913802
0.2029522419689072,-0.16167521476745605,46.23679601063244,1.2892964360455126,0.6268895056445615,0.22198474324989284
0.19431371548177012,-0.1632993072271347,44.916943787234516,1.3111878182476222,0.6646343442393077,0.2219611804344049
0.18137449506621614,-0.16257379949092865,45.23249433752105,1.3147957977563691,0.641750150728264,0.22191613168717014
0.16042358869994605,-0.16241466999053955,45.16981207350807,1.3471463312736354,0.6609204935262755,0.2220365363527613
0.15259750806849884,-0.16375255584716797,45.17880711956446,1.3571100770579365,0.6523178097447866,0.22044396013890122
0.1504073609528923,-0.1651928424835205,46.251991542442134,1.377833216228035,0.6439900542822666,0.22222688976540755
0.13495446588016677,-0.16771917045116425,46.26417722092201,1.4056607363649714,0.705271965767336,0.2248288635285321
0.11653427983490441,-0.17072410881519318,45.08720601668593,1.451437463930481,0.7468541036097706,0.22769336848076685
0.09776135715870828,-0.1713673174381256,45.18828794915236,1.4889238354329608,0.7595008224954302,0.22892421375415212
0.09922142585881501,-0.17120210826396942,44.59230840192857,1.4923192255875741,0.7664247741374174,0.22989619842886092
0.09081834526917168,-0.17136602103710175,44.91173784980725,1.4954503019665393,0.7686233706103132,0.22933384821428102
0.08398429784201884,-0.1714494377374649,44.41811992250118,1.5049678975978682,0.7538480853049836,0.22890380860887904
0.06889754151339532,-0.17133012413978577,44.233885717432464,1.5315077753554909,0.753292295958374,0.22690363024642984
0.06328660335301707,-0.17084205150604248,43.662049403361756,1.5263516051752992,0.7545495912522008,0.2262875531427927
0.06301015145727014,-0.17016997933387756,44.243144241878895,1.519835360021072,0.7588442517498072,0.22471982517922245
0.06080632702738797,-0.16665717959403992,45.09991876151497,1.5183996360811827,0.7379115788220375,0.22200047693753103
0.06190102152100306,-0.15650659799575806,47.388694019596734,1.5096870128575597,0.6952242393171784,0.2123801586969451
0.06127844108304216,-0.15587639808654785,47.68402274643275,1.5099728583343603,0.6995153269158498,0.21108654509891733
0.060510783642817145,-0.154860258102417,47.844825936142904,1.52721283990582,0.6905942731228367,0.20603417773316213
0.03909104202739553,-0.15320299565792084,47.32153259755004,1.5481134803486811,0.7034214475984162,0.20603131418017415
0.0406314893744503,-0.1541357785463333,47.442074713172715,1.5560416462404392,0.7037131347156893,0.20518626534883588
0.04347741824397749,-0.15267042815685272,47.92973979212504,1.5448531471084879,0.6717792155209499,0.20434823658595158
0.049390751923906455,-0.15343314409255981,47.86730203417224,1.5329985968833881,0.6952234792830502,0.2051057029266997
0.060517403020727695,-0.1535094529390335,48.84602724867757,1.5168965706448636,0.693206231029958,0.2072711435654366
0.06910091933646531,-0.1536828875541687,49.75677196081025,1.5074359967612811,0.6990163302530845,0.20846447109056698
0.07406163399594906,-0.15145675837993622,50.545409968640065,1.5014292762034567,0.6941482753885317,0.20955116147645816
0.0738480104378652,-0.14967361092567444,50.87221284776663,1.4991053420398726,0.6885705917713815,0.20952849806316967
0.07984474510335339,-0.14948517084121704,50.990538996794314,1.4900803669393314,0.6895640035748105,0.20995560572303726
0.08229867515962355,-0.15107844769954681,50.53100917077211,1.4913254840831816,0.698195783563533,0.2119895424991692
0.0874131332196365,-0.15337161719799042,49.403171626714716,1.4928198557494696,0.7309479291792997,0.21538070919540356
0.08394295272106723,-0.1542239636182785,48.67759827124379,1.5004881354173634,0.7113684821422419,0.21764516868729492
0.08231700767467759,-0.15752160549163818,47.59268614180167,1.5042618517651711,0.7518364355295886,0.22018008348110202
0.09022360303815168,-0.16380132734775543,46.46628844503838,1.4874671778910677,0.7470428677226387,0.22190428681670288
0.0963801436479656,-0.16474612057209015,46.85873429160317,1.4736808823814578,0.7366841363694401,0.2216132427840093
0.10882756349860548,-0.16741980612277985,46.06815774602444,1.4479509417360454,0.7277860474781886,0.22084753406427682
0.12724559539515787,-0.16778747737407684,45.28015541273504,1.4061775814355133,0.6970117763692506,0.220945274372777
0.1427119708994488,-0.16814087331295013,44.40214190385977,1.3760820139164185,0.6808374582908377,0.22068677268166148
0.16004826503093075,-0.16742905974388123,45.04547676806947,1.3310080163649132,0.6411896644887317,0.21950035277995567
0.16993254567464147,-0.1672428399324417,45.88765730127347,1.2991776972027276,0.6037709772483733,0.2185536700631411
0.18448523749138054,-0.16644084453582764,45.77627595314655,1.2760622883796824,0.5802236018867938,0.21750472117229125
0.19672601948188043,-0.16615350544452667,45.7398832556209,1.2066495454822157,0.5031444523726232,0.21581807534655734
0.20899613837517747,-0.1662740707397461,45.82874056844013,1.206817513025764,0.5390226575627246,0.21674129152580493
0.23659809779404264,-0.16389378905296326,46.901859529052984,1.1989676119253905,0.5605271085670647,0.21641630649160445
0.2444384649760813,-0.1641242355108261,46.45794227671164,1.1712640378563273,0.5520816043849712,0.21689493779229985
0.24874269702227064,-0.16367417573928833,46.18414546445697,1.1168178287427044,0.502861765132725,0.21619869206415174
0.26906342000112843,-0.1647845208644867,47.53562554465734,0.9732209313929268,0.4251704537863228,0.21449995399023944
0.27526753718830166,-0.16514182090759277,47.305698992324544,0.9583728566755267,0.4198918770487978,0.2142776221015249
0.2805791390920776,-0.1671937108039856,47.19376265216972,0.8887965277734275,0.39012996304277386,0.21447806609761724
0.2962741936697203,-0.1676410585641861,47.94139701207939,0.7110180328931596,0.33177531908308094,0.21514825933683307
0.3044668527311951,-0.16821607947349548,47.70585103501863,0.6622971514219672,0.3226211748573391,0.21538373712213899
0.3112638862208961,-0.16949206590652466,46.959812011176524,0.4940646646763052,0.2927179310481503,0.21533247415687062
0.313062208699163,-0.1696336567401886,47.054164803344364,0.5069956571613559,0.2993302210104298,0.21649113594360872
0.3144013641233048,-0.16917310655117035,47.678661605573396,0.5099884027702145,0.30328796487466797,0.21734044243250947
0.3199629535574023,-0.16928033530712128,47.796229691442285,0.5329308227017382,0.31015211413327964,0.21983139164559523
0.3219662865935298,-0.16805912554264069,48.051340987322284,0.4599609332038347,0.3006751434065599,0.22096536617433912
0.32058465195286573,-0.1683233678340912,47.84604842615249,0.45821088033497015,0.3030980294706863,0.22196114378696755
0.32262606724436194,-0.16830217838287354,48.00966493484578,0.43854520458431945,0.30287805469718887,0.22267657354948808
0.3248386987234862,-0.16788676381111145,48.0590891705324,0.42922018875737233,0.302759095660534,0.2234034851042463
0.32284030955823767,-0.1672591269016266,48.22247397020843,0.4531238591947058,0.30562890848509366,0.22365689998160013
0.32442751710726214,-0.16631340980529785,48.392844043587964,0.4227440022324989,0.30389085074608035,0.22443520323334065
0.3291106522590224,-0.16442294418811798,48.14257098958679,0.2316281777718805,0.2893888920940413,0.2254966508078092
0.3296142685688835,-0.1641782969236374,48.286565888570934,0.23556615229465594,0.28876632871909047,0.2260550234926452
0.3326299188973279,-0.1657981425523758,47.76201411867243,0.1652551114318856,0.28629071617348106,0.22747922706401744
0.335216947875133,-0.16360124945640564,48.28500115152167,0.17639222400702928,0.2878319092608256,0.22775300096971693
0.33466262207088276,-0.16379520297050476,48.14729620377279,0.17502054049488786,0.287511994787578,0.2283353964062909
0.335111422904712,-0.16263875365257263,48.33433338210118,0.1353913219245767,0.2872049803574763,0.2284001480089595
0.336084964327034,-0.1608133763074875,48.6884442373823,0.10244413301170348,0.28654993562208586,0.22828502585608695
0.336660408233188,-0.16067500412464142,48.787811398774316,0.10413010524737552,0.28815298231596287,0.22927670649955817
0.3386741876584474,-0.1610223948955536,48.68206335723671,0.08602931538147832,0.2879724781715346,0.22904290770504376
0.3378654641336306,-0.15931370854377747,49.04629258377272,0.15158186085982164,0.290363951683807,0.22711046231455434
0.3379711030266892,-0.15928739309310913,49.041131642334804,0.06485933889233816,0.28873027776588833,0.2260852546750796
0.3391483079629276,-0.15890467166900635,48.82767152827638,-0.026000415556375448,0.2883365375521201,0.22641051080185373
0.3392515560411084,-0.15817567706108093,49.07844541491164,-0.007927659796588547,0.28833520020760617,0.22662746309335144
0.3389454252410303,-0.15714870393276215,49.30355963229358,-0.00889849448967998,0.2884858130504879,0.22605846561348839
0.3388876579969202,-0.15655411779880524,49.473237960591156,-0.015040249998134067,0.28849414554108216,0.22453679664476434
0.3384825548451054,-0.15640856325626373,49.48668653814144,-0.03421918403491675,0.2883593341762845,0.22338473422311741
0.33808358991714305,-0.15683411061763763,49.403115958654524,-0.023872529106706435,0.28829440625734515,0.22395790232152699
0.3379641166049721,-0.15683306753635406,49.43123102782919,0.004244563821789007,0.2884689998932869,0.2243442298672972
0.3381191288578825,-0.15704840421676636,49.31708809393648,-0.041916799952347254,0.2887430572650799,0.2234837744975159
0.338284406340115,-0.15666157007217407,49.469777365705205,-0.048722816971587236,0.28880643468270956,0.22288401436157979
0.3380898419994069,-0.15632544457912445,49.58977950686902,-0.05405912084317676,0.28860503123050557,0.22174792567744672
0.33881868092046485,-0.15632891654968262,49.5361619803317,-0.06726022258091788,0.28865675659067824,0.22043331440313058
0.33848615048314595,-0.15634186565876007,49.54975309779891,-0.048060450909109674,0.2884503741284689,0.22161695340381415
0.33747043334697363,-0.15399818122386932,50.099717386903535,-0.01946334835294849,0.28720493166059485,0.22221803883801558
0.3368886211996267,-0.15542711317539215,49.826348697434284,-0.017949348101845827,0.2868646132910636,0.22223484004136262
0.3357700084519365,-0.15586143732070923,49.54145206134912,-0.010048440710007423,0.2869119926749015,0.22316640393657053
0.3359525135290651,-0.15512396395206451,49.747021557460805,-0.0069799007696425075,0.2869481657261777,0.2219146250669003
0.33720247835872796,-0.15538868308067322,49.62953802357554,-0.02063029874082018,0.28685768177502885,0.22151258885995054
0.3368476953342415,-0.15523207187652588,49.73930278982244,-0.018272544630478643,0.28663283811389056,0.22118356978145498
0.33687952211502115,-0.15535685420036316,49.70368609196788,-0.016923735824599072,0.28619223003033245,0.22130142976318512
0.3362918848479265,-0.15522970259189606,49.801719495239986,0.034442979249807236,0.28607237282200054,0.22128614727320078
0.3369008596493065,-0.15641698241233826,49.56150781483941,0.050982731020531274,0.2862826111795576,0.2218738512297423
0.33461468872145483,-0.15761984884738922,49.22032950867759,0.10367657038066609,0.2873576119287187,0.2240175941631111
0.3330182352789951,-0.15805640816688538,49.01412697064448,0.09762183871440297,0.28703184717749003,0.22620701076182553
0.3334577481287695,-0.158072367310524,49.012303949937454,0.0693692937049141,0.28599591176658823,0.22586715083361086
0.33531304779662646,-0.15756510198116302,49.125787092981774,0.06835264490566888,0.28586562371661495,0.22572295130925743
0.33640327519294494,-0.15757355093955994,49.13245197462102,0.06672906196748865,0.28521825407558354,0.22523274197149498
0.3357589612336756,-0.1574474424123764,49.11763734500157,0.0789893429952781,0.2857260815476887,0.22456004576612942
0.3349746930955631,-0.15782877802848816,49.129666034298424,0.10194019198235978,0.2860566009119257,0.22472875343980112
0.33385562877342156,-0.1577133685350418,49.05770052469421,0.13515509819030058,0.28726927462732627,0.2248160038615129
0.3343355982716707,-0.15813936293125153,48.99368668231178,0.1441316855737069,0.2875866587567551,0.2250926634731414
0.3341389373519013,-0.15746159851551056,49.17454710217436,0.1364835535425363,0.2871063378605489,0.2234069354170443
0.33342975740870723,-0.15843887627124786,49.009549701239195,0.13737654427706372,0.28781793797305094,0.22419955303450326
0.32957003511954414,-0.15665724873542786,49.46864102060267,0.21116338078425279,0.2910816121723663,0.2235092275463787
0.3314864484337425,-0.1575252264738083,49.24634083183623,0.09144857483949151,0.2855453701021561,0.22402236743492132
0.33136910813174086,-0.1584923416376114,49.10915957912731,0.10052954473872934,0.2863579973953414,0.22615910173058215
0.33189822522554785,-0.15718922019004822,49.347745567323905,0.09864147653544338,0.28616301610336076,0.2255156104375055
0.3326441641692469,-0.15757882595062256,49.22709850671228,0.10872077760883202,0.2866741798062367,0.22532551797727404
0.33316444959988584,-0.15740644931793213,49.32669780139142,0.11894415280002442,0.28721540788245253,0.2248571760781325
0.3332682300868393,-0.15784433484077454,49.1636475033913,0.12597531077096383,0.28727360596017054,0.22577156815360816
0.3340240619583528,-0.15636686980724335,49.36675317210632,0.08924683014053908,0.2869465785281833,0.22584356159852143
0.3349025301785578,-0.1568777859210968,49.35585415389471,0.11122086701397627,0.2877828042354077,0.22609220665834404
0.33580530631660216,-0.15660300850868225,49.45577301629802,0.10939129883225181,0.2884067444981758,0.22591817269863698
0.33598460064339963,-0.1566430926322937,49.43670084347464,0.10499157576058173,0.2882983258915282,0.22616099439258386
0.33475398699252923,-0.15675809979438782,49.48044567721953,0.14597697316732186,0.29019503760896076,0.22635015557132696
0.3343170425225957,-0.1563197374343872,49.57069266879535,0.13554953207684053,0.2897609519711754,0.22600232307014145
0.3333219289145189,-0.1551945060491562,49.79675825503033,0.11539179235029744,0.28898901958785,0.2253760981402303
0.33582919733641753,-0.15573610365390778,49.52211847655173,0.03577874497472062,0.2871232573516185,0.2251943639362151
0.33454049487524157,-0.15524263679981232,49.678988411311686,0.09627343525170602,0.28810749772383637,0.22347966988893483
0.334070068926808,-0.1553543359041214,49.61289569757561,0.10180788222144317,0.28852727222902375,0.22355765942930458
0.3344745516469273,-0.15488018095493317,49.63624626546053,0.06657366535652604,0.2872858594693031,0.22219879104571896
0.3343288491999336,-0.15502704679965973,49.602895504831146,0.04654551847884341,0.2860249371422089,0.2218187404556219
0.33475398134545825,-0.1553303599357605,49.52153586382711,0.039598711284524406,0.28582306474463604,0.2218409291064966
0.33476458212895793,-0.15527112782001495,49.64669831043643,0.02152770065314448,0.28531254967214525,0.2213222437626085
0.33676352551050104,-0.15629997849464417,49.43488048181212,0.01675721265858508,0.28542394883209077,0.22381608590994773
0.3365520702895906,-0.1570013165473938,49.17491695026636,0.010402677226150637,0.2858078668546558,0.2266045357246213
0.3364024008205361,-0.15577585995197296,49.44916564759632,-0.0037584258760237385,0.28577882752501604,0.22615586687559136
0.33638833240075755,-0.15500466525554657,49.621685984856455,0.005881497140843063,0.28566043881910475,0.22451658240339295
0.335991681326645,-0.15498870611190796,49.63512284057728,0.0005466224655893858,0.28546792029766227,0.22386193654242487
0.336486167379058,-0.15590815246105194,49.52805119492683,0.03165996174746762,0.2860476896783159,0.22593174734797952
0.33396702195871314,-0.15555056929588318,49.46076319691334,0.11029886778258315,0.2872167415317641,0.22636147755429017
0.33402286047312035,-0.15554317831993103,49.531641840386634,0.06360354302977556,0.2855951431308497,0.2259911192462632
0.33498300943258424,-0.15376809239387512,49.87158808113819,0.02269632077937251,0.2847872175580005,0.22418955245905264
0.3354435098882899,-0.15459252893924713,49.64917518783927,-0.0030930536772265575,0.2842142218615455,0.22380332892661034
0.3367514173043202,-0.1558844894170761,49.37964508182371,0.02008654661732128,0.284805121743731,0.22548552486324636
0.33672939770144056,-0.15550747513771057,49.439788631722045,0.010678017913298749,0.2842731076341712,0.2251634567678169
0.3366567405409346,-0.15487803518772125,49.574588001285036,-0.025465887169862568,0.28409559036377363,0.22488537576721498
0.33730493845837695,-0.1547803282737732,49.57343658812855,-0.023661005405567523,0.28389388476499017,0.2241356635396379
0.3362634491025064,-0.15448831021785736,49.591465855469416,0.008557516888458459,0.2835854500056034,0.2238654747918509
0.3360199895174594,-0.1545102745294571,49.516717361997934,0.02622238276277235,0.28344003074267243,0.22380777959612078
0.33207447625364706,-0.15532363951206207,49.24412317705169,0.024942404562356663,0.28342217439129946,0.22421164800337173
0.3321394296698609,-0.15518295764923096,49.24840626615814,0.035361457529831775,0.28390846026195476,0.22412227958291236
0.3322791390076986,-0.15525150299072266,49.30139471010711,-0.042817402084223195,0.28361553228524233,0.2238556695873524
0.33191418048315985,-0.15891921520233154,48.50644294906497,0.01067665917987153,0.283670952717496,0.22571789968044
0.33193966849818507,-0.15893256664276123,48.5451775661443,0.009174392654081858,0.2836661271386332,0.22619419598493315
0.3297168925174417,-0.1589328646659851,48.48980923465233,0.13223596747774127,0.28636999968295207,0.22712335715476306
0.3304807667217705,-0.15862944722175598,48.50495959479026,0.03741186712430796,0.2838481825554503,0.22701071367859307
0.3315578840121549,-0.15844322741031647,48.55257433077689,0.030972006857091422,0.2837960464863912,0.22696209514414503
0.33021094936187956,-0.15711013972759247,48.77700861273522,0.06302015869600612,0.2843093433708189,0.22618406413588535
0.33089770768599164,-0.15629585087299347,48.95877542595836,0.060059765018592844,0.2843397684777596,0.22575103467741245
0.3307125090650944,-0.15614843368530273,48.99736929779476,0.051465641741135285,0.284176258117323,0.22489833759445696
0.3308356249873829,-0.158578559756279,48.38057787989984,0.055343489945843025,0.28416286661493745,0.22945012276003335
0.3301183003063275,-0.15874610841274261,48.1943643298753,0.08175153378430103,0.2847940417229436,0.22860382531272355
0.327415492343832,-0.15810583531856537,48.30401252327625,0.08924945755792392,0.28525228659333374,0.22730562066875765
0.32756231544403597,-0.1578209102153778,48.387246971632266,0.0787978236888901,0.2853416746647182,0.2262723274183575
0.3277597741032292,-0.1574738472700119,48.5117897325846,0.08179811895523129,0.2854731642733631,0.22502733435961855
0.3284019032259034,-0.15653902292251587,48.697121761338224,0.06587490724721604,0.2851853723553131,0.22354780921393314
0.33050558972704724,-0.15457211434841156,49.24144680554751,0.0564665885205252,0.28487299964397295,0.2199032678824155
0.33443473736353213,-0.15466326475143433,49.34933665939466,-0.0063271856677562755,0.2844971973170095,0.22053667639793775
0.3346756733572568,-0.15467271208763123,49.422195491252914,0.0014187648027799678,0.28404216301729585,0.2204043947702484
0.3352479009425345,-0.15394695103168488,49.68268784467084,0.00562012955863777,0.2836472971341069,0.21897987609727027
0.3366433188178641,-0.15437956154346466,49.644423149142064,0.018648541958714803,0.2836650963340749,0.21845039991775037
0.3342320538663655,-0.15470187366008759,49.55584247678433,0.10541777170383154,0.2852805845408093,0.22177963219573288
0.33429532335033185,-0.15510205924510956,49.415267271856244,0.10462116371942909,0.28563459883743103,0.22266900907284126
0.3342197176082335,-0.15474344789981842,49.473363146312344,0.12010464931863465,0.28642726959671316,0.2216327171158103
0.3340956297062904,-0.1541198045015335,49.57731661162612,0.11744391507649765,0.28655691653469667,0.22154701597502008
0.3343930116147874,-0.15360379219055176,49.75283898036677,0.08278420021364531,0.2851585830636292,0.2194407223007278
0.33538241031303134,-0.15369883179664612,49.738604875938634,0.08677721846114,0.28500110396862127,0.21935904143670504
0.3327026854903446,-0.1556815803050995,49.31442840247603,0.1322826732640344,0.28667026737061063,0.22127340042600802
0.3310370845877671,-0.1557513326406479,49.353590498712904,0.22793507151973622,0.2920221354875666,0.22184930963527735
0.3311437481251334,-0.15414749085903168,49.62782984247625,0.14003168013614525,0.2868323144882916,0.2198370431378256
0.33231872960049114,-0.15436065196990967,49.54225989942428,0.08407288020232276,0.28496442193438387,0.21970490376835614
0.332365048318152,-0.15689431130886078,49.0920205351663,0.11775401479497984,0.2859470831218686,0.221971412868981
0.3316289628337341,-0.15771372616291046,48.86696985180347,0.17946731685690392,0.2897349479640394,0.22326939545337612
0.332382957099068,-0.15841470658779144,48.56417188165408,0.13239011326793793,0.2877665837476529,0.22309049467768122
0.3328530162216669,-0.1578882932662964,48.66660061042056,0.19403369403066675,0.29000344505502695,0.22240577523945224
0.33417091414273187,-0.15757536888122559,48.86487147356218,0.09170223940727584,0.2853921202627468,0.22157684726062002
0.3327580749026304,-0.15809769928455353,48.900795767520435,0.17763803699705674,0.2885908754177463,0.22355684560133052
0.3329743565328834,-0.15859675407409668,48.75552055101376,0.11415290314256636,0.2862734708147947,0.22530959621255311
0.3336969877954007,-0.15864147245883942,48.651968139665776,0.07228292286449628,0.285943777327827,0.22688939397722502
0.33416150283481116,-0.1606585681438446,48.29665760838331,0.07477067357462647,0.286997049751752,0.2284402370131313
0.33508267518510854,-0.16066661477088928,48.19257176167844,0.011394787181995615,0.2871722611069167,0.22904821217011098
0.3352215685211185,-0.16027581691741943,48.420448616343926,0.0422272657465296,0.28777244159622134,0.22899104721038957
0.33459878859025244,-0.15993016958236694,48.431882656248675,0.06397361769768256,0.2884746733325534,0.22781457102515443
0.33391487582920015,-0.15967032313346863,48.45557351732225,0.06517181719294257,0.2887983713979621,0.2264414745414247
0.33142887628439904,-0.1598469316959381,48.44803382525758,0.14736595145032827,0.29210164305785086,0.2270254864446423
0.3312671344596688,-0.15911445021629333,48.69434082396273,0.14864551846305407,0.2915847109844857,0.22565214501466185
0.3298683561408411,-0.1587437093257904,48.76129196184069,0.1529570700115102,0.2916217850967665,0.22497404891033304
0.3298004630481078,-0.15776938199996948,48.8605648299014,0.1531876780583746,0.291870855624743,0.22482480111668798
0.32962874352336136,-0.15770792961120605,48.85382901111746,0.1868191476318448,0.2934079728082838,0.22488750541373917
0.33294057006100736,-0.1571933925151825,48.977861978473534,0.16247674958112532,0.2924427691796704,0.22515902243463942
0.33313838104162474,-0.15644864737987518,49.12680950155981,0.06784254032890967,0.288934342345745,0.22422396724115626
0.3329121376229453,-0.1555054485797882,49.36291570647616,0.10403346458813775,0.28987874274474223,0.2233093385098008
0.3303666348312085,-0.15539701282978058,49.420381724764596,0.1660779043213798,0.29209480759822715,0.22270873415927708
0.3310773186694753,-0.15504339337348938,49.50198226121759,0.11549915289070016,0.28906373230575394,0.2222699275833428
0.3326626021973283,-0.15496711432933807,49.31828868918879,0.028003866764803487,0.2865353196218652,0.22197226680742624
0.3325126499914237,-0.1544586718082428,49.41836207360357,0.07704381169291394,0.2869687986367483,0.22195335836650804
0.33131974207742404,-0.15439943969249725,49.464422450890766,0.12949960355357595,0.2884270071853536,0.22156633755685506
0.331672414765588,-0.15434741973876953,49.496174158971925,0.13967190601104834,0.2894199907745836,0.22145375981813664
0.3309026948910645,-0.15403634309768677,49.71808172452523,0.2116971435341734,0.29281314288222204,0.22134428010666304
0.3310509951883291,-0.1545409858226776,49.683354120037926,0.13821649237671654,0.2877729724560524,0.22115468520045295
0.33209198348129176,-0.15496456623077393,49.54509083614993,0.09810286220709984,0.28609094251177025,0.22183261102286925
0.3325020951886761,-0.155616894364357,49.38612447702818,0.09241397946020696,0.28592799931326524,0.2222764131349107
0.33226460535654506,-0.15655267238616943,49.15182221034706,0.1148017150444179,0.286236894427782,0.2223153840047015
0.33000402136599594,-0.1572859138250351,48.96397179659572,0.13103629291130894,0.2868619504585299,0.2233143608230726
0.32954440920334666,-0.15654270350933075,49.113323765701196,0.17181904413374072,0.28853846947393874,0.22235838353084908
0.33050849913703373,-0.15549856424331665,49.390086190290795,0.127595806229562,0.2858465154063323,0.22102929743073252
0.3307645435041569,-0.15494030714035034,49.52110557923557,0.12697264950904247,0.2857295896241085,0.22069814622220513
0.33098310016032406,-0.15395276248455048,49.733726142926095,0.13042625524808377,0.28511704905084256,0.22017920332023114
0.33287405298206646,-0.1544761061668396,49.66748804990854,0.12441278697941395,0.28489944919971866,0.2204557879553279
0.33093142025088323,-0.15499162673950195,49.586619589100046,0.16122200972120074,0.28674929508285035,0.22047436929058284
0.33105958200707847,-0.15464934706687927,49.64357362134329,0.17642794029913544,0.28800684542538996,0.22045645962046573
0.3326097409494405,-0.15383121371269226,49.886216367703895,0.14149156593141238,0.2864445269093686,0.22066370112970451
0.33287644453186993,-0.15382231771945953,49.88066435264024,0.12112440452086176,0.2848913749636368,0.21982899243435167
0.3323500487601593,-0.1537943333387375,49.93956360429118,0.14669218741165307,0.2864261476047524,0.21983433880260558
0.33166977699443156,-0.15429942309856415,49.89494845262464,0.2007235583911851,0.2899294756481898,0.2198784958135887
0.3267729436449514,-0.15485091507434845,50.42479890737594,0.3642388110175863,0.3026477102603075,0.21997275951158654
0.3250129236815756,-0.15427738428115845,50.777568866555896,0.38696204955913016,0.2953641563550815,0.2186714125707677
0.3221409742676724,-0.1542789787054062,51.08283139546909,0.5079524483088952,0.3083871632278811,0.2176513610457985
0.31857925051850183,-0.1552712619304657,51.1574200481208,0.5723171421217594,0.3177731059301988,0.21649076214143154
0.32028343140967075,-0.15517163276672363,51.09088339822445,0.540231013211566,0.31010193922784235,0.21592465874580982
0.319162798042778,-0.15561272203922272,50.940252538127325,0.5228935919654425,0.3037716867514076,0.21835199560178584
0.31583275685513273,-0.15320958197116852,51.77846556463887,0.636414285463433,0.3233628158243503,0.2163087082335027
0.3126666759096961,-0.15354442596435547,51.8616425521827,0.7150624274887272,0.3405926034924797,0.21461930965623563
0.3070144933976653,-0.15558911859989166,50.944881579852265,0.8016709790447605,0.3653259519258155,0.2144507682256576
0.305940968663602,-0.15601186454296112,50.221665084104345,0.8572652948607558,0.38355808761601407,0.21462903860430224
0.3046596520728945,-0.15675920248031616,49.56482743152634,0.9481733928619278,0.42306507030656665,0.2152709155794568
0.27789283936586706,-0.15654273331165314,48.960286535683224,0.9977238769889907,0.449570673540767,0.21546456732743385
0.26268067472631085,-0.15739335119724274,48.4739769665728,1.0065784086773442,0.45406487555074926,0.21557587931044103
0.26429019119199504,-0.15874351561069489,48.01020260921036,1.0416483900421316,0.4757393036549421,0.2164931499776194
0.24773855365514139,-0.1596802920103073,46.18183950445251,1.0743663871934488,0.4906631067881549,0.2174780465672145
0.2408740867645762,-0.16254347562789917,45.71854471474418,1.0283029654304727,0.450130689561678,0.21899151076472645
0.24449472046934245,-0.1616140753030777,46.30276315144048,1.0500557728287991,0.46679477181129303,0.21912100266119483
0.24153752820418273,-0.1622576266527176,46.62172087133434,1.065743591404006,0.4754348906948335,0.21836230866816211
0.24335055523115606,-0.16150745749473572,46.90780444376316,1.10108712117294,0.504542974463099,0.21863755918975616
0.2451408842355187,-0.16237802803516388,46.72373996542218,1.11156056948847,0.5102131097356584,0.21817951700567842
0.23312709449940808,-0.16602498292922974,44.86329892784181,1.0822219315432045,0.46844740073168534,0.21916423493155562
0.23376717902235725,-0.16439291834831238,45.09786307450764,1.15128422523769,0.5359431383334056,0.21899836184168778
0.22972631093974474,-0.16404831409454346,45.43601501180157,1.1420882858729573,0.5221181581467326,0.21874638549024586
0.22551339158281627,-0.16570855677127838,45.27617923417165,1.141343334729335,0.5176370305081107,0.21877244936465345
0.2303846896942014,-0.1648944467306137,45.474608791957166,1.1380100464825516,0.513679810388477,0.21851906362482504
0.22614889154898843,-0.16539712250232697,44.82355575426231,1.1239726385075193,0.49767118880098693,0.2188176189136332
0.22426812387238726,-0.1657891571521759,44.649185331849864,1.1317291983814453,0.5012132705285923,0.219002670917188
0.22484842683352363,-0.1656801700592041,44.68539186173721,1.112788670196712,0.48092316226265647,0.21837715013349943
0.2215821098968095,-0.16570287942886353,45.015634430482926,1.1134709949063843,0.48114944278848615,0.21819201632426424
0.22196802436009203,-0.16628430783748627,44.96456552577372,1.111681768641445,0.4792102162374497,0.2180915061029954
0.22257412173205932,-0.1657336801290512,45.09148107921862,1.1072175355611658,0.4751755371177756,0.21824667365457412
0.22423368599573915,-0.16650040447711945,44.696948081629955,1.1669774399468102,0.5403307495430217,0.21937684245621067
0.2263736035718395,-0.16569846868515015,45.20680252227549,1.1544439518321543,0.5257559130399282,0.21855501753780476
0.23577803104366044,-0.16512323915958405,45.86351324165268,1.1442484514845095,0.5178859727652148,0.21815995027619192
0.24323428414372938,-0.1619405895471573,46.24961148283422,1.136712330226759,0.5149272743597669,0.2174008616493061
0.2574741593434239,-0.16166730225086212,47.6667836962491,1.1247712018316756,0.5139234080327005,0.2170724960502328
0.2558472957451398,-0.1630195826292038,46.901806096626316,1.0766755768839265,0.48168632617957396,0.21689864307607382
0.25366477956881855,-0.16401469707489014,46.583219966744736,1.048127319498347,0.46221161597727006,0.21706440147301637
0.2568462456904533,-0.16300810873508453,46.96627878671032,1.0832536731069575,0.4936567613519677,0.217297494588487
0.2646245760935942,-0.16168160736560822,47.474121274962904,1.059247048255058,0.47933053130527276,0.21702542255777232
0.2714974990956244,-0.1650979220867157,46.86474832832571,1.022676545475463,0.4586642994549987,0.21782870760760337
0.2721710462024911,-0.163951113820076,47.06208484452369,1.012955902415843,0.45575217566071835,0.21711124424624992
0.28181109285693084,-0.1638687551021576,47.60890971253085,0.8424367166230309,0.3679302435958654,0.21545066367914614
0.29711005370455523,-0.16424183547496796,47.597395952453965,0.7115472496652858,0.3283266606851127,0.21432631977903258
0.3049402204065519,-0.16478084027767181,47.86904314927091,0.5849810960593669,0.30472683419308527,0.21396490314471045
0.31073360336131334,-0.16499628126621246,47.89803588547227,0.53814344697703,0.299511516865649,0.21543809245469842
0.31124672595582376,-0.16538287699222565,48.09595615997014,0.5237837715791407,0.30068465234794617,0.21709483185896172
0.31971929260053356,-0.16299663484096527,48.77747030501991,0.4535613287925981,0.2928176640715907,0.21757839408628563
0.3276623300244232,-0.1617458164691925,49.15060274736805,0.43915569084723566,0.2928474799709957,0.21840223789955018
0.3307883918535836,-0.1621244251728058,48.975189607645426,0.32858337319053105,0.28216570797737334,0.21932192654966443
0.328669806137376,-0.16084149479866028,49.283918677631355,0.3871621085599358,0.29047942111064073,0.2202694678353617
0.330632570065391,-0.16036203503608704,49.31964487869248,0.31038629641132914,0.28495989409203,0.22053189262576492
0.3354203766285582,-0.15828657150268555,49.76852792172378,0.26193445551588457,0.28596961264000326,0.21931888513611958
0.33512075174303196,-0.15907850861549377,49.16111311658603,0.2321319192141826,0.2869156531951922,0.2199987222782658
0.33544798657887753,-0.15923798084259033,49.00245468219429,0.1935545896317087,0.28724241365261877,0.2206390756201651
0.3345185706103927,-0.16015484929084778,48.924771339038756,0.20653759697282095,0.290217180852078,0.22268795205789874
0.333940225938913,-0.16048268973827362,48.614916372146375,0.15076175003841918,0.2899257801030791,0.22430900455992112
0.3302366069477922,-0.1585288941860199,48.92149145151699,0.15665102739010373,0.28973021377895747,0.22447854704867987
0.3321706690395167,-0.15836825966835022,48.97019884454911,0.10962907302960295,0.28810069595667553,0.22342261053460935
0.33327587595247643,-0.15917739272117615,48.70433492623258,0.06062076116381428,0.28797021543143614,0.2252432436673259
0.33392073928997956,-0.15955723822116852,48.53589963495402,0.05310721089684443,0.2876319606350335,0.22576504968676153
0.33420239776473787,-0.1597156524658203,48.54186057647827,0.07542459258004079,0.2872942248951352,0.2264492491042135
0.33390628540242867,-0.15860138833522797,48.82050008205212,0.06970604356165593,0.2848981828048819,0.2248434151947597
0.3354358316347174,-0.15783679485321045,48.964955978106055,0.07108902796765179,0.2849558313430829,0.22501624689948976
0.3324003673232813,-0.15786844491958618,48.631809671127314,0.09514948139487615,0.2856618099390003,0.22550591641516787
0.33028677449930577,-0.15704183280467987,48.62902274020172,0.13378643001652427,0.2860595370775595,0.22462191797441497
0.33235098204882363,-0.15695784986019135,48.67412182954635,0.03172400818038955,0.2844678427703029,0.22162802136345164
0.3313980576043633,-0.1581612080335617,48.41134659243783,0.015595489443505877,0.2851761514376103,0.22290161668558114
0.33254221059660566,-0.15819154679775238,48.41504141614201,0.025432090938216637,0.2847733082227618,0.22406954194474468
0.33171948234112664,-0.1565714180469513,48.84530074691802,-0.03600395836557228,0.28152812816885425,0.22149667882420324
0.332027015910407,-0.1567009836435318,48.905414199738374,0.01613891823005534,0.28118526885870315,0.2215430531155754
0.3319554449780854,-0.15672799944877625,48.90644978535807,0.04051013720138382,0.2812024946203374,0.2214259181547015
0.3316408129743454,-0.1559174656867981,49.07599910602245,0.081793847027259,0.28132745738975173,0.22098578587074413
0.33163826702748683,-0.15520966053009033,49.213909439134014,0.08827729823780647,0.2813036545380304,0.2197353797322785
0.32973062068452075,-0.15610747039318085,48.9530455116102,0.07687753514623254,0.280156183357102,0.2196990844214353
0.3290123682919528,-0.1558944135904312,49.09262508564131,0.17419235520511625,0.282291512019789,0.2186525879263338
0.330858928558677,-0.1565036028623581,48.97973314319911,0.07481435008510084,0.27911991786850265,0.21790976565630776
0.330640806183448,-0.15635725855827332,49.00299088859889,0.10419258668540789,0.2781675870448423,0.21637333495593633
0.33144908958461333,-0.15683624148368835,48.87272159973047,0.10009865884208898,0.2771876118102064,0.21653261601780455
0.33274906483787214,-0.15549179911613464,49.322334326281464,0.18572929284426448,0.27745526106466656,0.21405405900532465
0.3341354568514479,-0.1543136090040207,49.65289278591436,0.17664136660498897,0.2755785236596952,0.2117921828567776
0.3361022776795247,-0.1561797708272934,49.0541680937303,0.007993716829564602,0.27124067122166656,0.2110011684847056
0.33628339024551807,-0.15605777502059937,49.17393622005123,0.04833618412929717,0.27039099641455094,0.2110870758171341
0.33497648588752166,-0.15535518527030945,49.25531247596856,0.061412068068682685,0.26898963434070783,0.21014074017114664
0.3350094810320638,-0.15459083020687103,49.46246605213979,0.1009217283812597,0.26733507228167674,0.20662941499817827
0.3353446089724649,-0.15384304523468018,49.73301093899221,0.14700770244205777,0.2686540739407306,0.2049752038613094
0.3345847330500762,-0.15333980321884155,49.84399337381363,0.181143726024587,0.2666236485233182,0.20328252441021163
0.3356811712886509,-0.15290182828903198,49.856036285160215,0.07868940251256616,0.2615709862316637,0.19962520760964617
0.33568284460840453,-0.15219290554523468,50.25747707091529,0.16236179240143783,0.26168610756478405,0.19771300833421068
0.33492646219596184,-0.1501849740743637,50.88754622598059,0.2678685939348023,0.2650395557584715,0.19604686328859805
0.3314315548244774,-0.1514076143503189,50.126221351882066,0.20830955348527286,0.2582873807261474,0.194190887295791
0.3322156492954504,-0.15102678537368774,50.26578405920673,0.1377392998877778,0.25354440548157225,0.19099105948337305
0.33196727541702153,-0.14998412132263184,50.590500306424794,0.18304932783150327,0.25367093806755375,0.18842624491144444
0.3329331418663765,-0.15086442232131958,50.46883832595138,0.20868580147864188,0.25436633572116474,0.1880467650490234
0.3335374351754851,-0.15284767746925354,49.72781964606189,0.1704391076143931,0.2515336316547852,0.1880837910599313
0.3335716830327756,-0.15379363298416138,49.51598052673133,0.1334408649880692,0.24748144445402637,0.18650969813683554
0.3332843708281063,-0.15277552604675293,49.723649022721574,0.11956094759372299,0.24498312543666015,0.18447789174340903
0.3334131731818879,-0.1533123254776001,49.65207729608787,0.14626412080446,0.2457999086439762,0.18476055299413235
0.33590111374070336,-0.15397176146507263,49.66828906818261,0.13342466181204388,0.2442536831451749,0.18452729471467105
0.3346409569819834,-0.15451376140117645,49.63261863325896,0.20831997859663107,0.24567901845911058,0.18484825885328962
0.33525184390933893,-0.15500760078430176,49.54401253436741,0.2105954309338864,0.24536063814020734,0.18452298919016077
0.33487835297138546,-0.15440133213996887,49.95219969893557,0.2503672427101806,0.24679971417791619,0.1835134828037118
0.3347495375709551,-0.15494132041931152,49.77375321603244,0.25833560174271203,0.24702793473946266,0.18234291248957493
0.33469596242534877,-0.1554184854030609,49.680361166000765,0.26207805460650013,0.24661100847920275,0.18142893181717554
0.33499919327289834,-0.15539558231830597,49.638602718567924,0.25643767975809484,0.24636139847669114,0.18121531724617315
0.3353980074711728,-0.15495778620243073,49.766694628894335,0.2637322523440916,0.24616468520777898,0.1802611043903752
0.33579351214955766,-0.15576350688934326,49.65550333687398,0.2636952143992398,0.24611354236428837,0.1808243426792683
0.3344573622559155,-0.15650036931037903,49.52458189067364,0.25933709301171065,0.2462912880686751,0.1818467618515591
0.3346906556813669,-0.1551038920879364,49.95419610658935,0.318913352563293,0.25219505373514756,0.1830617192895191
0.33331742544808746,-0.15528517961502075,49.9737778757151,0.3174352813939597,0.252164390000532,0.18320527367623687
0.32831918755420236,-0.15514826774597168,49.96246987469281,0.29282424499189735,0.25049322949737785,0.18313885895892207
0.3289106882644379,-0.15682782232761383,49.61772701834472,0.29195042978086255,0.2503375733203858,0.18320075149897067
0.3327441217080644,-0.159140482544899,49.31780507826402,0.3461183787412312,0.25573800530163043,0.18459144317359447
0.331075385451128,-0.15849602222442627,49.69596461898715,0.42604198859944914,0.2648395194787326,0.1853977094910918
0.33001913802565025,-0.15831685066223145,49.75056626720555,0.376163750798939,0.25934564289744355,0.18601159211009086
0.32791784435916144,-0.15902642905712128,49.684799328911815,0.3766353006810181,0.26043143547180964,0.18675790984449914
0.32744143209146387,-0.1596032679080963,49.53525907188476,0.3591032103085123,0.25945197208138737,0.18770985557737158
0.32736055429276956,-0.15634685754776,50.10831057733687,0.3231951566518973,0.25675557640380664,0.18720674980996665
0.3244402791262475,-0.15637090802192688,50.04424760816375,0.39988501211619826,0.26449978438422395,0.18724582202760912
0.3279919082255206,-0.1547371745109558,50.37199567348465,0.4363384952238548,0.2698750684825787,0.1873174141860531
0.329280364992953,-0.15640272200107574,49.756096635694476,0.2722651313339299,0.25411872995224594,0.18742976627692354
0.3325957057345582,-0.15551963448524475,50.06597855625666,0.3708965062083804,0.2626555443569454,0.18830235452567592
0.33213577932004634,-0.15597566962242126,50.01377474197733,0.3370624120260432,0.2591646231284141,0.1882542257916089
0.3306403562360886,-0.15594618022441864,50.25202209272007,0.39062791001032277,0.26439075809847457,0.1882939377124366
0.3325373584855548,-0.15671098232269287,49.97346739955631,0.2717715640196301,0.25417013964809876,0.18876660535700718
0.3301845098778908,-0.15736950933933258,49.7029807945911,0.32376485031909846,0.2584880261616309,0.18948126863661016
0.33157235495087023,-0.15741580724716187,49.71760639620686,0.30786693335388987,0.2570969354768755,0.18931114213315864
0.3306268801701948,-0.15618836879730225,49.9450144831571,0.30087964332196676,0.2573130665693733,0.19012078931525303
0.33218349755087395,-0.15620972216129303,49.91698067409211,0.297173187200854,0.25716277341079574,0.19089697743853742
0.33143866575489267,-0.15706098079681396,49.717142862954326,0.31795101864865705,0.2593654583209358,0.19143868269246248
0.3306454387926841,-0.15704263746738434,49.815985502046445,0.37868890243217757,0.2661695078606825,0.19167266441599393
0.3308008789583348,-0.1555958092212677,50.09659819734156,0.3831929727089751,0.26738888787434073,0.19164633061466876
0.3302980545114766,-0.155375674366951,50.09544081933397,0.37306395336932907,0.26661334735733694,0.19150215523469563
0.3289727357857879,-0.15657228231430054,49.75210660782538,0.32416061446205785,0.26215301612897385,0.1915659976608466
0.3252686703822609,-0.20480042695999146,42.52452807936365,0.4107369285480837,0.4050349135671965,0.31762525195185315
0.3254949640579576,-0.20281249284744263,40.858975266880016,0.13878923265778068,0.3822241921080076,0.31569012990742995
0.33035872035272335,-0.18902966380119324,43.266314846672856,0.21119535505518933,0.4017432648481508,0.3174502175897094
0.3339637719602947,-0.1722501665353775,45.835516326928015,0.342457355720614,0.44030009131851156,0.32311934250646646
0.33280829489972635,-0.16669733822345734,46.70177888667074,0.3498327629791446,0.44519278344384705,0.3244995354260155
0.3300420753045519,-0.16044946014881134,48.220995073284755,0.32470271924224076,0.44677558610462226,0.3260525177497277
0.328944938451383,-0.1561608612537384,48.74828034001167,0.3884524355058996,0.46621725672572734,0.3272228467010046
0.3231477204963258,-0.15730349719524384,48.8682251210062,0.42119716897118525,0.4758937687402828,0.33015219491692793
0.3226004413788558,-0.14966708421707153,50.83908392222934,0.44459610621346274,0.4836605610251908,0.3297054570716531
0.3224201645564107,-0.14264237880706787,52.54764362347188,0.4307499912493365,0.48410508545755804,0.3269594192851916
0.3221435333996037,-0.14449232816696167,51.99505302614964,0.42709894963303324,0.48739759469643057,0.3287052817381756
0.32216538167219855,-0.14565721154212952,51.73954827258475,0.33307915230060364,0.4716076433008357,0.3286010846257228
0.3225750873900251,-0.1447162926197052,52.10760199279189,0.40554277912958175,0.48818210152095254,0.32581726792100685
0.32101623804210877,-0.14475494623184204,52.01443941192574,0.44955350783226944,0.4985537247110345,0.32671920651887926
0.3225437439551951,-0.14463523030281067,52.24787633207003,0.46371355962510363,0.5057470777860724,0.3270700924532236
0.3224732603751169,-0.14438173174858093,52.17569865852599,0.4826751224045557,0.5120247976650796,0.327086523825685
0.32229182086778324,-0.14429353177547455,52.20584517080524,0.4564861424754558,0.5059426908495649,0.3255938315915656
0.322182478320183,-0.1438746303319931,52.50178322311989,0.3673599034389287,0.48658721742351385,0.32461803991529664
0.3231241401170039,-0.1429387927055359,52.74931965828299,0.35893515220913413,0.48511138295656425,0.32436551000620284
0.325524935358259,-0.14328143000602722,52.93115679377084,0.338749982676727,0.48152894205386443,0.3230859611041967
0.3259990142508984,-0.1443341225385666,52.731647572362135,0.3282183778250994,0.4795329862505691,0.32431997555778275
0.3270277756317173,-0.14312924444675446,53.09081559234132,0.3174798431592501,0.4777876583057726,0.3222519242716997
0.3256244377061501,-0.1428910791873932,53.447105820697736,0.39243434565473134,0.49035661513259043,0.32005271494913046
0.32460141886729543,-0.141770601272583,53.252258402089716,0.42500063579664976,0.4970401025218535,0.31995839548451616
0.3246322764890273,-0.14182309806346893,53.162449302864594,0.3757444763443342,0.4869852831312244,0.3203666442287253
0.32426981508901787,-0.14335864782333374,52.71427286401956,0.35809381697837506,0.48364479082621836,0.32187825802970915
0.3237595137223152,-0.14391058683395386,52.58215835951627,0.34804119491259344,0.48099458699501385,0.32189413421926283
0.3296947071680792,-0.14742439985275269,52.29732796090222,0.22315582363390374,0.46316117845556415,0.32331123884983676
0.32644704103838595,-0.14772741496562958,51.868062954145145,0.3839804982010533,0.4873525307479199,0.3243786608526696
0.3249188245313066,-0.1477341651916504,51.63919964830226,0.42870287343424635,0.49745717894095137,0.32517283924844376
0.3227986873337702,-0.15003696084022522,51.04313513595271,0.4247886622228069,0.4965377020974172,0.33070637256306296
0.3198645575054691,-0.1518281102180481,50.72501423602884,0.47118248169783666,0.5068282426087203,0.3320727174005538
0.32094279301190176,-0.1523401290178299,50.73361106552207,0.4198567438001075,0.4940055098838469,0.3328650211398113
0.32144793961015167,-0.15229831635951996,50.923935610562985,0.42684840712408495,0.49546358997825446,0.33364385523528506
0.3180175273674911,-0.15053701400756836,51.57474361472686,0.5256448110262195,0.5180256478198403,0.33200740398515477
0.3198357533676674,-0.15096600353717804,51.313010596661464,0.42243530763290726,0.48980316933380913,0.3332356969183479
0.31978638347352095,-0.15295735001564026,50.70985034376133,0.3843452323166381,0.48052248471828,0.3419030513117909
0.312450678770863,-0.14589187502861023,53.48440444172895,0.6657384734847344,0.5428119902113129,0.3351424736446256
0.31224123505191587,-0.14705726504325867,53.251538053047774,0.652065796696767,0.5324375226658815,0.33394116191270146
0.3098273078197449,-0.1478191614151001,53.006943689727315,0.6422021565596254,0.5253706344431854,0.3336530166005294
0.3083305122788726,-0.1482928842306137,52.951809465190564,0.6819080355547109,0.5396324961607709,0.3325089284825306
0.30308180801198353,-0.1479225903749466,52.93892989723394,0.7022501215545012,0.5422464084566162,0.33278894131579934
0.30082523676932993,-0.14685751497745514,53.186892985598554,0.7815930715161168,0.5709467170411878,0.32858321943468
0.2977169165664818,-0.14971134066581726,52.52774671672606,0.8232518121054658,0.5884961626655364,0.3277140916874654
0.28961538392773106,-0.1498396247625351,51.78398917431041,0.9064358723829664,0.6325712866662084,0.3257066261231866
0.28143710593397037,-0.1487969309091568,51.70510772043339,0.9386855992142603,0.6455084506036164,0.3210811169630613
0.283489542107987,-0.14687205851078033,52.13651562211488,0.9358803814561911,0.6347228648590615,0.31393877554269733
0.2744621345437216,-0.14631202816963196,51.44298924393148,1.0199374801355383,0.6680113536311245,0.3019575418795421
0.27171772572985575,-0.14913685619831085,50.51687476188834,1.0314252102885375,0.6668747218314994,0.3000149131410731
0.26187090587858863,-0.1562308818101883,47.80545537688311,1.0549771794272231,0.6735820192505981,0.29891322736225145
0.25739287366864594,-0.16168713569641113,46.1428332587942,1.0794291604372914,0.686233669545877,0.30059181318307887
0.25021997888677633,-0.16345779597759247,46.180408127743135,1.102747874136243,0.7053175293589681,0.29779249629016635
0.24648842209266478,-0.1673559993505478,45.230428051765934,1.09092008961716,0.6803975078762327,0.2989985145961872
0.2465005963195471,-0.1678788810968399,45.568190433823695,1.1070808681980329,0.6874683893093148,0.29641260288526333
0.2442895658624892,-0.16883181035518646,45.32485683980278,1.122646014242441,0.6949141308293344,0.29711760964470224
0.239398256065713,-0.1701270341873169,44.89363327221925,1.111803458891136,0.6717316185729844,0.29612546381439253
0.21742298001229754,-0.16878995299339294,44.98880315552203,1.190749252133759,0.6885573484404084,0.29990134400589624
0.2177328898878628,-0.1627422571182251,46.423369934155794,1.1675416705307038,0.6472386274010238,0.2974694141906025
0.20632748165295317,-0.16157619655132294,46.83580877271191,1.2425610128228683,0.7183406282729216,0.2981037149578781
0.20202038967941155,-0.1595647931098938,47.324309925803696,1.242770520299602,0.7094779116759301,0.29640791956321877
0.19633700841513874,-0.15748465061187744,47.78340964228015,1.3002174598434442,0.7810843394245565,0.29817845539408655
0.18053912835950167,-0.15264466404914856,48.89757114444029,1.3447025133553503,0.8428072853327435,0.2947589701384841
0.17269251478851608,-0.15068385004997253,48.86695785271631,1.3497047713669503,0.8278358819988542,0.29631312503444984
0.1570780135432558,-0.1503692865371704,48.86530200584014,1.379301062285277,0.8740610955457239,0.2964214938515567
0.1569863034264713,-0.14806431531906128,48.58017751884872,1.3837958051081958,0.8989747298496148,0.29544080092241937
0.1478127524895715,-0.14643126726150513,48.47547562173811,1.3947520037851104,0.9020746573548724,0.29544938759245376
0.14537877951892106,-0.1460554152727127,48.34771374737004,1.3944526515197528,0.8920252009017609,0.29623372026669564
0.126472347042634,-0.1444675475358963,49.008994687208734,1.428099178367448,0.9297699104978735,0.2942473489095946
0.13473867137195208,-0.14461587369441986,48.69614636015487,1.4166192106142181,0.9119457960891221,0.2963200990623607
0.1345799803988471,-0.14114269614219666,49.52440357223258,1.4249076394871303,0.9055248143767013,0.2963055851732468
0.13196884680634105,-0.1423282027244568,48.25613273125874,1.4241803537375548,0.9149115047699952,0.2979195530227044
0.13709493521744445,-0.13970033824443817,49.3093251401567,1.3996382143339001,0.8209594176023042,0.29526724780760777
0.13966345732580732,-0.13951899111270905,49.808444138941645,1.3964183470652298,0.8128849978633294,0.29622986943389057
0.13955773661070425,-0.13627856969833374,50.83669052062108,1.4034806972135607,0.8266783102424412,0.2957289375542728
0.1422199321516455,-0.13734176754951477,50.48523793815531,1.403520267860265,0.8873640555389953,0.29577811729969417
0.1415634904847216,-0.1375093162059784,50.916465691141106,1.404556043182611,0.896278879896496,0.2967111104966325
0.14338945102491252,-0.13645803928375244,51.87744917762557,1.3842599327179803,0.8100255580118876,0.295872502633833
0.14459337466388505,-0.135404571890831,51.94512667901243,1.3845368372306048,0.812963691371022,0.29406629903377957
0.14280932717369677,-0.13577216863632202,50.71244774957995,1.3928895268248187,0.8540470453782,0.2933886923399182
0.16428794146383874,-0.13554590940475464,50.72980840677449,1.3522882126163966,0.8158673672902819,0.2844575933728594
0.1622131494875772,-0.1369643360376358,50.36688011176765,1.3672280453462278,0.875280043416784,0.28647561250489795
0.17295520188322555,-0.13808919489383698,50.6811734143321,1.343638438289583,0.8359495927931129,0.28521215910647085
0.18619113090572265,-0.1412779837846756,50.09535864702745,1.2637032183789114,0.6887801590304532,0.28520454627295916
0.18683588550150312,-0.1416138857603073,50.025291495735814,1.27120697697132,0.7112335534640426,0.28493126441226735
0.20010175977561498,-0.1449020802974701,49.423878017106354,1.2415961519182601,0.7318224160544038,0.2868113027069853
0.20586593899721134,-0.14556504786014557,49.339215311379085,1.2236202307288984,0.7230450318817022,0.2858119884589533
0.21290832273098673,-0.15398143231868744,47.713247028347496,1.1964462878459916,0.7113107194199331,0.2862960865615782
0.2263057934034601,-0.15423674881458282,48.211298823905125,1.1862974595070217,0.7265059921360351,0.2860991744743146
0.24314256321332353,-0.17123626172542572,45.067811234476714,0.9759458673902023,0.5593849815554153,0.29172401257227226
0.24466009232051839,-0.17208532989025116,44.73179491478045,0.9446021728188944,0.5542874668472777,0.2922794236041765
0.2564108525570301,-0.17089618742465973,45.09231016637875,0.9656005938715094,0.5892535467258981,0.29269588707881017
0.26714181976190177,-0.1703672707080841,45.72694593995308,0.9070413524807793,0.562561937359566,0.29754587876662175
0.2819726796877481,-0.16996845602989197,46.21831696621188,0.9203367445906525,0.5867391843005857,0.2986148799093878
0.30820521845537036,-0.15718530118465424,49.6613716347565,0.5865890319526612,0.44406554611001847,0.297399886247695
0.3123806833502897,-0.15741685032844543,49.91263378362831,0.6861978414611429,0.47924432212850226,0.3019741025536159
0.3153723473392173,-0.15801939368247986,50.261421567507625,0.6420966018210136,0.47454516745885617,0.30456290577936446
0.3193599849972839,-0.1589791476726532,49.90601849052045,0.5437188445065181,0.4561185208535449,0.30570240106047475
0.3219361373850637,-0.15957243740558624,49.895576876313115,0.49479140823112533,0.45235030770792284,0.3075358320944938
0.3227422876571599,-0.15641339123249054,50.676717291094675,0.4778851110679862,0.451506359610196,0.3055635622183123
0.32388364794394,-0.15329305827617645,51.22160249489844,0.4501080407448313,0.4504187275671747,0.3028272083756449
0.3234081994132201,-0.1465604156255722,51.817219578649166,0.19593769846794132,0.42063478418360584,0.30591609284937543
0.32643783263108345,-0.14725616574287415,52.209717460666276,0.22058808000517804,0.4221805491627955,0.30520839104172043
0.3239623842979365,-0.14612248539924622,51.615586986761436,0.2474169458080782,0.4304567505830354,0.304897999652101
0.3237724803011714,-0.14679020643234253,51.50459073550909,0.2226325091466615,0.42900494827692054,0.30544448396659324
0.32345573688128787,-0.14786984026432037,51.247824055448035,0.2044913609142042,0.4259073473882929,0.30578655433969637
0.32319761160091226,-0.14771579205989838,51.013703817275115,0.08062711066995602,0.4164499286924853,0.30526586209941203
0.3247074061853514,-0.14743171632289886,51.127971402227,0.040592234645827584,0.41830894979547995,0.30614969046143375
0.3239715801820279,-0.14728876948356628,51.11073960449713,0.08209361079866044,0.4215892376551541,0.30646787516815605
0.3265339778598728,-0.14697691798210144,51.081091088722694,-0.0039150056319102846,0.41570381962358016,0.3059520736842486
0.32429249076096117,-0.14619195461273193,51.30236496571355,-0.01764257686986116,0.40409545816357995,0.30584166072374014
0.3270380417586272,-0.14607062935829163,51.262254897342146,-0.293063804787229,0.39855952042679993,0.30055403332427905
0.3300315255347219,-0.1487218737602234,50.84387985963274,-0.4395498341506072,0.4141023346372668,0.2992846003116711
0.32769781275100385,-0.15021459758281708,49.55383141146352,-0.5126799595769537,0.41947135649244255,0.29886669140847844
0.3257278020491033,-0.1507245898246765,47.558352694367215,-0.49573297690805457,0.41325007479307807,0.29761397059598743
0.32262116662884444,-0.15062180161476135,46.62412718569956,-0.4732528018076984,0.4037823981768737,0.2968608069004465
0.32165514858185706,-0.14984525740146637,46.45756998025743,-0.657459162036673,0.4417959419073178,0.29601210765685604
0.3215756250920834,-0.14873594045639038,46.7421363365398,-0.6533115020543682,0.4326123096748821,0.2946544248155266
0.318678182878534,-0.14644233882427216,46.846431360845706,-0.846102823288283,0.4996956704502476,0.2928149977750042
0.28668799968074,-0.14538918435573578,45.94327323797187,-1.0945135140719713,0.6427321621874946,0.2913339761314508
0.28158445187843006,-0.14351950585842133,46.378067033362214,-1.0818541253212781,0.6144132714440207,0.2906299121309582
0.27011057196825,-0.14042110741138458,48.712352003379884,-1.2120045420990968,0.7476065229519143,0.290451866656565
0.26033007458404384,-0.13724514842033386,49.992666583271216,-1.2300580260223615,0.7510695746713149,0.28696691805319813
0.2504037382777603,-0.13497020304203033,50.37459588916186,-1.241396222592962,0.7506535438819609,0.2794940112830706
0.25231168874037035,-0.13182228803634644,50.499182606066114,-1.2139156860788964,0.6967910935778744,0.2725734075419842
0.25185499331788647,-0.13161200284957886,50.72681584555271,-1.2264960895583115,0.7243639993419841,0.2666530491205299
0.24003683233612813,-0.12774266302585602,51.75252805461478,-1.2652182499158084,0.7803269039323366,0.26502353709597526
0.2378923487826077,-0.12259772419929504,52.603890885627614,-1.2627848002465032,0.7744801670460748,0.25832811277399614
0.2319113087059746,-0.11928175389766693,53.12213552484452,-1.269913871436714,0.7896792466892422,0.2565367349686071
0.22571680951289644,-0.11842812597751617,53.691865084723204,-1.2793274081925652,0.7998839219183189,0.2552662172339444
0.21529455410617787,-0.11463910341262817,54.81354550558815,-1.30620414135364,0.8369312091707057,0.2473570657018732
0.23350282875895523,-0.11326941847801208,54.49234475296028,-1.299366729846565,0.8058945917699281,0.24005521279075187
0.22560655697515175,-0.11450931429862976,54.511174889532974,-1.3263621358734015,0.8417470022830011,0.2441958552248852
0.20835463046201702,-0.11220385134220123,55.410080915952655,-1.3756518551821773,0.9121963415869727,0.2398005591046605
0.18968725076772194,-0.11285077035427094,54.501068536210546,-1.3889065441383603,0.8927852529011965,0.24446077200118396
0.1550080955479216,-0.1050214022397995,57.38119778301396,-1.414599400842251,0.9239406329823903,0.24717515490217948
0.14862582804815003,-0.10399152338504791,56.84464939113597,-1.4163108821027632,0.9116936933091573,0.2502040272938983
0.1383066212460171,-0.09619350731372833,59.80853999940989,-1.4196345806654282,0.9275918945045627,0.25784399801157876
0.1278716586089745,-0.0943678468465805,60.13093678162855,-1.4341765694267419,0.9404340961883556,0.26158529846509976
0.11894677575779035,-0.09262852370738983,60.48633602828627,-1.4434378390638576,0.9308546594947796,0.2626553764560933
0.12277628003874565,-0.09443166851997375,59.77807719434652,-1.4415353606276482,0.9134859393214027,0.26145859501591945
0.1264001380617639,-0.09503445029258728,60.48192830845149,-1.4362510068651375,0.9001916408066666,0.26338272803618884
0.1571741756959683,-0.10683436691761017,55.458754678238606,-1.3807050966677492,0.902449970056723,0.25357330590002974
0.15931598889540766,-0.10649386048316956,57.1849509845724,-1.3816295603964632,0.9009138403676178,0.2630630618439987
0.16451513722070316,-0.10526905953884125,56.65666533094929,-1.377393416187467,0.9016106504941395,0.257602672018273
0.16648392162559913,-0.10599647462368011,56.631822794805686,-1.3689080463590808,0.9000122038393801,0.2660551857479105
0.17286535630749275,-0.10480897128582001,57.01341844215449,-1.364756014800826,0.9027388742791166,0.2689808686938709
0.19519086770252717,-0.10899457335472107,55.151869101361314,-1.3118950639498708,0.8276654498824613,0.26397113526716764
0.22129870986913805,-0.11562363803386688,53.362544395081976,-1.2991253559192042,0.8393176170252318,0.2688925053281164
0.23070540609470916,-0.12020286917686462,53.43993462063838,-1.2691843144891837,0.7850913250105307,0.2671065965641079
0.24469617653011402,-0.12372542917728424,52.11403737831989,-1.2196383434673017,0.7172261121997329,0.264156238597821
0.25897195181484883,-0.12585194408893585,51.09231754918535,-1.211454026094611,0.7290850560923036,0.26472442466651275
0.2727548385618261,-0.12733863294124603,51.155010032920195,-1.156820865010055,0.6668965067557566,0.268655955580651
0.2729157333502889,-0.12825638055801392,50.90315655163019,-1.1526432198418923,0.6721323759686612,0.2691092189226897
0.2809091803796971,-0.12930384278297424,50.22722984184393,-1.094770054938029,0.6221688965320938,0.2718767787965999
0.28562732543673414,-0.1305733621120453,48.931413479813344,-1.0375196176695964,0.5736879179027956,0.27307284070849047
0.30176288989705397,-0.1386091262102127,46.134265406182784,-0.8184604413109089,0.48776242048254986,0.28211215944952256
0.3155083476241955,-0.14090260863304138,49.963620982499194,-0.7347565121937277,0.4703249096200429,0.28311032735022984
0.3224012292327586,-0.14143656194210052,50.75486532975914,-0.6533325620485175,0.4422513095488295,0.28421974528835986
0.3285247485482027,-0.14343170821666718,51.54916292703833,-0.6954674860117078,0.45814258578643485,0.28451132807399443
0.3292428358502155,-0.14655563235282898,50.61867806924609,-0.42096958416996266,0.3945472397834861,0.28423025001007407
0.33004058703838024,-0.14708054065704346,50.61353779605719,-0.19021757065811168,0.3802347500993618,0.28662838894741055
0.33513647650765716,-0.14853933453559875,50.96686964627711,-0.28084981691654415,0.3919543911101276,0.2927245954730326
0.3375586222661586,-0.14929591119289398,50.22434892576986,-0.10171618133271179,0.39557910150167663,0.3020883959345562
0.33940391523173996,-0.1486062854528427,50.99127816125614,-0.05641143503899748,0.39726870034684003,0.3043451531638043
0.3397193576294541,-0.1486751288175583,50.78149180618627,0.017525099907644944,0.4007783845919858,0.3063040204783817
0.33825387134613333,-0.1475382000207901,51.230944371616104,0.008399966193111924,0.40312011375779067,0.3014944418996828
0.33294872087178545,-0.14733894169330597,51.53863673037976,0.1327136833114985,0.4079882589914672,0.30062577196661117
0.33091937794435633,-0.14733584225177765,51.27239353993016,0.0940714917177159,0.40605409699680217,0.29909130784669524
0.32963655478707365,-0.14811351895332336,51.02494293263107,0.0839021212415543,0.4080183118983227,0.29971469879349383
0.3278832469620384,-0.1478440761566162,51.13352305233578,0.07672801815086616,0.4084897888574146,0.29745833536654864
0.3238258389950055,-0.14667090773582458,51.415462752152486,0.14416378009599762,0.4087171473888281,0.29754588105461655
0.3238581986490478,-0.1462913453578949,51.50702894810708,0.1103294656954953,0.40577026561779794,0.2967794974571979
0.3236444822773983,-0.14591483771800995,51.61830898264492,0.09387761313980485,0.4030366486210246,0.2960208908139939
0.32225055004311,-0.14533734321594238,51.68620839076491,0.08409243284707656,0.402067733386539,0.2950089170965367
0.3224687381429386,-0.1456007957458496,51.70072067598162,0.15703817911156376,0.4093019208938817,0.2935969689367211
0.3223480662325105,-0.14734968543052673,51.194920506368824,0.2117070991791751,0.4163430667427392,0.2940696435826378
0.32164531537248936,-0.1488780379295349,50.74446078474231,0.23641846566428418,0.4201970723456275,0.29623324924546246
0.3204538022500032,-0.1481473743915558,50.97358667749152,0.26172393246062914,0.4256486009968905,0.2974055986146636
0.32901730497795584,-0.14855164289474487,51.12149848943582,0.24705540190232142,0.4254654739685287,0.2989601656236004
0.33202060695930374,-0.14603449404239655,51.67218096088783,0.19374444230784826,0.41909636303848546,0.2974806236195081
0.33383573713513937,-0.14209504425525665,53.010354397397485,0.36632338087580674,0.426124460475922,0.28351285024365297
0.33031442699259494,-0.14159202575683594,53.18323181246102,0.44377725730077466,0.4410693863853064,0.28410910205784207
0.3305310266929077,-0.14403316378593445,52.82514723988114,0.29636943798795307,0.41829354887597797,0.2854698989131631
0.33047765311220206,-0.14369924366474152,52.83926368283827,0.2831366935015853,0.414781705418292,0.2842994867502409
0.3323889607239749,-0.14381618797779083,52.95053991182639,0.30468734478406334,0.41560823347882336,0.2842478307107131
0.3312186916005254,-0.14364579319953918,53.45783071517493,0.42244128933678,0.43123762061460774,0.2815480797036049
0.3300982152653837,-0.14099818468093872,54.03014907586334,0.41818035470741494,0.4270648585785048,0.27864055978694596
0.3305250568554249,-0.14178702235221863,53.42826154771693,0.2880246200591879,0.40257285046937696,0.2771885695616862
0.3300701647164646,-0.14038684964179993,53.704298832444316,0.28690377359192826,0.3970416621935084,0.27201533091717
0.3316252747440947,-0.14167363941669464,53.44913377406524,0.322132412039308,0.399246353417612,0.27037871485692994
0.32493505895026215,-0.13909944891929626,54.02108250374885,0.5460895415865585,0.4218490019757022,0.25409713489252433
0.3267339091770761,-0.13921816647052765,53.280533599987905,0.27889474227173455,0.3727096063790014,0.25292893472939537
0.3280971736248531,-0.13937774300575256,53.75241388094437,0.22663882937765376,0.36570285953607107,0.2485588477005981
0.3297507035540403,-0.13950426876544952,53.71946599231013,0.2573289023145179,0.3676174386645286,0.2491053170816533
0.3319742543080647,-0.13979315757751465,53.8483930564881,0.25504176089299324,0.3641905103811132,0.24666637152008508
0.33157040300828716,-0.13961803913116455,53.92727707201612,0.3003298985908066,0.3598556194277939,0.24186637666206057
0.331698761399846,-0.14109347760677338,53.438042833889874,0.28670080358786904,0.35582863270562,0.24288426206852953
0.3334191701186748,-0.14062313735485077,53.6240603151049,0.21813225484394128,0.3499749373299752,0.23877000068864968
0.3331826830312802,-0.1403915286064148,53.62418110131659,0.26834409572955925,0.35508162514165553,0.2372406544995728
0.33314943092280036,-0.13981835544109344,53.64738578996127,0.28663486530122434,0.35596736198203927,0.23635973852536282
0.33250134259329656,-0.1397850513458252,53.509024815689294,0.3129187130517116,0.35937138388805345,0.23527753756608455
0.33104881434102995,-0.14017438888549805,53.20969637032627,0.256380296813972,0.3436212641217441,0.2342533284470608
0.33027653612306934,-0.141885906457901,52.52367112004489,0.19525178116519637,0.33921412938829676,0.23418352028329628
0.3299390014149564,-0.14147165417671204,52.85251938223734,0.28625121981492335,0.34524459584232553,0.23196059853083845
0.32986806904935795,-0.14042487740516663,53.11679152786014,0.2585963449787911,0.34132468594545784,0.22970604040663847
0.33044997018148936,-0.14034128189086914,53.58722788272561,0.31116336703652175,0.34772989117216613,0.2283505431206782
0.32903023781448615,-0.13962548971176147,53.631772452142684,0.33327831047815654,0.34739483014639894,0.2281355839085064
0.33266799194859253,-0.14078675210475922,53.40271289983102,0.1828258605280297,0.33360278606723365,0.22844985217537533
0.33282683075111613,-0.1406623274087906,53.4246751047331,0.22739802452391877,0.33493994731584614,0.22795098144888723
0.3361064283269064,-0.14069129526615143,53.47172206654022,0.24241680262742088,0.3364537856867787,0.22806581997719094
0.3363983331681268,-0.1404305249452591,53.69790068555872,0.22791981900114142,0.3344884351589292,0.2271876805553918
0.33677848407365085,-0.1391424983739853,54.04846934359761,0.22535275079864564,0.3302165040103173,0.22598226536467905
0.33576965777073187,-0.14094778895378113,53.49040001888393,0.2779858285109716,0.3342568715070951,0.2286374623146198
0.3332377033688414,-0.14109179377555847,54.21151454357029,0.523171829226636,0.37065918724699826,0.2302612972615938
0.33319450272869555,-0.14189201593399048,53.769883068973954,0.4679854028611873,0.3594338509165439,0.2313579787748681
0.33316462385492646,-0.14354461431503296,53.463015015926345,0.4117649362040276,0.3473581240322005,0.23250824532506437
0.3335653996879202,-0.14424394071102142,53.11886521183142,0.404519213809773,0.34784682221214885,0.2340705181145603
0.3322390926065838,-0.14854848384857178,52.235721857949756,0.4142618038188926,0.35227082450008695,0.23496307888076798
0.33134803753569847,-0.1500624120235443,51.93028138872765,0.45109255944838655,0.3584143341025996,0.23582182540849295
0.32822104926511225,-0.14977285265922546,52.68888826493196,0.5892127911177394,0.38693232278934375,0.23646614647651934
0.3230174837591968,-0.1481897532939911,53.463198924394554,0.6747040719344337,0.40789162445357985,0.23867009872044337
0.3214122352936977,-0.15249429643154144,51.99949448138919,0.5276260495042542,0.36665109489103226,0.23925957212147222
0.3191889090120107,-0.15364360809326172,51.901912412485004,0.7872783773843095,0.4348714426068482,0.23903836117133348
0.316793399807778,-0.1602725386619568,50.51135665779121,0.7755019357938363,0.4279006035514497,0.24250176919852798
0.2994469105653489,-0.16475871205329895,47.72270951569906,0.9242951151735578,0.47901128682728816,0.24473491217945095
0.2799139351531256,-0.16644468903541565,46.413605249916756,0.9837264611854822,0.5066691977707103,0.2448279969344146
0.2560718841088659,-0.1663925051689148,46.10177235418571,0.959498247671095,0.47817386461817835,0.24596322429691522
0.24662116457852898,-0.16936153173446655,45.3323201827095,0.9487302437899224,0.46463964521794626,0.24726342197942366
0.24330569082224252,-0.16922730207443237,44.934829996621914,1.0342812633524248,0.5180150616255903,0.2471907979586126
0.23478785769598057,-0.16906845569610596,44.62155729408589,1.0250178861183827,0.4976303657337009,0.24564649754406628
0.23345406663762364,-0.17112812399864197,44.083268801971265,1.0808442214109795,0.544749245976596,0.24594810073845594
0.22734624949254326,-0.1704108566045761,44.58651988808998,1.0939331945576865,0.5405565575241257,0.24370178180686206
0.2268259506366106,-0.17196311056613922,44.53315408728513,1.1748176167089617,0.620857245823134,0.24534905007893107
0.2042096277246456,-0.16439302265644073,46.54037977369196,1.2498940649522594,0.6268352625803636,0.2471386368088537
0.185750513871294,-0.1612158715724945,47.563451859991254,1.3317877466430976,0.740478852438331,0.24575631010299298
0.1790691734521351,-0.15762460231781006,47.15676239101167,1.3323374689975542,0.7151783711907124,0.2445115349742099
0.17123008698089667,-0.15637458860874176,47.22010545248636,1.3511195219831158,0.7301021712293153,0.24565656688096443
0.1622906337796161,-0.15512752532958984,47.08648269288699,1.3674298128700806,0.7305468507130816,0.24476115809680446
0.15832120963791302,-0.1521221250295639,47.78024895273891,1.3763557387911094,0.7262713704845292,0.2421338122497053
0.1495634376605664,-0.14979016780853271,48.33409484845914,1.3874034190942504,0.7290672218770324,0.24223113698323265
0.14341274512980834,-0.14847654104232788,46.7746330719768,1.3738407470356955,0.7250413109361024,0.24248007437437727
0.13397465312110537,-0.14251697063446045,50.61324722822239,1.389286067366001,0.7392559796410191,0.2421560978836351
0.12629970307114244,-0.13630284368991852,52.65232794117311,1.3980265141470216,0.7441847709203456,0.2411850590507263
0.11861740167698906,-0.13242526352405548,53.51357564680778,1.4006988353335001,0.738347047643474,0.23913854101127485
0.11674186151612087,-0.12332725524902344,55.65369767273112,1.390670947902467,0.6992078181451821,0.23488287788500153
0.11886994513439414,-0.11488375067710876,59.62079086858861,1.368428240490987,0.6566538758905587,0.2328934606982432
0.12044268565098158,-0.11602061986923218,59.46518130186291,1.3550359273800765,0.6219669066532719,0.23131553717439182
0.11115955215386408,-0.1151629239320755,59.130050778586494,1.37730961540287,0.6785274183646747,0.23075683004038164
0.11463335168426499,-0.11552439630031586,59.67353995777809,1.3677481302094496,0.6501325147585895,0.2311184668681261
0.11503703516137088,-0.11386081576347351,60.77409709635815,1.3637107640693202,0.6518597631695477,0.22860880514581436
0.10237933181262739,-0.10828173160552979,62.342562064836414,1.3767431913929928,0.6756275776050744,0.22234432658667183
0.10210627472396007,-0.11113563179969788,60.74142206346246,1.3893684080937296,0.6605345080070456,0.21962462706584654
0.09485677317771532,-0.11251156032085419,60.57432902440287,1.401675038783574,0.6945708780357523,0.21967944669053063
0.09272252028302753,-0.11789250373840332,58.67614369859495,1.3945431767778487,0.6638979249440423,0.2197832573119624
0.09571599661115651,-0.12270201742649078,57.86459302725006,1.3867878311537913,0.6440229714082085,0.22087405032480265
0.09695677990298779,-0.12401597201824188,57.06459501118518,1.3922343930572016,0.6437162515716414,0.22186876218765106
0.09206178276035497,-0.12107731401920319,57.74924712093774,1.4034317183199685,0.6788639842565604,0.22224178103365216
0.09017740956364581,-0.12150348722934723,57.59507337416931,1.402904894334368,0.6732642128018651,0.22338440865813602
0.07870057442327216,-0.11936295032501221,57.819426624532014,1.450348618548454,0.7240588118785847,0.22455227281397763
0.0828250714408457,-0.11704425513744354,58.551577759528335,1.4426550486672671,0.709843367662359,0.22699239619869016
0.08535660298178932,-0.1180880218744278,58.47614397947244,1.4359822503033963,0.6885966659416252,0.22981826349178988
0.08594967373229516,-0.11757946014404297,58.615468629434275,1.4314948431531889,0.6755124422134746,0.2327069455855598
0.08887742075708316,-0.11998234689235687,58.53030675080507,1.419843546648236,0.6375376162626265,0.23849287513225323
0.08977574561327346,-0.12056486308574677,58.63519594269188,1.417980151850546,0.6858018211563988,0.23794386153860203
0.09402957272610686,-0.11643870174884796,59.728506998390756,1.398929381163632,0.6441336806676707,0.23808930114950586
0.09988853498921847,-0.11311270296573639,60.50741781754666,1.3903728014048673,0.643813838540097,0.23883757431783925
0.10134835124499128,-0.1130770593881607,60.53283009492726,1.3936510848051142,0.6758205265159872,0.2409396124969615
0.11035446208907915,-0.11387030780315399,60.29760800983493,1.377476442738974,0.6408106944535986,0.2437543547424025
0.11027716903015472,-0.11359548568725586,60.3595381666494,1.3737263052894608,0.6458053438040124,0.24520346961777015
0.11397574172840727,-0.11628945171833038,59.51196571454443,1.3752194643772089,0.6577289603807059,0.24580196595397494
0.12786012616725395,-0.11702267825603485,58.81553434614229,1.3607312234172835,0.6528539647389633,0.2439065467492962
0.13108454270388883,-0.11966943740844727,58.11699548556915,1.389428212070104,0.7541057055880266,0.24543045273985017
0.14154371337859206,-0.12369601428508759,56.817279058481596,1.3772862905284398,0.7386584488132009,0.2462581546769788
0.17157017535278424,-0.13504663109779358,53.50595458652715,1.329391228368161,0.7138002052541932,0.24175904637492654
0.17731626516435867,-0.1382213830947876,52.233697486367895,1.3409232513515865,0.7535335534964106,0.24283591069788363
0.18705841858718092,-0.13975800573825836,53.36820615259762,1.2702456181809885,0.6486695061006733,0.24017820526337416
0.19468875483563408,-0.13957105576992035,52.81217879402369,1.256483328517319,0.6420980340280271,0.23972136579102324
0.1992774391503789,-0.13895395398139954,52.790401301990066,1.2347504497510624,0.6334182633814066,0.23943840605794636
0.20448248705211172,-0.13822545111179352,52.806921268065615,1.2377889852627493,0.654939293451057,0.23868870308930787
0.2040931354666524,-0.13791058957576752,53.49777963288288,1.2143774532954303,0.6327422679093202,0.2373354299458511
0.21697552957421481,-0.13680943846702576,53.97692624214304,1.2183270216060216,0.6526073935184443,0.2352042122835065
0.2241617339801837,-0.1346675604581833,54.30418420734954,1.19931160817141,0.6397768408555072,0.23118046704740627
0.23134364626656828,-0.13787947595119476,53.93218986199103,1.1191708131006615,0.5849433254636393,0.22845893673427334
0.23393759887792387,-0.14097853004932404,52.766534545614206,1.0659956730843314,0.5445335838681838,0.22990204605035924
0.2382306435259793,-0.1429641991853714,52.05422585352228,1.0481023114545798,0.5381899068647394,0.23191583197896767
0.2418606740983636,-0.14325377345085144,52.03190375178163,1.0173516688288682,0.52076130274497,0.23078991257420975
0.24788098146664872,-0.14316844940185547,52.447051594029666,1.007193768078285,0.5186196063929501,0.23170470384785094
0.25469927856540875,-0.14560313522815704,52.0196000195615,0.997553911286466,0.5154329180372399,0.2324612407533594
0.28352100857632545,-0.14811380207538605,51.5754986232929,0.8300499399290014,0.4358629367865448,0.24267092801935614
0.29503251389749013,-0.15203988552093506,50.759153006840705,0.7199384597022619,0.39683392702905984,0.24319096957855887
0.30343365331563665,-0.15343457460403442,50.742792405212725,0.6573121230176847,0.3836044130972826,0.2432492512617043
0.3119102249111376,-0.15478193759918213,50.45986597057147,0.591299252053337,0.37139872846523964,0.2426163224794645
0.3125233506362713,-0.1555642932653427,50.67288817670348,0.6311574587870084,0.3854952051514165,0.24325236975294903
0.3273551747705478,-0.16059339046478271,48.420375821200764,0.22371223780611038,0.3336997066481876,0.24835014667363503
0.332597207372977,-0.1646106243133545,48.19387558430805,0.28046936259038074,0.34167799235893254,0.2537193319555644
0.3274344181478524,-0.16405612230300903,48.26238239490541,0.3227658220367729,0.3551247853225704,0.2578279688286223
0.3196201345759854,-0.15856021642684937,49.485348223757505,0.2214403137027627,0.34542141127844866,0.2550415655539032
0.32341861774428576,-0.15661731362342834,49.598566346843924,0.22669051258816147,0.34448127996685174,0.2541864231611459
0.3300553435946156,-0.15230122208595276,50.74572753110021,0.2496368904826939,0.34521642005309155,0.2597760957120799
0.3282386584204973,-0.15116684138774872,50.76480371726294,0.1675900241586333,0.3335838195419445,0.26009237378264627
0.32558354786461474,-0.14920674264431,51.17923459869935,0.1594122016257751,0.33023292661146547,0.25787950417517697
0.32033647331944476,-0.1504722535610199,49.67040257945631,0.054738921939444574,0.322466147028409,0.26184195589347214
0.3240901670111572,-0.15437865257263184,48.79552041709066,-0.1675270477280522,0.32583439884557686,0.26141948958495365
0.3236687665882565,-0.15380297601222992,48.93265809589139,-0.07286609521226109,0.3179468031804797,0.2610555258234906
0.3238900790920206,-0.1531571000814438,49.32011833255079,-0.016647113538459497,0.3162949131132656,0.2605230180206196
0.3229208107496287,-0.1523539423942566,48.683917550989364,-0.18165060803179325,0.30853034540956353,0.2555705487508739
0.3227638332157014,-0.15313895046710968,48.582934568710364,-0.07093140928511506,0.30416884966593755,0.254950711211024
0.32311418003870024,-0.15253089368343353,48.133518886841756,-0.4203632225358255,0.317209807940591,0.2540909240144385
0.3204447913715841,-0.14997634291648865,46.83843752653261,-0.6628179362386251,0.3544315687547879,0.2518415557904079
0.3198556346305566,-0.15507496893405914,46.33353073486666,-0.8653443566805051,0.41874023928188775,0.2508729832070082
0.29545840173911325,-0.14577417075634003,45.565829692950864,-1.0280351206969736,0.4959276755687485,0.24545311582822582
0.28765481726657455,-0.14707812666893005,46.19395437862313,-1.1144415834693389,0.5632803285983281,0.24619793398922818
0.27542030787140825,-0.14769671857357025,45.97010100005209,-1.1878683867264366,0.6364075737321611,0.24666886969828578
0.26689018168802525,-0.14573974907398224,47.27201595592769,-1.2141634980423521,0.6554553824708592,0.24545821315239716
0.2658206071758167,-0.14593057334423065,47.28499050407036,-1.1929279053384563,0.6247903661492388,0.24493138547193097
0.26399220349950964,-0.1453608125448227,48.22898377567566,-1.214484693302311,0.6452512509760591,0.2448835402022025
0.23404639153008366,-0.13947302103042603,48.88508318433226,-1.2926550566782116,0.7327455384765573,0.22978220260669094
0.2208908225255804,-0.13764843344688416,49.25384083541149,-1.3228197245218551,0.7552210440402632,0.22699944837686287
0.21605584204939873,-0.13588260114192963,49.69220355718313,-1.3328187686074993,0.762464129332943,0.22568238217788905
0.21590056628953408,-0.1348526030778885,49.67915776388249,-1.3382191088358824,0.7644028143338162,0.22424325421568028
0.20869952872624323,-0.13384541869163513,50.24989164185904,-1.3496372847408755,0.7831452144114361,0.22395325253795786
0.20773589099434706,-0.13345912098884583,50.356591094306786,-1.3502475598356176,0.7724627710554101,0.22410010886420634
0.20522119855358653,-0.1332855522632599,50.6464922612287,-1.352049334487432,0.7640005860108914,0.2251192583884477
0.20278267355082732,-0.13430649042129517,50.535395954422356,-1.3603317951048597,0.7964674971706938,0.22749975778612494
0.19837885232977984,-0.1339007467031479,50.71651974631036,-1.3629204111050277,0.7986487778621322,0.22830136460920675
0.1956552388808745,-0.13444405794143677,50.12050011415918,-1.3681451863799208,0.8186667927897657,0.23073381984465746
0.19063682578288432,-0.13420218229293823,50.17966963733249,-1.3717038378643367,0.8202121339500487,0.23163123856806542
0.1890033920710718,-0.13300961256027222,50.30115900136873,-1.3725263110193355,0.812018659855201,0.23071957161386042
0.19064230591568737,-0.1326463520526886,50.49313785670183,-1.363708844184096,0.8113167295949629,0.22983088452735656
0.1933174330598295,-0.1324158012866974,50.65774450354693,-1.3571351459871288,0.7837466043762853,0.2298653970568112
0.19484967724749103,-0.13322106003761292,50.36860535127698,-1.3545370315648173,0.7856262331214376,0.2293832577503176
0.20463450873325534,-0.13222050666809082,49.851307506862035,-1.3373964682298023,0.7633047100596195,0.2277205915545685
0.20826521148401375,-0.13271769881248474,49.55003517239415,-1.3309453931788267,0.7513888561690352,0.22884346124151164
0.21530391964990825,-0.1354207545518875,49.68721979489914,-1.3313790821310714,0.7627074339485319,0.2307384328609507
0.2215460212654603,-0.13589754700660706,50.17009448550961,-1.3253767731348387,0.7560901873239005,0.23228604438497727
0.22371241204554854,-0.13648729026317596,49.83406834269324,-1.3182441556449476,0.7458449967816904,0.23296355129377902
0.2277930371768216,-0.13578937947750092,49.39663581167428,-1.3150287366367421,0.7532990809490914,0.2329864415292942
0.23124688810125674,-0.13589584827423096,49.12955938155781,-1.2978808326553808,0.7390478409094898,0.23233142748818306
0.23852452848478423,-0.13625769317150116,48.66155824118513,-1.259719562431915,0.6980467434936455,0.23087864456333912
0.2530011879611103,-0.1400652378797531,48.079717966596974,-1.2179002027468346,0.6608528634967372,0.231490995710978
0.26041851267331434,-0.14122462272644043,47.37083770994316,-1.17232885289953,0.6140402157591022,0.23294981768094883
0.26566887413225565,-0.14417554438114166,47.62520508017541,-1.1412885040341576,0.5872396021928401,0.23254096565506208
0.317351034995906,-0.15144246816635132,48.10930614564667,-0.6242437879743605,0.35116976638050645,0.2344361045971708
0.32276065131180287,-0.15364548563957214,47.899900996050754,-0.21003959484282914,0.29972790002702115,0.2399460200922983
0.3201532568355084,-0.15396228432655334,48.383245720918886,-0.0038364056206666997,0.30151691888950344,0.24233751675582557
0.3210280592531429,-0.15561765432357788,48.500155623776486,-0.04100825709881974,0.3043725831584081,0.24743184162590962
0.3213787744471658,-0.1536577045917511,49.095338909094195,-0.10438005240821348,0.30845126193218364,0.2483255602903094
0.3226097049881791,-0.15379707515239716,49.287337176301996,-0.023283739204245153,0.3108188539460341,0.2495437602874441
0.3304068097611781,-0.15388649702072144,49.82344313591761,0.009843464199410902,0.3216029433517783,0.251461856573904
0.33274961843892553,-0.15115658938884735,51.34446125297645,0.28741575353891774,0.34001717804284903,0.2520507781260277
0.3317148572178773,-0.1506306231021881,51.25653227096916,0.19925101315027471,0.33485564243028887,0.2528475979017748
0.3296013180564324,-0.14940184354782104,52.25046292817047,0.32651863335206055,0.3493588638135465,0.25311973037519514
0.3306768287687312,-0.14879320561885834,52.546536784783775,0.31773489087223433,0.34871294103306394,0.252353396495531
0.3284475542942218,-0.14808616042137146,52.44503366060369,0.2799953624946855,0.3469746684447251,0.2532076058786882
0.3271313985979668,-0.14755544066429138,52.47835394217804,0.3666787914425735,0.35871020995039193,0.253528814950302
0.32750002429878844,-0.1470613181591034,52.36407479789739,0.33112266192843176,0.35427730293568743,0.25311975573098006
0.3265476671733425,-0.14727137982845306,52.189030105686534,0.33120826436460143,0.35357450980085386,0.2537633593711526
0.32832974717235225,-0.14606313407421112,52.73981121656317,0.3444010415289274,0.3591887888216523,0.2535466079519452
0.32887268600745073,-0.1457265168428421,52.76157768784184,0.3480240935103749,0.35810073231927103,0.25374199057434155
0.32830934754872587,-0.1457194983959198,52.6715453343327,0.32174759513472156,0.3549991316830992,0.2535439693694584
0.3270287352294669,-0.14624015986919403,52.3929678804096,0.368698360354187,0.3612311361264493,0.25425287897891
0.32827842102412996,-0.14524972438812256,52.48545790421406,0.33102693175995,0.3535503328326598,0.24410405057729215
0.32777660038834155,-0.14459162950515747,52.59578282860956,0.3525816610781864,0.35677367802308063,0.24305757047359716
0.3273696534982784,-0.14364668726921082,52.7857446861031,0.3461212523437631,0.3530496633021281,0.23963009314130995
0.32867727680315945,-0.14532127976417542,52.53790501250269,0.36326805046151744,0.3526487595891733,0.23941542906801427
0.3282375169498623,-0.1429678499698639,52.89735334380836,0.3520792429846096,0.3479745705295788,0.23633223487381544
0.3320461339300117,-0.14373022317886353,53.05620186801067,0.27664736268321605,0.33867762732634105,0.23327590699812606
0.33067159508968685,-0.14367221295833588,53.1535934352351,0.33925256572252627,0.34310417897946316,0.23351097598005474
0.331714097529588,-0.14690665900707245,52.32466794463083,0.32241447793419326,0.33750096762159004,0.2334624609269824
0.3316706375846115,-0.14615440368652344,52.4362275729906,0.31990075161702924,0.33429394799297274,0.23159724391772996
0.3307473088524553,-0.14379194378852844,53.22369111606973,0.42577975819771485,0.3405016299980351,0.22491621936459802
0.330910566288159,-0.14153724908828735,53.829242841856,0.4547216774424805,0.3428060934870767,0.22497955743487105
0.33090976509760106,-0.1374567151069641,54.90631258297012,0.5320915628264801,0.3519744142701182,0.22201800510434166
0.32988430620230813,-0.13583354651927948,55.17597815956117,0.49260977243525295,0.33765961505907244,0.2128374064847743
0.3307874488234417,-0.1361810564994812,55.112013353696796,0.5432697722042933,0.34822906424728994,0.21433311878011713
0.3323418376628626,-0.13677313923835754,54.91030779205202,0.47398238005224436,0.32664310052972434,0.21053148589163043
0.330568237744411,-0.13788987696170807,54.549121232228664,0.46005232777717964,0.3251826399983445,0.21189741729487374
0.3300531598449945,-0.13677605986595154,55.02161340070802,0.5367037704480982,0.3366406887561913,0.2112671839035364
0.3307226214396103,-0.1395300030708313,54.07123424410856,0.40604480897005635,0.31400338086689333,0.20921507605535494
0.3302840240891591,-0.14068152010440826,53.79964168688707,0.43223707153426305,0.3179542988768475,0.2077999961654964
0.3319756340835207,-0.14160017669200897,53.44599081353614,0.39548965983288226,0.305769773943377,0.20334720022759803
0.333054706044259,-0.14256826043128967,53.15302119383037,0.39669971314037095,0.3053429160633029,0.2028985801882796
0.33263693739193706,-0.14657294750213623,51.514903082352625,0.20749154179939738,0.28703897379961196,0.20202862434274285
0.3315326795246099,-0.14732010662555695,51.37399247226768,0.24769967696036013,0.28795967040782716,0.20213129991469142
0.33072732175100916,-0.14765332639217377,51.33581392502235,0.259423646169285,0.2870551222322526,0.20157643985607943
0.33168755862304233,-0.14856359362602234,51.31635169930445,0.28346222564600954,0.28677136953325305,0.2014130777205323
0.3331336521973144,-0.15076488256454468,50.89058387826521,0.2920382746288556,0.286727543619885,0.20282552575780038
0.33367377040627505,-0.15485650300979614,49.98333075905432,0.25816339599408245,0.28291228463554235,0.20422139851152368
0.3340989282564957,-0.1569722592830658,49.63711426214767,0.2849642360607477,0.2833973657995745,0.20625729703803086
0.30386963097975783,-0.15220145881175995,50.840747916503744,0.9323134209745536,0.42853282481970006,0.20634114139225057
0.29139873144653805,-0.15197303891181946,50.87835272878142,0.9451415703863927,0.43232275352813104,0.2063101508735947
0.286190886610023,-0.15054325759410858,51.531516416822534,0.9820415094894445,0.4482394393104671,0.20498318701231763
0.2786971933099159,-0.14764799177646637,52.29961159005649,0.9709812302969564,0.43613555799275544,0.19983252293778553
0.2794710096771068,-0.1445513814687729,52.6814716492051,1.0047787396240657,0.45193392367770535,0.1956111438165537
0.27960941683082025,-0.1406211256980896,53.954078641018924,1.0166594483099067,0.45385578923615927,0.1957006552640186
0.27720302535768443,-0.13731078803539276,54.86942256002044,1.0560756306516539,0.47626315471827046,0.19335119132877024
0.2747236771257689,-0.13630425930023193,55.18411155231446,1.060658970475428,0.4760793415011559,0.19471062564850494
0.27168086048045464,-0.13157181441783905,56.26887807924357,1.096235498724313,0.49749274145982775,0.1941729008943181
0.2528640195192331,-0.13620765507221222,54.83095276346313,1.190970241142068,0.5536480346043933,0.1962948862253099
0.24614209919786456,-0.13556979596614838,54.404662616319825,1.207046507492465,0.5484250966775827,0.1962669884326413
0.23890356304873486,-0.13574133813381195,54.18845381510899,1.2339422570800052,0.5678829985002963,0.19606066603611097
0.22449248027659272,-0.13847310841083527,53.2516681796268,1.2805807192895862,0.5851607065353159,0.19489507021960917
0.20704569832836736,-0.13810211420059204,53.60608156420442,1.3151221061051044,0.6312652212650065,0.195972894962043
0.2024845460614356,-0.13866373896598816,53.34639230928405,1.3217134808543944,0.630190069628419,0.19576798111050336
0.18056404220946856,-0.1475890725851059,50.01186044138833,1.360761759332924,0.6747848393393469,0.20095271643545815
0.15732797341560642,-0.1496415138244629,49.53324268227478,1.3889213066255304,0.7153176816436291,0.20286777892851937
0.149829717692429,-0.150370791554451,49.62998941755126,1.4056597901800716,0.7306460659184328,0.20362769113555204
0.13822779424701556,-0.15216031670570374,49.45576559896691,1.4160824836226222,0.7311597918353608,0.2069075852210165
0.12302752856508566,-0.1517096757888794,49.72736657271685,1.4343992735723738,0.7950243367696976,0.20882287993121773
0.1291071327777635,-0.15104982256889343,50.07410439434619,1.427380380337856,0.7593614804449844,0.2086888936331441
0.1243228405325777,-0.14702272415161133,50.900908287549186,1.4242074356916907,0.7455229787921493,0.20707790927386488
0.10269667319861815,-0.14217005670070648,52.61691331339774,1.4531637760306402,0.7968610627612279,0.21232756232685612
0.10705615006911617,-0.14310787618160248,52.498821167902115,1.4404221047990542,0.7628304871567944,0.2103821757434987
0.10499348717279491,-0.13783183693885803,53.73285637671459,1.4333777097378446,0.7303277933409075,0.20674171842170191
0.09628661523009466,-0.13771189749240875,54.05790026194029,1.446410600264677,0.7446135537628227,0.2056999512578329
0.08921281935598387,-0.1332961469888687,55.284540857902165,1.444385250582986,0.7336305125986656,0.2051305407499283
0.08204199768203248,-0.13716311752796173,54.538492968906084,1.4476558659220167,0.7291219767727988,0.2055190549256791
0.07368866345397516,-0.13576018810272217,54.825022350409945,1.4563262389662859,0.7236282982873269,0.2054036732993895
0.07972403876953668,-0.13128916919231415,55.899723979610016,1.4461329713688074,0.7172552002760513,0.19967577365204658
0.07197404643919067,-0.13181309401988983,55.529320786503774,1.4433157048786944,0.7023609506869037,0.19729472411864316
0.07368562251360027,-0.13302327692508698,55.08728677867682,1.4393121196921024,0.6970497903218882,0.19863021965767197
0.07507946843479547,-0.12727409601211548,56.33301702549981,1.4390065316646827,0.6810346533423671,0.18903433129548872
0.07531034906467722,-0.12026485800743103,58.21157622662273,1.4492673347898897,0.6609180745044175,0.18745895807799418
0.06899759571843511,-0.12519292533397675,56.30293232899152,1.4521411524662147,0.6689906213688891,0.18941914840816235
0.07151691479095929,-0.12352482974529266,56.47034609408301,1.424038661619667,0.6470278773052579,0.18212026674321358
0.07119284668495644,-0.12629085779190063,55.965733903819476,1.4363075999676584,0.6569640392610863,0.1833884390039858
0.07381369403257967,-0.12671616673469543,55.92520963430418,1.4364810122482619,0.6574738901465697,0.18037603199513272
0.06925629030096637,-0.129080668091774,55.06295146242339,1.4430848075202873,0.6751923934440793,0.17824552350165623
0.05721713041666954,-0.14056554436683655,52.86690835777615,1.4856808317683583,0.687291447738302,0.1827652194222628
0.0643083520855863,-0.13609007000923157,54.03819295914348,1.4729228923354674,0.6843438634666776,0.1821690948347474
0.06555301296941805,-0.13442853093147278,54.16716689913071,1.4562384256468182,0.6673874759923962,0.18596305251922496
0.06640244747621926,-0.13435888290405273,54.43906085864514,1.4573530150017504,0.6894347183046696,0.1867188558030791
0.06745294692203539,-0.13390617072582245,54.52093802203986,1.4490403673129926,0.6793264780715137,0.18506238784245563
0.06775778602189109,-0.13365745544433594,54.541586743261135,1.4517666671563232,0.6802757849638733,0.18233313812660068
0.06289721819770128,-0.1332964301109314,54.05215448896648,1.4442041000288803,0.6485746672825646,0.18402004547832052
0.06541788684068316,-0.1475428193807602,50.73612049066439,1.4588798431303425,0.7027693516345335,0.20854003029997417
0.08000524329489533,-0.15561166405677795,48.16175079807443,1.4517233806916792,0.7109610336825836,0.21557024816485557
0.08297941759899616,-0.16175028681755066,46.768200891145746,1.452834834310942,0.725327291682435,0.22065686308172233
0.09086063054859907,-0.166531041264534,45.65282678213517,1.4479904775886054,0.7323119141573471,0.2238649566013875
0.09749070264202901,-0.16690930724143982,45.4290132555938,1.430174442063026,0.6979900873050336,0.2250811559141458
0.1006996121482806,-0.17073465883731842,44.342946177045256,1.4276645992503965,0.7023034032834451,0.22850548952407693
0.11835223452053295,-0.1775902360677719,42.38701178811159,1.4219916539349797,0.7115939452444935,0.2270619279440634
0.129530007060118,-0.17754240334033966,41.98748665318299,1.4039647447156804,0.6947837753977993,0.22581077292340243
0.14309591099892216,-0.17955946922302246,41.40022521787411,1.3841082262175717,0.6740705518516571,0.22360785053596294
0.15713875969224783,-0.17918594181537628,41.68046447900124,1.3485020119456117,0.6264452292485356,0.2195744548816474
0.19366995030604378,-0.18283842504024506,41.013439732172166,1.2234754476693965,0.516262835224049,0.21543812296449752
0.20823616020266594,-0.1818884313106537,41.32514823691489,1.1580228551265193,0.4754298561222354,0.21385836110591058
0.22602806733043482,-0.18207865953445435,42.23064725288816,1.0830641297287515,0.429674177709214,0.21328024194931963
0.2549375631326492,-0.18062086403369904,42.81738546520309,1.0772061644820234,0.4369019075874274,0.21066457283141304
0.2653672175405924,-0.1822347790002823,43.58456668174878,1.024480869157068,0.41146249606917895,0.21050059190153578
0.2777534673653025,-0.18070143461227417,43.75800908104083,1.0211835888979488,0.42723911568505113,0.20999212482684107
0.28252855693673745,-0.17694394290447235,45.0944600794691,0.9866144917805592,0.41384286240146284,0.20938060389427574
0.2858105400558822,-0.16465583443641663,48.668935222153294,0.9261970236521444,0.39765072162741066,0.20789023710668794
0.2975869390910828,-0.16737249493598938,47.6241684183749,0.8704829390584623,0.37389218250398376,0.2097657627932693
0.29954348398857855,-0.1678643375635147,47.73822535924644,0.8267115946633741,0.35956755909569244,0.21180106871086557
0.2990823705645975,-0.16825662553310394,47.73263032889529,0.8231680656115227,0.3613722823527075,0.21376201821119373
0.29957918065776185,-0.16681475937366486,48.33176025348928,0.818968139199843,0.3626681124936794,0.2141978795925136
0.3020240953343482,-0.1647532433271408,48.84901949730206,0.75891652477424,0.3450147608049884,0.21422440683528518
0.3054232359696099,-0.16441701352596283,48.969835371775,0.7184480941185721,0.33550460427692846,0.2145242360180056
0.30903322502147007,-0.16340917348861694,48.95694731773591,0.6703812028738171,0.3292631012488599,0.21472981360326518
0.3136766325883998,-0.16531197726726532,48.37973193516777,0.5939411161895666,0.3164066188909314,0.2160851758488327
0.3142609831560435,-0.16152188181877136,48.733605077544055,0.5017400369125768,0.30362775538772624,0.21594052761072718
0.32411235967202573,-0.1637841761112213,47.7216400213142,0.27281872471393076,0.2893387651608702,0.21625042855603474
0.32391289382109295,-0.16328711807727814,48.00242752811854,0.31106791341465534,0.2925874785528363,0.21685066720682117
0.32354420208773155,-0.1628251075744629,48.413185908592695,0.24263836571429206,0.28839539800863395,0.21689315919361188
0.32724334912359104,-0.16092334687709808,49.136890382283696,0.29295554412514746,0.29442314399718106,0.21614040216036792
0.3279106172897302,-0.16044606268405914,49.17055937999732,0.27173382990369305,0.29454604470708834,0.21691107284606423
0.3284790188611682,-0.15906275808811188,49.33327369145641,0.2684451267440516,0.29556816242815614,0.21673760983897708
0.3293226436053621,-0.15672428905963898,49.79802678949917,0.20899383832627416,0.29244598168756414,0.21467937347185792
0.330264594743536,-0.15546853840351105,50.25793556752572,0.20236142774345758,0.29429782321657944,0.21380927340169945
0.33102465242777374,-0.15529772639274597,49.76189525064661,0.06282218309714581,0.28730789681974006,0.21471876038248544
0.3320119965217626,-0.15412482619285583,49.99695667121111,0.05416324674915503,0.2855575845895083,0.2128656699186166
0.3329415111944869,-0.15379565954208374,50.137645089943966,0.0896736701678777,0.2847848152642059,0.21272385123249607
0.33093480383408913,-0.15205630660057068,50.69508737218859,0.27251773343235947,0.2940666391551099,0.21184532080547092
0.3312948879869152,-0.15020368993282318,51.00974751391111,0.24687984424115017,0.2911693199569469,0.21173249534006094
0.3301187280609767,-0.1476546674966812,51.93012439122632,0.34183463343592685,0.2986758714488075,0.21151460652256876
0.33481510116261354,-0.14843976497650146,51.49639315400255,0.11006861946554883,0.2842719582085895,0.21174194313673142
0.33499571234627773,-0.147345170378685,52.072955087134254,0.2636263304246759,0.2917628482264949,0.21175683762047845
0.3356201624695881,-0.1459227353334427,53.023968401841934,0.40567561977356603,0.30638271912891335,0.211880441238275
0.33624091423326186,-0.14529992640018463,53.16059581578389,0.3211789571600174,0.2968596402603766,0.21188356166165734
0.33621258123119263,-0.14439697563648224,53.4611954093561,0.4110491956688373,0.30750728536085925,0.21283936072881196
0.3382844409599216,-0.14398448169231415,53.41401573084928,0.37210565313485644,0.3031589692971933,0.21346330027887067
0.3378276836982466,-0.14300493896007538,53.521417412751546,0.3837690711348396,0.3048562469660732,0.21412919112171797
0.3360172226136758,-0.14360427856445312,53.28192008404396,0.2810315656393695,0.2936323008606685,0.21593685567989165
0.33068410102117657,-0.14138557016849518,53.49213080061672,0.1810694319838717,0.27766792115918765,0.21307303455249496
0.3302561402824706,-0.14285282790660858,53.108568260294916,0.15516461158466638,0.27729749919822905,0.2139937072436527
0.3301477511391607,-0.14677993953227997,51.679257992453806,-0.0015318177273432364,0.27180463044249675,0.21480357011167736
0.3290957022719028,-0.14664191007614136,50.918776931016936,-0.07284610114634243,0.2678243307966489,0.21500501761400706
0.32670408466110534,-0.14633002877235413,50.10639753129506,-0.10711502671683423,0.2655988576304393,0.21275263847136555
0.32170079511488636,-0.1473904550075531,48.13571102343809,-0.5745830458122235,0.3031323351499728,0.21201166382097536
0.31870293319135773,-0.1466694474220276,48.1031685360191,-0.5204151624429743,0.2863969160241875,0.21196608024034877
0.31787397674671863,-0.14758986234664917,48.04196229050451,-0.5593151634743311,0.2882665133171459,0.21147577273628176
0.30816498223918193,-0.14690563082695007,46.411180499497604,-0.8903983073160661,0.36650579004162026,0.20779485506132905
0.303149021044614,-0.14793896675109863,46.36071460673698,-1.0127268162842729,0.42619254832520476,0.20634218869730672
0.3033582244567439,-0.15019801259040833,45.88840793774156,-0.9616875774320877,0.3909639647717391,0.20750237301272417
0.2989328858516558,-0.15017807483673096,45.54019612468564,-1.0033850460745792,0.4084855181970247,0.20804448835884254
0.2909711116680097,-0.15191321074962616,45.35620903244773,-1.0967653240805841,0.46851205166319637,0.20879022382109086
0.2802584427552496,-0.14999088644981384,45.12447394176646,-1.1108897384618677,0.47303887869513717,0.20894567468257655
0.2694337885067381,-0.1499287635087967,44.71999908431492,-1.2002265930141385,0.5562068643847236,0.20939303335815498
0.26522401971870385,-0.1491747945547104,45.22089411911796,-1.2122159554392953,0.554965909315903,0.20875989558461824
0.2516837297840259,-0.1473189890384674,45.9234161351093,-1.252038801060347,0.5985517630740141,0.20674801272297633
0.24431486944334624,-0.14634013175964355,46.3260009049545,-1.2767668615826113,0.635394143633304,0.20646547064497403
0.23255838773350718,-0.1460803896188736,46.77221749872677,-1.2794170587050164,0.6264807846831237,0.20517571243839366
0.22616573855489658,-0.14593437314033508,47.503738183041456,-1.3016930881735695,0.6514097616573902,0.2045779636390756
0.20862594348895921,-0.1454607993364334,46.60492384646352,-1.3387465253377244,0.6752333967464099,0.20429090481823045
0.20372948062882615,-0.14460346102714539,46.98827665783214,-1.3507762873870788,0.6911819564104879,0.20309928058434806
0.19840536123772887,-0.14553995430469513,46.41745476923681,-1.364731885056746,0.7175396841605446,0.2041592355501832
0.1838166743604989,-0.14293043315410614,47.3555214532302,-1.3823804187625324,0.7286037392132405,0.20293537042320228
0.1684047633795268,-0.14183709025382996,47.8128187128051,-1.3998440993190393,0.7446094404544683,0.20416657482317527
0.1577949492027483,-0.14188070595264435,48.092686962201576,-1.4109876305402227,0.7583388762129262,0.20503877783195087
0.13974142501149076,-0.1382853388786316,48.94873317491126,-1.4291532385399601,0.7324737144281629,0.2033362510996368
0.13998683668352072,-0.13660138845443726,49.75770951742926,-1.4309764274065089,0.738547521862233,0.20355087314420583
0.1395908321917141,-0.1382063329219818,49.95575391378617,-1.4349920574968387,0.7244853602219891,0.2055289099325132
0.1406188224580674,-0.13862988352775574,50.54318924709038,-1.4349031754071484,0.7284002215406077,0.20756271265355802
0.13113640213850078,-0.14538246393203735,50.392029218705446,-1.4559270249992264,0.7339502590189856,0.20905122398936885
0.1094809484853997,-0.1429470330476761,50.76224074517376,-1.4657064461869758,0.76645426536455,0.21033150235088494
0.10550770619058945,-0.14475473761558533,50.825155339155266,-1.4762423054609057,0.7770137620713978,0.21005313193789205
0.1080354840189374,-0.14608459174633026,50.53455651688402,-1.4762821573759803,0.7813496053496203,0.20911376690556452
0.10569813941644819,-0.14538711309432983,50.9210871602444,-1.4788184492064356,0.7777451008292423,0.20475807432772686
0.10652377283518533,-0.15391485393047333,49.37031836377467,-1.4816421688377521,0.779730501725267,0.21018087458882884
0.10602588440336816,-0.15147580206394196,49.8968418445027,-1.4802658973841971,0.7727346537957271,0.2098331572974971
0.10761576893131879,-0.14937268197536469,50.19044203470901,-1.4795227639593753,0.7730383869577909,0.2081326773588018
0.11548759659182697,-0.146794855594635,49.938569439258416,-1.471839492651804,0.7485502821021719,0.2062673645500135
0.11683252030144727,-0.14610858261585236,50.12684341688127,-1.4712881389608796,0.7472193370478678,0.2046067696255016
0.12196965226260324,-0.14607299864292145,50.11335766036047,-1.4696207071287588,0.7456501739976388,0.20243933752843857
0.1276344838173266,-0.1403806358575821,50.43235257425034,-1.4621712575535903,0.7234834833674045,0.19712315856846185
0.13360349117916379,-0.139304980635643,50.3452849939128,-1.4597636640433294,0.7257012689843414,0.19465763858304166
0.14128694304291325,-0.138477623462677,50.214982015101675,-1.4578972125860592,0.7219521916531083,0.1922245645745601
0.1518551117975629,-0.13917283713817596,49.03289140076207,-1.4416008789079557,0.6976612314427253,0.1898300826825501
0.16755584741051177,-0.13920532166957855,49.128483870310745,-1.4269732541417197,0.6800883669006536,0.18952155458835107
0.17316593851563683,-0.1416553556919098,48.33982570661828,-1.4243552049161456,0.6778199858013664,0.18988736099992495
0.1774915933462436,-0.14330048859119415,48.34898868588959,-1.415832742744829,0.6748987219310575,0.19040702717058888
0.2006690512276105,-0.1481354534626007,46.56753699189787,-1.3651987717682448,0.6566894057569708,0.19130220391976183
0.21015514376518035,-0.14791499078273773,47.26583099712256,-1.34016072654142,0.608715504471798,0.1909761115470495
0.2160112240389047,-0.14868797361850739,46.39929059371287,-1.3423172805422627,0.6242173440221063,0.1916572212525963
0.21444356362291198,-0.14932021498680115,45.623499838482786,-1.3347870048579948,0.6304310615641535,0.19178026660109573
0.21655204134848377,-0.1490994393825531,46.03407865712581,-1.3301803281134537,0.6266880079173984,0.19155121102239014
0.21937867046746093,-0.1496846079826355,45.92831148375651,-1.314785429489854,0.6159944221394779,0.19164812843714188
0.22473880433737797,-0.1493806540966034,46.14979977022329,-1.2922314647823645,0.6042764405535521,0.19525230623308712
0.24307437947539132,-0.15205246210098267,45.92099621869973,-1.2331127176311987,0.5263803855773231,0.19699012371950336
0.29086312524930147,-0.16194500029087067,44.675055835697535,-1.0401135602775116,0.405804237565175,0.1964287393309895
0.3130553943794695,-0.16215594112873077,45.98979457323709,-0.7812485738525713,0.3087773475458629,0.19907821630773584
0.3225096131404348,-0.1511378288269043,49.29682517837863,-0.32253761139083503,0.24495405510181284,0.19888524525819626
0.32319316480216675,-0.14966179430484772,49.78653806691216,-0.26767164156547607,0.25000202813893996,0.2005713526535255
0.3266562529110859,-0.1513976752758026,49.9969378593253,-0.24653127890985221,0.25184788574038625,0.2031112082952783
0.3277677727686199,-0.14772988855838776,50.83761214615383,-0.011499179922410355,0.2505486827721236,0.20493585645590562
0.3299546812481368,-0.14911484718322754,50.78978508295235,-0.08018654507309013,0.25381817000496065,0.20633203761726981
0.33330068306633864,-0.1497899889945984,50.431270660041996,0.0013749610438880623,0.2577265121896302,0.20781841607203408
0.3336944227913803,-0.14468121528625488,52.16158498436297,0.19162919792457744,0.26701251470727355,0.20958338621350042
0.33530670141685,-0.14535102248191833,52.04282772213006,0.1463154200468879,0.2682925315855384,0.21161588366542378
0.3375629869329098,-0.1468367725610733,51.73850595103166,0.08895455904824641,0.26824319904576766,0.2129594862658108
0.33617546845296664,-0.14478924870491028,52.0086914846203,0.04913873433798077,0.26995143765263385,0.21258140273446222
0.33471352765085766,-0.14267374575138092,52.732140282266094,0.16399394705339723,0.2751791654964652,0.21210721369892827
0.3336873017294185,-0.14045271277427673,54.839586425991484,0.33130840705899095,0.2979557607891561,0.21157469205688362
0.3351222300856041,-0.14155170321464539,54.0600091289639,0.254205954468072,0.29098202356997566,0.21176695538885035
0.3337996137421085,-0.14213304221630096,53.734743319590805,0.2748724095179229,0.2926530306757958,0.21208114010216272
0.33563622994620634,-0.1410771757364273,54.368509303801204,0.45174249015450035,0.31419821662000796,0.21226780359640124
0.33531607291655513,-0.1405901312828064,54.605537620547445,0.43872282722145134,0.31277852505334736,0.21223781093788233
0.33807375609609436,-0.14462944865226746,53.320156524819794,0.4603131966802754,0.31728029020118426,0.21308338835759863
0.33708241763118774,-0.14460399746894836,53.34538262978973,0.4309756876001058,0.31226192808957515,0.21324694318348175
0.3381822253326314,-0.14640316367149353,51.88639445974994,0.1882286478532075,0.28853165778611106,0.21217012972163682
0.33845207300758684,-0.1468234658241272,51.8533462944448,0.21495458183046193,0.29016873786260694,0.2134821823907057
0.33858696175382536,-0.14804264903068542,51.316340429162985,0.17481045273020138,0.28799138077731434,0.2132920558419109
0.3395445878537536,-0.1473761796951294,51.901994518733574,0.3590205086300806,0.3024912901520559,0.21277958337499533
0.3356098277910743,-0.14240460097789764,53.28652431881173,0.39588345479207454,0.3037831943708725,0.20282862416822894
0.3369840904567672,-0.14265167713165283,52.97218133416974,0.27522557895581146,0.29077231837558565,0.20200436018468876
0.3369510957462383,-0.14096565544605255,53.666678387907886,0.3281501662850836,0.2953385960852826,0.20016201048447765
0.33841023923264857,-0.1415042281150818,53.13518385652699,0.20967447039035905,0.2847719313528846,0.19828870831113796
0.3375018463517009,-0.14180514216423035,53.10026563107995,0.28737314502489253,0.2893390889792865,0.20024447588398572
0.33846098599286384,-0.1430152803659439,52.38131697803614,0.1320473209329933,0.27968743248165395,0.1995446135407062
0.33991189597902477,-0.14353199303150177,52.345693487909934,0.1601406805075318,0.28009905460400397,0.20086295497992263
0.33953026105854167,-0.14246374368667603,53.87388303343063,0.48121908030168914,0.3113357234516649,0.20113012947836675
0.33888133140446564,-0.14464159309864044,53.30883234314688,0.39420906655040455,0.29703555700284334,0.20125507102036883
0.33425897477362,-0.13504384458065033,56.04437460646835,0.43877113337768126,0.2975948063288565,0.19058972057065215
0.335706543163325,-0.13540531694889069,55.678596458892336,0.3474816172343956,0.28568345543537227,0.1900537064843056
0.33275313015088465,-0.13466805219650269,55.98973458223045,0.4351871304597189,0.2953797620979937,0.18780016151600815
0.33335798216087176,-0.13350896537303925,56.22989284963451,0.3844849065310662,0.28832238741231797,0.1858012876907637
0.33323098481979513,-0.13261806964874268,56.357514957674965,0.3539199012476535,0.2841122684604415,0.18146389357324202
0.334409453490457,-0.13079403340816498,56.875699774893675,0.378976863145924,0.2859176570302861,0.17860229251773266
0.3345139116986798,-0.12971779704093933,56.732785950828344,0.2812530690507606,0.275824041309945,0.1754081862695373
0.3336742684805816,-0.1290067434310913,56.909788037678595,0.23150349340197812,0.270698748335317,0.17506756470599608
0.334149527932658,-0.1288398951292038,56.754115872370114,0.19567583632083155,0.2670191014686423,0.17272751449850213
0.3338666275187312,-0.1299287974834442,56.230924038965966,0.17895125029186196,0.26562754393272836,0.17415967878508276
0.33455505301616834,-0.1335073858499527,54.32603591903691,0.07851749772396387,0.2610694790045218,0.17413546469272617
0.33014450712093857,-0.12953773140907288,56.672734507467126,0.46137680185031243,0.2849064591447751,0.17446516566950318
0.3343931732219262,-0.1317402571439743,55.46789575569418,0.26902252148730615,0.2643430347087212,0.17345686544874817
0.3371901736224909,-0.13279928267002106,55.82359855370395,0.5234409209486593,0.2943947422550578,0.17459585415383014
0.3371151440891961,-0.13401609659194946,55.54347704793488,0.4919754971019604,0.2888422918370268,0.17518385757676497
0.3382189034525942,-0.13360555469989777,55.776268531233974,0.44962230970570227,0.28239796674046,0.1753248229800571
0.3367779803889587,-0.13488319516181946,55.01424163004417,0.2970242600582035,0.2655059604454525,0.1753666227624528
0.3367346580403209,-0.13411492109298706,55.8324319493835,0.4350465051328335,0.27936849967529026,0.17563513229235
0.33670240001701346,-0.13742104172706604,55.09748806288532,0.4960303166107931,0.28785700075217835,0.17629990241551954
0.3378510477544834,-0.1370665580034256,55.24565519030723,0.4836895250742511,0.2853704515347941,0.17642560903585905
0.33834899430931986,-0.13704147934913635,54.86259256510059,0.38084384628205215,0.2702880463193066,0.17615696059594219
0.339617252478472,-0.13688813149929047,55.17401301199098,0.5398338318266243,0.29264014048866094,0.17637508448625616
0.33954991649910815,-0.13682974874973297,54.97267585224612,0.410944751631941,0.2729325182184037,0.17632484418987165
0.3373261300416192,-0.13772062957286835,54.51066327913497,0.3580704308728736,0.26695703347356403,0.1762037262522518
0.3376040249576822,-0.13900601863861084,54.72413813659115,0.5886680404053547,0.29816974823728043,0.17637388211408545
0.3390563624830575,-0.13987210392951965,53.885131726746465,0.36854443854791397,0.2659735573595972,0.17615215746115084
0.3382188639367833,-0.14041996002197266,53.45776589219263,0.27292128700745405,0.25728498067125954,0.1760295022871601
0.33835888764074035,-0.14115001261234283,53.44986035178633,0.33128673582621937,0.2632142262670835,0.17622745081717991
0.33821008918367595,-0.14117084443569183,53.30755566483391,0.32947276415194693,0.2624243335328899,0.17530803149624502
0.3392502803180664,-0.1415369212627411,53.32771172774139,0.34640210168951113,0.2633646922919753,0.17533984734130725
0.3388035104455443,-0.14223094284534454,53.174872033452075,0.37357122646460567,0.26542939323952935,0.1752346528229484
0.33912912148325886,-0.1426604688167572,52.8898214221937,0.27813976156451015,0.2551569412341319,0.1746762810933638
0.33862351227069176,-0.14286449551582336,52.96873285676739,0.3255821763625582,0.2577713284928273,0.17537669893720345
0.32964984212910753,-0.1444399505853653,52.739617942151604,0.4689372857210927,0.2697870155978524,0.1745723011230929
0.33168910841538474,-0.14470051229000092,52.256169642013106,0.34214753657588226,0.2550272432664832,0.17368952758298614
0.3313105053827611,-0.14422301948070526,52.49766507244354,0.43023176338736335,0.2627489381526798,0.17274082399522675
0.3311623529616424,-0.14457090198993683,52.389276647686586,0.45555851561763383,0.26485203465923995,0.1721928691661965
0.33032794211568806,-0.1453527808189392,52.15885588588292,0.44349583978184653,0.26240388271025794,0.171914038290169
0.3334938100666389,-0.1431322693824768,52.815997369462345,0.43034521515813834,0.259640104360247,0.17095446040084097
0.3292076772562439,-0.1442817896604538,52.73534583463214,0.7980667243778394,0.32688233900109076,0.17123618514033914
0.32216856374597197,-0.1433694064617157,52.88562696401785,0.8071644906243097,0.32755635933418625,0.1706092332806086
0.31801945371834567,-0.1434437483549118,52.705126452646404,0.8371671769996527,0.337436506736365,0.17032077515613236
0.31438208999124767,-0.14267297089099884,52.75488841020142,0.83528744766871,0.3328577017560458,0.16906215042748934
0.28326743374295976,-0.13561837375164032,54.39601809782978,1.0780911867765997,0.44689024157827617,0.16579871616438943
0.28268526552159984,-0.13179978728294373,55.4539654265344,1.0610316507908815,0.4300602238007639,0.16618590586689272
0.2788828871494453,-0.12960097193717957,56.11175641586213,1.0924694572641014,0.4493607145050098,0.1659327565211036
0.2707871105546245,-0.12893478572368622,56.207650386335565,1.136329416361913,0.4833025526246638,0.1665941250283494
0.25727173887373517,-0.12628750503063202,56.323154137958724,1.1340329155380129,0.4721895181882103,0.16448982168163143
0.25447533940963074,-0.12633919715881348,56.28972844626686,1.133461206392695,0.4656105448181612,0.16436614340089878
0.24646201083714292,-0.1260586380958557,56.60115634987718,1.17838988020603,0.4996751944639475,0.16474410729966318
0.24447126876925493,-0.1262696236371994,56.41845783254384,1.1956658995959129,0.5049677375777231,0.1647862848910388
0.23588684091885756,-0.13345025479793549,54.443908494480034,1.2363960399945488,0.5215799273820559,0.16911232576157914
0.23546068516038457,-0.13551859557628632,53.99181496985855,1.2447034798384955,0.5250110406302918,0.1691736870827861
0.23410918877487416,-0.13816261291503906,52.84165348407721,1.259027586119325,0.5361307162997327,0.16963029267040894
0.2281689983853966,-0.13675233721733093,53.392681034801164,1.2679806855027467,0.5460421790012285,0.16919155738631186
0.21662873324118292,-0.1436452716588974,51.61519405165793,1.286179938471682,0.5634736443535703,0.16958538829208727
0.21598357360076545,-0.1433112621307373,52.012203040048895,1.2960769191977337,0.5663257802899899,0.17030446807180152
0.21061788962821268,-0.1541045606136322,49.1219496212091,1.322140849943981,0.5888874828945508,0.17446378860440206
0.20211487321680935,-0.1563607156276703,46.82416413521547,1.3294750918188931,0.5941306057781397,0.17525582594651065
0.186211462522229,-0.1580534130334854,45.7237938060177,1.3461007834597947,0.6138673982335974,0.17650522891969625
0.186973111943699,-0.15924690663814545,45.93337499413319,1.3486486188340432,0.6134101833750188,0.17631322674110964
0.179407952950424,-0.16469550132751465,45.03085358373996,1.369988997539172,0.6248054745516056,0.1776103629781282
0.1802644386396382,-0.16643962264060974,44.811604711521994,1.3693267750472267,0.6168879345646289,0.17776535869053514
0.1754678697866896,-0.16979140043258667,44.00110103939505,1.380020516801352,0.6175049519195137,0.17714225502785255
0.1644653591917996,-0.17219719290733337,43.055744283004636,1.3936092750969826,0.6341030307256321,0.1781206108997391
0.11992050296304231,-0.17309361696243286,42.94851477117072,1.4419270868467442,0.6736117254032403,0.18249709497600927
0.107766401833334,-0.174632728099823,42.96296022628305,1.466748364311978,0.6942307127225313,0.18365539872551628
0.11072289992749614,-0.1724221408367157,43.55527205146173,1.4600214364197723,0.6741106425472031,0.18264935044369934
0.11224043962232749,-0.17174132168293,43.784205736828675,1.4545906687598658,0.6693557825380171,0.1809979911583411
0.11739987184006051,-0.16822557151317596,44.80412807551257,1.4427825247002204,0.6662503931667011,0.18069297133814585
0.11950245180431546,-0.16601423919200897,46.12404010813669,1.4410116966190014,0.6607846551723875,0.18079248521731844
0.11709002106567463,-0.15027324855327606,49.461258410452565,1.4341884988867992,0.6539818429119771,0.17761990737110908
0.11492652089718296,-0.14375965297222137,50.90890746988282,1.425620254486859,0.6516159262553507,0.17785986687029562
0.10022002819472792,-0.1420828104019165,51.54248056806619,1.4393318899739795,0.6827389153485368,0.17806469730606103
0.09546373555232321,-0.143637016415596,51.27893976228236,1.4452752663855952,0.6961624901002668,0.17888351084828852
0.08673647900074355,-0.141168013215065,52.02990097678811,1.442546018332781,0.6945438964180695,0.17748411032845401
0.07010388699080358,-0.13245229423046112,55.301132539144405,1.4452399983167699,0.6587931732468237,0.17725685305351357
0.06703360976308956,-0.12543895840644836,56.870059083320164,1.4583602103225792,0.6562430824569864,0.16706036187926387
0.06804330575203253,-0.12608197331428528,56.652789648999494,1.4560645914352162,0.6470585021273072,0.16774055124417603
0.06854640119827979,-0.12324531376361847,57.66976179259001,1.4636778044197696,0.6434665387506388,0.16793062251406743
0.06407593870527425,-0.12418673932552338,57.38194877167766,1.4630685825133558,0.6561976035600615,0.1646152949805452
0.06361643092579526,-0.12691530585289001,57.3682575105309,1.464260657162656,0.6594877544355894,0.1652844280819984
0.061581851938704225,-0.12584450840950012,56.99147614261104,1.4615296543830043,0.6568174978189775,0.16332890175812417
0.06288408254117096,-0.12562741339206696,57.049550541616206,1.4641203892874368,0.6616423162652781,0.1622663634559106
0.06312419602752983,-0.12545402348041534,57.07080111167374,1.465810388556101,0.6519897566369434,0.1633603216103658
0.06505394267018494,-0.12421712279319763,57.238249736895106,1.4656342143564707,0.6548275772736311,0.16249178484280363
0.06592554197922045,-0.12474621832370758,57.0714834989496,1.467606636076994,0.6529695255067592,0.16315877950409563
0.05751076869053965,-0.1265602856874466,55.87975209636689,1.4694932483967191,0.6506787448531013,0.16267509401885125
0.05971940986169122,-0.12296074628829956,56.6073261533454,1.4697065862740193,0.6489435431038988,0.16191123553435746
0.05877078088616439,-0.124216228723526,56.369174898867556,1.4709904372411127,0.6490339807011289,0.16234989020527202
0.05886213903012683,-0.12225495278835297,56.81264385705145,1.4744010160377203,0.6479533328263791,0.16243308550765945
0.05751862358594071,-0.12312518060207367,56.52277419975805,1.479858140430818,0.6513861740575186,0.1653365288860839
0.058824334529152346,-0.11850741505622864,58.0371782180228,1.4758559446810404,0.6284341360686991,0.1672110172576491
0.06078871823595472,-0.11835433542728424,57.98626617773059,1.4761978439915362,0.6431956892553296,0.16690932164655992
0.0593730531685339,-0.12378285825252533,56.846035893779,1.4770543473014037,0.668662416155405,0.1795439403293938
0.06018940826220182,-0.12283432483673096,57.738656411526016,1.4768178223187785,0.6924178976464221,0.1835471918473909
0.0684565875912321,-0.11758413910865784,59.2983572553129,1.4666489041484239,0.6919643666832256,0.18011522199973848
0.0806134287455268,-0.11516112089157104,59.54924053765914,1.4520871297520597,0.6893410808552779,0.17838873716679737
0.08229495444975798,-0.11628508567810059,59.165887991189656,1.451972550949538,0.6969829394202661,0.1827549659254289
0.08474368340076384,-0.11350062489509583,60.05991869118813,1.4439885193403104,0.6944157668178466,0.18201475382931423
0.08341292912054464,-0.11339026689529419,60.083361868896574,1.446182358854515,0.7043486345613789,0.1861913042946793
0.0855432922598465,-0.11405794322490692,59.65068121962856,1.436972069871314,0.7092565868176256,0.18682598805913908
0.08584496647201019,-0.12918560206890106,55.59886028699782,1.4393697308142872,0.7074995843076716,0.18693002972314082
0.09775652675333112,-0.1308024376630783,54.24772520790857,1.420978045032663,0.6824780653639436,0.1855005983359403
0.1041963004746915,-0.13104671239852905,53.86338617443231,1.4104901703300277,0.648235294150089,0.18475701325494803
0.1451829664198122,-0.1338423788547516,52.675381430284176,1.3680182861454748,0.6227131890374904,0.18428771093082386
0.16124694661660072,-0.14135807752609253,51.12131431635374,1.3472212789488514,0.5963835217638356,0.18501625756457177
0.1841310065270725,-0.14399999380111694,50.705541209918565,1.3355983789629098,0.5927565721548381,0.1850687955610106
0.19863302636140595,-0.14496822655200958,51.109359160427125,1.3234850493450168,0.5893200575566341,0.1845079671178156
0.20698568064071998,-0.14416839182376862,51.41083139334267,1.3015391273966164,0.581352706283913,0.18171290381918742
0.20481761265461457,-0.14338257908821106,50.446024374522864,1.2713347122656413,0.549621936846006,0.17845559474918418
0.2047084520344872,-0.14368879795074463,50.19834607839149,1.2339005676496875,0.524976664161039,0.17781946404041207
0.20420998918082606,-0.1456446498632431,49.3094066812173,1.2145595940432439,0.5284446138185228,0.17925430598765504
0.2315316588194517,-0.14727537333965302,49.28761374758532,1.167544904317879,0.4806315092143813,0.1772890357072375
0.24106866605868776,-0.14872345328330994,48.67052101410176,1.0960279607440166,0.4216874768664825,0.17660864256879802
0.29289126880976274,-0.1479819416999817,50.916156806277066,0.948686419053034,0.36269125323650014,0.17250716397496463
0.3045350938265485,-0.15101337432861328,50.4816069767403,0.9422290876066532,0.3645420473738234,0.17248660601769572
0.3136562652544518,-0.14833280444145203,51.772877243410186,0.8964227992810591,0.3494712685929605,0.17211793061748817
0.31874269233938135,-0.14903120696544647,51.6644053027453,0.7471889855325367,0.3026372891958119,0.17163977282628157
0.32163592957429415,-0.1487499475479126,51.906200528443115,0.7021843203596801,0.29390806276502673,0.17144694041183564
0.3316532309722715,-0.1348656862974167,55.41629601405415,0.48562166752827923,0.261385353097281,0.1643259023717376
0.3352725425960668,-0.13440461456775665,55.530088252987696,0.5011125831358506,0.26535534107283487,0.1638656365473262
0.33613557750283324,-0.13392578065395355,55.73476175145926,0.5006210716942425,0.2681682650711924,0.16293912003899932
0.3370410476617558,-0.13397528231143951,55.53260216397937,0.4397228926028564,0.2623580263611955,0.163061595420036
0.34095432127653663,-0.1352636069059372,55.10286952501418,0.35509424256906597,0.2565059272959533,0.16556370793776273
0.34316309914742393,-0.13306650519371033,55.96012588848812,0.28192939123704425,0.2507998726955603,0.1649306674029319
0.3481930992547831,-0.13316388428211212,56.156537281059,0.33564798228900017,0.2573761413782042,0.1653819320032832
0.34919887562201546,-0.13390643894672394,55.557796189492024,0.22509889518698978,0.24986023288631756,0.16581779737845817
0.3499863028361231,-0.13357028365135193,55.6914737851687,0.1779952706427092,0.24968116280287628,0.16641396954358767
0.34971683290088135,-0.1386214792728424,54.04615867964689,0.11614159129359253,0.24982465144908358,0.17473490447187834
0.34942982021514934,-0.13980083167552948,53.69436561936212,0.13336710588385955,0.2511716557779055,0.17556914548953442
0.34948817361339346,-0.1404820829629898,53.38800837047162,0.16015815213102022,0.2537297894978722,0.176735902509915
0.3494071310416568,-0.1406433880329132,53.298847441149974,0.040386248552298984,0.2507243181812357,0.1768848837721428
0.3490735471972824,-0.14073091745376587,53.17407299555746,0.034275905591659946,0.25118369230619536,0.17698840637599528
0.34836466762337664,-0.14044234156608582,53.22084329999533,0.05697136067857862,0.2526684173293033,0.17780826833128582
0.3405755664857671,-0.1421784609556198,52.803741373097516,-0.043338072302925766,0.25195810625709875,0.1760389333445661
0.3389738581361882,-0.14324156939983368,52.07213486899838,-0.130834434970517,0.2520597138145175,0.17366101760463842
0.3374459030848692,-0.14235436916351318,52.92802170819024,0.165351190655078,0.25374208016427746,0.1743033739099493
0.3355480253842761,-0.14237888157367706,53.01018791012719,-0.037088119549361524,0.25012323786909885,0.17484686359025636
0.3342015288957293,-0.14161036908626556,53.3699436632086,0.04911036313802995,0.2495849642227797,0.17608477808829998
0.33381979054390953,-0.1419215202331543,52.76697760008207,-0.18105354347943337,0.2507461711610175,0.17562032264340485
0.3336718395104179,-0.1418229341506958,52.80830710595918,-0.15766154035285926,0.2496568748787185,0.1753120738801158
0.33240469096907926,-0.14258190989494324,52.59307623590613,-0.20904486511220813,0.24898243301088185,0.17529952498340046
0.33280975778348565,-0.14212031662464142,52.562789335557,-0.23334934143968525,0.24693214945853892,0.17268185430532834
0.32766506042847304,-0.13806143403053284,52.83625573870782,-0.37659318345189596,0.25119380487158977,0.1722374869707119
0.32707750543462927,-0.13829167187213898,52.232269927710774,-0.49338392973428785,0.2597919708197143,0.17264366422837527
0.32386726371614283,-0.13628557324409485,52.51767128481158,-0.4701175738816865,0.2507097708243379,0.17211692429672434
0.32491324768089513,-0.13894465565681458,51.971925683052774,-0.5940820801321974,0.2667692690843904,0.16943015611784712
0.32399066669037424,-0.13844822347164154,51.427761153765054,-0.6352350638895176,0.2710760170662834,0.16940980878386908
0.323588380582407,-0.1373971700668335,51.49296678267828,-0.6509644463364299,0.2697502532950269,0.1684074514292468
0.32353886797359555,-0.13673606514930725,51.79499217062601,-0.7641235183185735,0.2922351041689618,0.16543573531433353
0.3220144155678736,-0.13680164515972137,50.718375986405626,-0.7954863375944992,0.2972556122254652,0.1655545309205964
0.3198801597870401,-0.13809460401535034,50.06947745942483,-0.832273596417246,0.30408984543534157,0.16509889153012589
0.31786972565082594,-0.1382603943347931,50.02564849939466,-0.8464145934750577,0.30536650894916695,0.16372971367392677
0.3168249820702922,-0.13791242241859436,50.063427772027495,-0.8799376946993807,0.3145986976658206,0.16378745907285275
0.311559582583023,-0.14094001054763794,48.64224910148074,-0.9592896996609556,0.3402092196708688,0.16414581972143025
0.30305321121549855,-0.14092537760734558,48.43963670955831,-1.0779960462106881,0.399764165724953,0.164609556191301
0.2860898442560714,-0.14075462520122528,49.192839541613864,-1.1575916525971972,0.4474842748795983,0.1661788835402921
0.25060716837083047,-0.13921324908733368,48.200398691983004,-1.2344292779618367,0.5061741784459143,0.1634619287122184
0.23968686607487996,-0.14117877185344696,48.50837465096579,-1.2605035217716547,0.5233923575662922,0.1647763529363242
0.22467089810963342,-0.14343500137329102,48.61150044871482,-1.2975054081736992,0.561469910874529,0.16501130410772155
0.21608899682503277,-0.1445167362689972,48.485435649656445,-1.3129775260587573,0.5649144884891276,0.1657723993602547
0.20883897105797,-0.14561034739017487,47.33200789567172,-1.3353180854802742,0.5858284074873819,0.1666475493086832
0.20138735117109166,-0.14450033009052277,47.089130781011555,-1.3470334099104189,0.5871807022934938,0.166942227723319
0.2022972385306952,-0.1438586264848709,47.15810680826051,-1.3601323805056929,0.5877108646478104,0.16793823692892543
0.19860830081584438,-0.14386656880378723,47.30410886563101,-1.3637946007727177,0.5870426662069566,0.1678373287362152
0.19357428452911532,-0.14327692985534668,47.77117020009726,-1.3673181185904462,0.5706286081278237,0.16697649827084196
0.1884736266694098,-0.14265085756778717,48.39992863126462,-1.3772947611092674,0.5863240843503443,0.1659106257817989
0.18268276655050342,-0.142215758562088,47.949567517794414,-1.39004980550471,0.600487006710906,0.1666226357552615
0.17320987137168317,-0.13955141603946686,48.13691094157221,-1.4060968353991723,0.6337544933422744,0.1674677101522765
0.17218441614143598,-0.1389361172914505,48.25764214512875,-1.4040433566631119,0.6121248251380074,0.16540569385126078
0.1707157372875402,-0.13841181993484497,48.405611891433324,-1.4080254125504985,0.6061326034322005,0.16485994927666872
0.16513941202889607,-0.13514713943004608,49.39025408885218,-1.4130577772568167,0.6141723815183645,0.16556673302939823
0.15637502453163932,-0.13501180708408356,49.261379429997305,-1.4283399554106386,0.6158470803945498,0.16705274991201965
0.14234407783133401,-0.13506188988685608,49.82545399116718,-1.4391935673968737,0.6262491124911577,0.1687587945833541
0.13932869399132083,-0.13439689576625824,50.10058007084686,-1.4454619410483585,0.6287063073626563,0.16978950208437854
0.13734473793068586,-0.13481223583221436,50.02447167751412,-1.448394228120568,0.6445624227461676,0.17051514400315124
0.13440440594941427,-0.135329008102417,50.04652533756403,-1.4526729336040642,0.6624298173038377,0.17123501294083593
0.13954040670888893,-0.13585945963859558,50.20917907617863,-1.4419238922987714,0.631807293543457,0.17063903324665203
0.13885513622405127,-0.14048662781715393,48.70322383932371,-1.4428024101721417,0.6372968807836599,0.17098296394549425
0.13792245329268468,-0.14012153446674347,49.005009377819945,-1.4441331071179395,0.6502811186555922,0.17112902881648082
0.13942566339185208,-0.13892361521720886,50.30037025705005,-1.4436039401920773,0.6432572346816369,0.1697679475038836
0.1458484373783326,-0.14044971764087677,49.3456013527448,-1.4385545879795427,0.6303536743041133,0.1702793947853657
0.14414257335999978,-0.1412331908941269,48.96328091816863,-1.4396768242005327,0.6358296848176109,0.1707670179444009
0.14480889396000055,-0.14040067791938782,49.14117071037711,-1.4380481395424096,0.6291343724363286,0.17062767614383456
0.15176927174437094,-0.14149904251098633,48.39346828024216,-1.433930267275767,0.6265094034360156,0.17111707774393822
0.15918098787006352,-0.14143334329128265,48.75541959198579,-1.4244168483856894,0.613782658197832,0.17091308380566367
0.1596537780785186,-0.1402636468410492,48.61211324129997,-1.4172849336247364,0.594436138169477,0.17056466726426547
0.1649250815691644,-0.14093343913555145,47.838842056120114,-1.420361412780505,0.613218132791761,0.17200249116445454
0.16678563121943146,-0.1440630406141281,47.96940210777796,-1.4080654523232246,0.6012403642163334,0.17203380344830216
0.17614005417687215,-0.1475093513727188,47.171261911063674,-1.3865868556801775,0.5744065128575294,0.16982288127192327
0.18144083725101537,-0.14876465499401093,47.14126177772297,-1.3828766214586636,0.5807539445725639,0.1700371547354901
0.1960320190494883,-0.15267843008041382,46.54614711554855,-1.3623110514271088,0.5630284809849468,0.1719410338796519
0.20140439015086903,-0.15571613609790802,46.52392217818642,-1.3554886875913783,0.5683787994132316,0.17377237028847686
0.20361125526334634,-0.15725453197956085,44.916562120655605,-1.3485428759644993,0.5697470184022625,0.17347488918200343
0.21156370951785453,-0.15903714299201965,44.07863596867971,-1.3398199123973566,0.5726831724675718,0.1749400534862005
0.21199906257695048,-0.15548264980316162,44.29109253685666,-1.3170753104258572,0.5385675128516999,0.17452637712794644
0.216840431253567,-0.15199397504329681,44.14986646454008,-1.3013942742325306,0.5480997857244269,0.17479431587680336
0.22074756712579305,-0.14708104729652405,45.004722809240185,-1.2829602246238925,0.5322178841354809,0.1738179420530985
0.22716756255219106,-0.14732374250888824,44.85157356151751,-1.261662002391684,0.5176075221186677,0.1757498333809062
0.2325611208275879,-0.14720408618450165,44.87910004304893,-1.2468525737046723,0.5041052389863198,0.17504475289571092
0.24954419261547547,-0.15252329409122467,45.16875655551537,-1.2013996095078305,0.46419814025158423,0.17620337163283736
0.2708427028674698,-0.1558903604745865,45.916577097837845,-1.1596060590645108,0.4275575297314866,0.1756457309751441
0.2813204960990458,-0.15761122107505798,44.96212790250795,-1.1142761694130525,0.4020567802719462,0.1757861704119268
0.29152361388776094,-0.16101102530956268,45.9750024250348,-1.090787144852128,0.3897929496966297,0.17613360660493524
0.29650920655713514,-0.16159288585186005,44.956932656936345,-1.0163940872987638,0.3576799887998379,0.1765164283089329
0.3026267401152728,-0.16981233656406403,44.15133468091553,-1.0240162371064814,0.369063220044516,0.17958425773529452
0.31132387822011137,-0.17219002544879913,44.040709124677065,-0.9860107689888516,0.35419049548058595,0.18013754828661707
0.3227284304165715,-0.1708373725414276,44.46035250506111,-0.6985280128001824,0.26847991896036044,0.1801978357920148
0.323550465608455,-0.16699743270874023,45.69410276594516,-0.5503739778373453,0.2483641277667483,0.18095246199398857
0.3272579921905181,-0.16233611106872559,46.7328370047994,-0.27184363606752643,0.22825407947301196,0.1854004676451517
0.3275435659283823,-0.15257234871387482,50.107204435422325,0.07752835772091463,0.22498053433330364,0.18664176160245355
0.32968666934816704,-0.14994263648986816,51.149283411261955,-0.03275316320960444,0.22884036929575804,0.1888155815668649
0.33012820787424446,-0.1465630978345871,51.761440364055545,0.05927820287653518,0.2333213511690851,0.19092079567778242
0.3300183127158901,-0.14413410425186157,52.48876422899844,0.1617480262090718,0.23971093162186766,0.1919776516930713
0.3325818098706622,-0.14503000676631927,52.4385838633965,0.15123701893109298,0.24315185756824537,0.19316898203162758
0.33217201423262505,-0.14170967042446136,52.96576882551338,0.20248843599088354,0.2464748211987225,0.19451084244244152
0.3350101964054509,-0.14283967018127441,53.214489313939104,0.1303361650178792,0.24485791630762885,0.19349634725608594
0.33531907917279313,-0.14188645780086517,54.45822622996843,0.3512366571511538,0.26320859505147187,0.19446538987635464
0.34598795878022676,-0.14528018236160278,53.07235914150734,0.08878233786063916,0.2506165938051794,0.19330201730312513
0.3429381301224363,-0.1416957527399063,55.58108594036514,0.4732570765458434,0.28118386319274336,0.1933170878702752
0.3462653820886599,-0.1438463032245636,54.046865728051046,0.2136458847844494,0.25972453381809013,0.19381866098397005
0.3413900450102333,-0.14239297807216644,54.9246078183186,0.4098943957889642,0.27582139068325323,0.19088598141150295
0.3410589466157065,-0.14101988077163696,55.11624159906401,0.39331038743455443,0.27209242667610867,0.18536296460137752
0.3413301321131775,-0.13952158391475677,55.3202057310437,0.31477867295670675,0.26660589561583736,0.18368900296702853
0.33885618203182044,-0.13947054743766785,54.40850161406196,0.3937092513532221,0.27366415443961645,0.18199870209125316
0.33951604740931524,-0.14042995870113373,54.043003608686966,0.45531021964883095,0.280850608171728,0.18208292397346876
0.33963115427262885,-0.14035175740718842,53.85159169275823,0.3761877959250818,0.26919612744923366,0.18080205209976993
0.34153754359198296,-0.14069315791130066,54.01150719511101,0.49051582892788315,0.2837523975228526,0.1803676378614553
0.34155500066764044,-0.1431894600391388,52.6098636682553,0.2865701065923442,0.25976395860619156,0.1810068886074587
0.3411971475163702,-0.14380349218845367,52.3405478015348,0.2914623283166103,0.2580363281277196,0.18013869050883502
0.34064613904527963,-0.14468041062355042,52.062296417381496,0.3150212297302462,0.25475190107712237,0.17917851738715979
0.33788193612620926,-0.1466929316520691,51.56439846698439,0.35340849157599313,0.25773402545319435,0.18066979498042712
0.3304516925399899,-0.14997424185276031,51.06364950901628,0.47158327304267045,0.26888791125628664,0.18260113583622908
0.3289866708830346,-0.15105807781219482,50.941115885761995,0.4754083616042521,0.2683225842609794,0.18332065051962723
0.32490874945648135,-0.15223489701747894,51.39597469371192,0.665275409923279,0.2999928833590181,0.18570317167019415
0.3240991370036291,-0.15340974926948547,51.18156930982896,0.6991787227556792,0.30459299462746764,0.18433881698603755
0.3222804286336558,-0.15684647858142853,50.456856909958994,0.7141357815979291,0.304965825449213,0.18804225122700197
0.316216313355871,-0.1593945324420929,50.02977669911032,0.7704836873681655,0.3200541374114394,0.19056762799664928
0.3146877835399181,-0.15865935385227203,49.84075746031723,0.8297388532297655,0.3346235300986974,0.18946697991442574
0.3059301262777894,-0.1575356125831604,50.221755035191265,0.8938729739512893,0.35411417547977214,0.18591323721925726
0.30545879508816853,-0.15710407495498657,49.873954912552385,0.9027390714230578,0.35730940810986905,0.18427376976968163
0.29386483163131705,-0.15749569237232208,50.008445805488414,0.9860747916385739,0.39326354644240735,0.18512284175526597
0.2790269905127594,-0.15780016779899597,49.264326625685726,1.075267782504611,0.44058889171456855,0.18596664427269308
0.27470694827363096,-0.16132713854312897,48.55608757365924,1.1022042104135514,0.4563997810288397,0.18637084826972014
0.26130770296834543,-0.16458548605442047,46.814355062278366,1.1255405533237286,0.4657370369648654,0.18646154476860025
0.2545246472652067,-0.1650470495223999,46.91069366109019,1.1644462503312,0.4954182555038942,0.18653325231427806
0.25281627249907684,-0.16591355204582214,46.344804709771495,1.16434311287907,0.4877399671330787,0.18691252465991443
0.2518178259271409,-0.162210151553154,47.243515748114476,1.1931513981839796,0.4933869176883963,0.18352696460782494
0.23660316593174685,-0.161349356174469,46.39168094324754,1.2244043408828609,0.4994137540301569,0.18469377750435398
0.2259483589518655,-0.15947909653186798,46.90574437047038,1.252818802732242,0.5108287603095827,0.18694434009373856
0.2188296933371586,-0.15968316793441772,46.624019527110775,1.270817193053823,0.5360633089507729,0.18722399827038552
0.2134167545065099,-0.16208228468894958,46.746028509821116,1.2968085029186334,0.5428412266937526,0.1892756576244114
0.20590428438753758,-0.1625431627035141,47.810824076217685,1.3144140130655466,0.5486907951291919,0.1893100867717276
0.19724033678979136,-0.1642543077468872,47.715507202778255,1.3344324437970931,0.564144423457844,0.19018881347437422
0.1905096897929572,-0.1646781861782074,47.44110954007208,1.3500549876141534,0.560900498339275,0.1894448381892845
0.1713593116461675,-0.1650363653898239,47.19630700416594,1.384545420948478,0.5894792535302905,0.191081727451429
0.15870127181338453,-0.1653122454881668,47.22354119281847,1.404234195244487,0.5999369917567802,0.19128220226178325
0.15673580135075407,-0.1648438572883606,47.061353708918816,1.4001265347210232,0.5881968624664459,0.19124385973906877
0.15630660203283356,-0.16558882594108582,45.733306422981336,1.3926136187143054,0.5788838992483725,0.18981192479352188
0.14971841795357665,-0.1647203117609024,45.7530255554477,1.4011704086405004,0.5882127886387626,0.18987357531882965
0.15102442947717332,-0.16430751979351044,45.79551220273721,1.3990877144436964,0.5837282728633565,0.18947785369678644
0.15094783010655594,-0.16218122839927673,45.66622779130035,1.3938715044849561,0.5808498081082629,0.1870906212047695
0.14238636305926824,-0.16211774945259094,43.61374324707166,1.4013838082073682,0.6025013744685196,0.1877491323607855
0.14283654405302368,-0.16084928810596466,45.0813699308535,1.395778129218217,0.5886992056082195,0.1856316970152458
0.13740456058720613,-0.15834206342697144,45.849927886044625,1.4059769894310186,0.5881068342929647,0.1857954298025211
0.13550648130909257,-0.15866416692733765,46.1973619841864,1.4096405524204265,0.596012664889659,0.1857376653675885
0.12438093157971221,-0.16170106828212738,45.38033134254884,1.4253745189512714,0.6313965598120851,0.18550778949390045
0.1260383073044158,-0.1611495018005371,45.60347101727527,1.4225215483037008,0.6222025895151916,0.18541369054077333
0.11987601371394781,-0.16033023595809937,44.81861705960417,1.4276298767552655,0.6268251489037482,0.18610044330154202
0.12228480002368777,-0.1547103226184845,45.717922167848975,1.424418487750655,0.6132234219286652,0.18221420368383828
0.12108208200787421,-0.15609031915664673,43.524176650557635,1.4279672664304452,0.6288948092952972,0.18314708882438083
0.11146716849949188,-0.15595252811908722,44.25284653519056,1.429937502413736,0.6283111952636528,0.18511071166838913
0.11225214713354217,-0.15541912615299225,44.86401081245112,1.4277996972032065,0.6194654717283894,0.18492706449028634
0.10652208411420137,-0.15534543991088867,44.14758314068265,1.4306566044936617,0.6306537503658466,0.18492229383813405
0.10720320132190629,-0.1545587182044983,44.766675410957134,1.4301216580669647,0.6282161061042925,0.18539682412338773
0.12254606543137092,-0.14828935265541077,46.827784402711536,1.4136578664665513,0.5882783184769852,0.18279505856021394
0.11459045343863827,-0.15005385875701904,46.10475705615236,1.4335624416325368,0.6244315307631418,0.18585452346055253
0.11151614183158391,-0.14995409548282623,46.33743433198987,1.4356519288124887,0.6349631032504637,0.18556298971217092
0.11095987875025175,-0.15041299164295197,46.09268105206347,1.4365294032995468,0.6382362806515688,0.18536325227400965
0.12639684199922338,-0.14725938439369202,47.72886848453366,1.4081832549448592,0.5750463512252861,0.18410027349972677
0.12862933439555213,-0.148055762052536,47.07407299513597,1.407348279811423,0.5810822466394123,0.1842217068162506
0.12117830968302254,-0.14748446643352509,46.848360095027104,1.4108737071040394,0.5869033320509462,0.18355208275124896
0.120113304411688,-0.15013784170150757,46.47727886203089,1.4161855368737206,0.6062278815579143,0.1838161835588166
0.11813807226040386,-0.15462271869182587,45.11001287138251,1.4242956420449866,0.6252040388950645,0.1863999781810913
0.13273303837981726,-0.15516257286071777,47.87124020219153,1.4158104315343567,0.5993625979663773,0.18492992318582774
0.13868861923835335,-0.1548677682876587,47.58942730890427,1.4103081513164437,0.5885063260089767,0.18493111870709
0.137765403684668,-0.1548718810081482,46.87399786690631,1.4071245785448658,0.5851669760466134,0.18613118496032385
0.13797579204992813,-0.15615680813789368,46.73316893309109,1.4082198804685269,0.5879473232063991,0.18741864617034243
0.1450071302094995,-0.15643371641635895,47.360564898807624,1.3989303092477199,0.5611839415190097,0.18674142821015297
0.14762624915653175,-0.15454015135765076,47.299148219505476,1.3938417624448283,0.5497647451671044,0.18652634915429053
0.14545512906613675,-0.15307073295116425,47.883766017089236,1.3943453310967648,0.5464998711054277,0.18690192826636126
0.14668103220226056,-0.15295957028865814,48.083427341872465,1.3955918389896247,0.5507469154800924,0.18737946600567015
0.14646352859889758,-0.1537925899028778,47.80326773413777,1.4007252332383215,0.5666694743642007,0.19008801274394233
0.1460272374748812,-0.1524914652109146,47.903591255988275,1.399726644089566,0.5756258336750385,0.1877143055681364
0.13543348802780417,-0.15209779143333435,47.81384191605135,1.4075854068369011,0.5922561588797857,0.1887667145961195
0.14174354330341082,-0.14737504720687866,48.54198735643194,1.3936249961167297,0.5846763993546022,0.18770446114225442
0.1358964621413798,-0.14618279039859772,48.31345720069583,1.4049923014921069,0.61606847203718,0.18462191421546442
0.13630036203614176,-0.14759834110736847,47.19952669934753,1.4085873509730846,0.6203545178978699,0.1835655188400668
0.1374511352838849,-0.15039129555225372,46.75527196341397,1.4069690513984672,0.6297539937640262,0.18472779980497042
0.1490927553297098,-0.15396755933761597,47.11548665301671,1.4058161754443186,0.6341059269255088,0.1843115436759028
0.14660643373100088,-0.1550990343093872,47.10974394040925,1.4193058465284647,0.657615061124167,0.18597548073367146
0.14443708438605593,-0.16062642633914948,45.79849728335744,1.425474574740708,0.6831897303947165,0.18634850942370101
0.149128195504105,-0.16205072402954102,45.33254843488504,1.4191453277845638,0.659172166938894,0.18550113593404716
0.1523760291704124,-0.16479255259037018,44.67681843804407,1.4116059870373459,0.6478642994978526,0.1854701228992288
0.15752944483391548,-0.1656312197446823,45.10458457981694,1.4051545051303185,0.6483052143720907,0.18536223904908258
0.17445702926743184,-0.16310520470142365,46.53786268343007,1.3924507763552505,0.6412196637867059,0.1840479573569258
0.17956606663534894,-0.16143590211868286,47.36438422956469,1.3743248046228915,0.6316845377369313,0.18347580522765883
0.18541838865272756,-0.1605350524187088,48.381881691769074,1.3652430701392195,0.6158723745762618,0.18284908769548322
0.1910086149853866,-0.1610446721315384,49.45028924764241,1.347565153148213,0.5850554338763663,0.18248877203256808
0.20546206747853432,-0.16162197291851044,48.589641711667824,1.3296563170969236,0.5758895203320997,0.18222722473566808
0.21018772516428857,-0.15853829681873322,48.43416398189228,1.3007336993617333,0.5468975604333637,0.1799720828550438
0.21180653835730556,-0.158588707447052,47.98065327808074,1.2990228480298898,0.5472003176212601,0.18020211925905444
0.21428669637407993,-0.15804238617420197,47.34860610116504,1.2803329613264343,0.5406500067572241,0.17970966406043054
0.2153467368526326,-0.15800787508487701,47.10508196767589,1.2644785633919304,0.5240708504466108,0.1786983863301208
0.21861697981387174,-0.15883168578147888,46.93358773357254,1.252477272439424,0.5210418773820493,0.17888733212870084
0.22954870280271533,-0.1591016799211502,46.92878386184753,1.2421847295196373,0.5286486740373084,0.178794843829121
0.23986039733856035,-0.1596861630678177,46.70848011040396,1.2204668441728956,0.5131978271155337,0.17864513678546892
0.2436353049282726,-0.15922342240810394,46.94926053320182,1.2190546283488475,0.5168890961333659,0.17828703256982253
0.25001247680804967,-0.1588924527168274,47.22614349995905,1.1829085441647225,0.48840222444304865,0.17797620714395102
0.26657673713695684,-0.1642501801252365,47.79068849368203,1.1035441313988967,0.4394662577551455,0.17914305537112735
0.27317824584635214,-0.16452763974666595,47.717483246716014,1.0779216048772042,0.42255009575496916,0.17790835721276105
0.2762807872224135,-0.16486100852489471,47.57066494150004,1.054856321693924,0.409231090575442,0.17754128073415346
0.28464096174278747,-0.16467660665512085,47.77426089599787,1.0634503700836233,0.41896781792973975,0.17865645646270562
0.29067057738732316,-0.16498300433158875,48.06685941457858,1.0456707442919497,0.41269497080372664,0.18075853690435623
0.2933921176829868,-0.16584992408752441,48.007973477661594,1.0315568112426043,0.4062436287179081,0.18254997398002
0.29214797414863425,-0.1661001294851303,47.85290655088372,1.046369558605332,0.4186622778447071,0.18464385142763753
0.29068949649746234,-0.16707023978233337,47.882595933523746,0.999862015148085,0.3935235784340989,0.18670737847816168
0.3043670434621094,-0.16632843017578125,48.89446841964675,0.9762870566903027,0.3848544717812611,0.1878227528153336
0.30949515767061647,-0.16559895873069763,48.93433192200331,0.9856858001879001,0.39207857392122264,0.18768708001039844
0.3139137362890778,-0.16523174941539764,48.933331669956466,0.9404988400735014,0.36987091974894476,0.188332919601153
0.31207971406549595,-0.16485370695590973,48.89720649139198,0.9415097408609826,0.3727601910431002,0.1884640223886366
0.31104551414442205,-0.16433210670948029,48.70048368566907,0.9135433997160243,0.36041448735180137,0.18889610089427228
0.3175217767805626,-0.1627058982849121,49.35231140338922,0.894393311166952,0.3545674065853633,0.18945860924179414
0.3259822041703728,-0.1633039116859436,48.522179329663196,0.7641658034267315,0.30862089619792094,0.18930990134332137
0.3247865141885682,-0.162668377161026,48.62760548215801,0.8050764775621755,0.3219685101542565,0.18928515078272418
0.323477733016575,-0.16122844815254211,48.860807188594,0.8327927112930706,0.3322903024708248,0.18808947531080977
0.3227177239341736,-0.15893109142780304,49.27991451453764,0.8099201564641636,0.32479922635743824,0.18606659448562535
0.3240345450965318,-0.15348027646541595,50.71288814472936,0.7489594444309656,0.3099438172727855,0.17838700894878715
0.32371310460256947,-0.15190336108207703,51.09023612973157,0.7680991668580291,0.3165014006134392,0.17819717101747
0.32574553205122597,-0.15320295095443726,50.709312436526126,0.7071541187808792,0.2999304064739608,0.17805265635630096
0.3274936172918908,-0.15187859535217285,51.06788558347433,0.67211684859271,0.29237899181519517,0.1782385004318425
0.3279414575731026,-0.15231360495090485,51.09404333798572,0.6697337793601585,0.2934370533531037,0.1792159609784122
0.3281071027604546,-0.1532103419303894,50.69099774718313,0.6297914897404654,0.2864762980430252,0.18007008502895264
0.33113376649480675,-0.15299367904663086,50.971625130367094,0.6370511970999764,0.28985208060214085,0.1795303765168097
0.3338484883075574,-0.1521688848733902,51.05551268592486,0.5031332420728629,0.26825292719481064,0.17876561826982287
0.3376319749861789,-0.15432192385196686,49.34286210602728,0.14034098848724622,0.24342592198954469,0.17476129117727676
0.3407566623949181,-0.14760898053646088,51.26279587772496,0.11198948404043206,0.24416792614114075,0.17453835393716483
0.340665457215699,-0.14590847492218018,52.04640103222541,0.08612300362009043,0.24305760259693399,0.1731592005712756
0.3406495819596371,-0.14400726556777954,52.524577102671536,0.11307051345934567,0.24419718809683208,0.17144626275546504
0.3406204213523022,-0.14147908985614777,52.9075338144332,0.07631181590947997,0.24223150271313018,0.17025380205676116
0.34119832552102275,-0.14080308377742767,53.243948746856496,0.09223421497897642,0.24314735575255111,0.1700686125072288
0.34122633175593,-0.14189189672470093,52.940292209629725,0.07834094191270868,0.24509478268155988,0.17128359526563075
0.34061279584970844,-0.14148063957691193,53.102376104786465,0.15103245902979734,0.2479139113796156,0.17173481527750253
0.3413680411617342,-0.1417183130979538,52.84157547471873,0.02378196262376051,0.24532668575252128,0.17192584204210876
0.3422880882796438,-0.1411094069480896,52.988740389318615,0.05259305128476491,0.2460493413807983,0.1722624999190114
0.3426387705275722,-0.1412048190832138,52.92180607612107,0.007377709345204456,0.24633859857647034,0.1731738249329083
0.34262590387433906,-0.14112815260887146,52.822080576087046,0.03956788550842724,0.24709419327835552,0.17329705568480008
0.3425047585399094,-0.1405312865972519,53.16891417377379,0.08528490505402603,0.2478769456164131,0.17377611665044912
0.34264964732015823,-0.1405690461397171,53.08292863363137,0.1675590240716358,0.2518789493792846,0.17451719777248068
0.3419655524084885,-0.13836920261383057,54.08424499458876,0.2588178090394956,0.25873441266306,0.1734439205764975
0.3433905439789071,-0.13852977752685547,53.762656075186435,0.09847369243339542,0.2515002950079587,0.1734842051404269
0.34170680764224637,-0.13646310567855835,54.52284534810627,0.225817718446563,0.2575733489888521,0.1733052609611452
0.3425508716759335,-0.1369660496711731,54.48237509306227,0.1742226335578704,0.25680983038475075,0.1737653432786368
0.3400307604192818,-0.13324743509292603,55.80468327748069,0.28820044564700054,0.2622966858833393,0.17361890381459738
0.3394303843371157,-0.13211287558078766,55.964206565122964,0.2595648965217069,0.25920369109034375,0.1717394166458826
0.338336723728123,-0.13146208226680756,56.01244233367704,0.2512321030168241,0.25800648331275056,0.17086574804162433
0.33623960388110147,-0.13166658580303192,55.87649476319596,0.2512536904831015,0.2573774424756038,0.1705027267481566
0.33471627871958237,-0.1290200799703598,56.891231014616054,0.3717512586266475,0.26596657601784496,0.17021040318135527
0.3341550989000282,-0.12949390709400177,56.816335558572575,0.26220610974706665,0.25607914057341463,0.16958197308429643
0.3337363517610647,-0.1290462762117386,56.774324934626605,0.20347876398780548,0.2516757694210208,0.16851951061409598
0.3310353200651744,-0.1269684135913849,57.33954657440664,0.27289774343006706,0.2554124248575028,0.16717149165145703
0.3309425495087227,-0.12802396714687347,56.874957662737216,0.1482328942926295,0.24868681221115063,0.16421939795477658
0.3310570818219548,-0.12801630795001984,56.78228377286046,0.06203530584764785,0.24647398219666114,0.1641670653128813
0.33085286374046313,-0.12649251520633698,56.93256993468036,0.06558600215866275,0.24606216504402853,0.16450763770559265
0.33155640378434725,-0.12868048250675201,56.084352906617205,-0.06724954284019695,0.24496177990047924,0.16431667146157083
0.331485365506514,-0.12984494864940643,55.104861044742975,-0.12978491185747054,0.24522911613835033,0.16557816033251962
0.33108822762897905,-0.12975075840950012,55.03490153300263,-0.18402101402122364,0.2453469097160719,0.16536117378517673
0.3343433428072374,-0.13237333297729492,54.33238622238097,-0.27721212277071505,0.2498533682053485,0.16482148183953474
0.33349909214979484,-0.1330786496400833,54.175796874998916,-0.24032925128108817,0.24589506654808838,0.1654533041726159
0.33189604135585915,-0.13160933554172516,54.47473228078991,-0.27324049423009517,0.24599033025821715,0.16483324406384642
0.3328118001434603,-0.1322706639766693,54.234846191638,-0.45081521970495547,0.25926613918713526,0.16241832605219625
0.3318102516270068,-0.13155296444892883,54.436910202564825,-0.4407529250133737,0.25562867077042684,0.1627885955934602
0.3317224105794783,-0.1338040828704834,53.63911839968538,-0.7406143638110998,0.30921958709086156,0.16224679383591403
0.33047036072178587,-0.1340038925409317,53.29689338668517,-0.7249286278239192,0.30050183852082707,0.16158991792325092
0.329425085248987,-0.1336938738822937,52.794444581060795,-0.7269108829690735,0.29663354959910215,0.1590181132556252
0.3296531475899136,-0.13587653636932373,52.091484005241625,-0.7109188002176798,0.2888166643416645,0.15656451025903526
0.3277673818415036,-0.1364116072654724,51.938384372058984,-0.7443485922250764,0.29388607946141027,0.15735151195602448
0.323472701197689,-0.13564348220825195,51.338221167861384,-0.7794829442141472,0.3006568967479856,0.15784060697264438
0.3141104879601016,-0.136500284075737,49.87222230966756,-0.9336348167353056,0.3457488464897345,0.15735893280811553
0.30706427529925984,-0.133604496717453,49.9067908602162,-0.9819057494283706,0.36223094810128387,0.16023621288937043
0.2936909303948784,-0.13572560250759125,48.778908620991515,-1.0995263302367657,0.4313420977440751,0.16163781397435448
0.2931813100274283,-0.13614842295646667,49.00959220069169,-1.0935902982663486,0.4177670409029545,0.1622529141750978
0.2862929600001421,-0.13637691736221313,48.79510596048157,-1.11228157041587,0.4255934519291273,0.16325014290567907
0.28323512104850534,-0.13650979101657867,48.500297147177044,-1.1136523231684619,0.42190680791668517,0.16334105194738066
0.2753368607444191,-0.1375456154346466,49.09253683530713,-1.1665298276122802,0.4598284936012617,0.16390078007495731
0.27206053224995347,-0.1377367377281189,48.9514206057032,-1.1633141726318506,0.45242503440213483,0.16257324007533658
0.267796535559801,-0.1378536820411682,48.86838959368552,-1.2077865322253651,0.4921748080700606,0.16352772511344968
0.2626929808295705,-0.13754476606845856,48.42358836153585,-1.2162500546579513,0.4982867934280465,0.16234937242799052
0.25760614236240914,-0.1371077299118042,48.571266264116296,-1.235201537532757,0.5140424230980164,0.16268127988830797
0.25109866613706466,-0.1342938393354416,48.6409846277866,-1.249669999139439,0.524385633926989,0.16269794118060768
0.24676621598406834,-0.13511784374713898,48.57827704622059,-1.2631785733029361,0.5345856748899813,0.1626705881356129
0.2444841195951764,-0.13573800027370453,48.64230187330263,-1.250356258262891,0.5176370119129725,0.1616011922300455
0.2388287136966683,-0.13509885966777802,49.1474096681354,-1.2796205611212725,0.5576623548627239,0.16145767232653602
0.23631716106832057,-0.13598334789276123,48.80159981588689,-1.274955474933029,0.5444879936143298,0.16078870920059027
0.22828946338700007,-0.1352192610502243,49.38114153902418,-1.3012442227586005,0.5806261147788947,0.16045092301314304
0.2233099460516284,-0.13586567342281342,48.690750169181115,-1.3046674268325087,0.5819588899232192,0.16179866492354042
0.21578844849590884,-0.13491714000701904,49.08118025385274,-1.3032120411619748,0.5671448051325604,0.16074542830410443
0.20840277017833492,-0.13564251363277435,48.739875857632356,-1.3124758612480698,0.5753503215960389,0.16071195925376996
0.20323434644842045,-0.1403035819530487,47.69906228456903,-1.3296395045837108,0.5849621637095012,0.16350659760750785
0.19788126977621195,-0.13789886236190796,48.29077720978813,-1.3459512206987854,0.621879552410938,0.16332551550760935
0.19314104964759843,-0.13658982515335083,48.06729894548281,-1.3461314987674042,0.6197451678808581,0.16376855561289894
0.1896022501989293,-0.13600507378578186,47.97991581082392,-1.3448803228502761,0.6152445671728459,0.16418150102168372
0.18537410969509296,-0.13820132613182068,47.73063598107412,-1.3498878588339345,0.6166781872044333,0.16424783469465432
0.18563501761338233,-0.1388431191444397,47.5891448877915,-1.3501117961850573,0.6126253551538142,0.16415431490169022
0.18555181986225014,-0.13625651597976685,48.16485427199655,-1.354483501217174,0.6230959532193154,0.16311566963045998
0.18580830226051395,-0.1368727684020996,48.264602157042916,-1.3552209022635149,0.6225695800233699,0.16300329406627762
0.18349089480445954,-0.13632726669311523,48.35909302203047,-1.360373691208089,0.636656261007971,0.16244211380556076
0.18398143078167087,-0.13610224425792694,48.56019264195808,-1.3578620342446572,0.6283899739117884,0.16158679580181007
0.18618870226942175,-0.13611146807670593,48.50091502569835,-1.35548080276317,0.6223049555448814,0.1615959807257699
0.18275871758902199,-0.13637255132198334,48.007161272435816,-1.3579225203374061,0.6285335763530796,0.16131573874311728
0.18051482153950493,-0.1349540799856186,48.21527918614471,-1.3550204076560828,0.6224685176401471,0.16190065099926726
0.18902482428458886,-0.13564294576644897,47.68693093984095,-1.334047837360235,0.5743407040201975,0.1620146301467024
0.18906336772777707,-0.13959071040153503,47.06191806710613,-1.340009303591,0.5860062378098873,0.16247136572107373
0.19153306104353868,-0.13934481143951416,47.237555549799154,-1.3390055592089027,0.5871518697377275,0.1619590807404592
0.19520236226536594,-0.1396385133266449,47.22674393987077,-1.337551013689159,0.5897101084633023,0.1622071265276677
0.19799532098818975,-0.1408863514661789,47.05022859660474,-1.3335253911433176,0.5894952510266849,0.16201702247111807
