neck_angle,normalized_neck_length,shoulder_width,head_tilt,nose_depth,left_shoulder_depth,right_shoulder_depth
3.3361305650822066,0.6227703966851672,345.0130432317016,177.90826008946652,-0.778316080570221,-0.2838921844959259,-0.27089983224868774
4.480195115312128,0.6254324773702011,348.0229877464993,176.03885430132377,-1.1199870109558105,-0.2379927635192871,-0.47551876306533813
3.7128607428946565,0.638088189317584,351.00142449853394,175.5665867665013,-0.7835354208946228,-0.2304304540157318,-0.36043915152549744
3.831910692121089,0.6414228699638846,350.0057142390678,175.08753996989887,-0.7879658937454224,-0.24231508374214172,-0.39244455099105835
4.204273466687637,0.6449776905003115,349.0128937446294,175.00997598867076,-0.7096028923988342,-0.19654932618141174,-0.2903032600879669
4.213620778354917,0.6472390683018422,347.02305398921266,174.97027018451718,-0.7372013926506042,-0.21027915179729462,-0.29253727197647095
2.1843724983730395,0.6505736526367055,343.02332282222443,176.7417632776689,-0.7538586854934692,-0.2205040007829666,-0.3052368760108948
1.8119196615491617,0.6479149163564955,342.03654775476843,177.65171666510943,-0.7249079942703247,-0.21003440022468567,-0.30653902888298035
1.8283851265930267,0.6420705323653932,342.03654775476843,177.65171666510943,-0.7212520241737366,-0.24740521609783173,-0.28641146421432495
1.832548482126168,0.6444020031380117,340.02352859765455,177.65171666510943,-0.7823917269706726,-0.2214919626712799,-0.36284446716308594
4.260986989565018,0.6512898416074205,341.03665492143216,177.22859080993277,-0.7563831806182861,-0.27821922302246094,-0.3228824734687805
4.040053454278082,0.6490343795956176,339.0368711512068,177.22859080993277,-0.7636021375656128,-0.26281753182411194,-0.32524794340133667
4.329114888539913,0.6448061929535825,339.05309318748294,176.7417632776689,-0.6980029940605164,-0.2133331298828125,-0.2842189371585846
4.030905497763476,0.650474366970628,339.05309318748294,177.20611378475851,-0.7103408575057983,-0.2373286932706833,-0.30772292613983154
3.9101933226511654,0.6470239543770216,340.03676271838606,177.22859080993277,-0.6811890602111816,-0.23411241173744202,-0.2714490294456482
3.780294807496254,0.6487655610409326,339.0722636843067,176.30771889112674,-1.1187001466751099,-0.3051983714103699,-0.513910710811615
4.040053454278082,0.6489666330614557,339.0722636843067,176.76796713651348,-0.7828028798103333,-0.3020727038383484,-0.347877562046051
3.2827187118463423,0.6439448375854315,339.09438214160963,176.27779877244845,-0.7937555909156799,-0.2608312964439392,-0.34270238876342773
3.0001853108779244,0.648242481902725,339.0722636843067,176.27779877244845,-0.7364506721496582,-0.25698480010032654,-0.3223096430301666
2.883165665805056,0.6471296145327894,338.07247743642193,176.27779877244845,-0.7151137590408325,-0.24686309695243835,-0.3116474151611328
3.3827012038120268,0.6519202385918107,338.0532502432124,176.24739012633987,-0.7490791082382202,-0.25939133763313293,-0.32200559973716736
3.2309898774345274,0.6582433636782746,337.0370899470858,176.7151311119507,-0.748908281326294,-0.23833493888378143,-0.3265935778617859
2.4461992988661163,0.6607661964349703,337.0370899470858,176.7417632776689,-0.7716638445854187,-0.22985973954200745,-0.34585821628570557
1.9236702423471583,0.659591395181177,339.0368711512068,176.7151311119507,-0.7747597694396973,-0.23131878674030304,-0.3403586149215698
2.1941889052304084,0.6591319344236617,337.0534082308025,176.7151311119507,-0.747495710849762,-0.23457863926887512,-0.3198243975639343
2.1843724983730395,0.6621549489560824,337.0237380363585,177.160047396452,-0.8729819059371948,-0.23476004600524902,-0.43222135305404663
2.592073632502168,0.6583644440738292,336.0238086802779,177.61266982548406,-0.788613498210907,-0.23314087092876434,-0.3726727366447449
2.6038281243820225,0.6553334834746813,336.05356715857073,177.61266982548406,-0.6997841596603394,-0.22750911116600037,-0.3209386467933655
1.8078496504152688,0.6610309452639886,336.00595232822883,177.63235441519342,-0.708497941493988,-0.2055719643831253,-0.3206371068954468
1.8119196615491617,0.6595290131427365,336.0133925902359,177.63235441519342,-0.7156339883804321,-0.20567528903484344,-0.3139166533946991
1.8119196615491617,0.6595290131427365,336.0133925902359,178.10486744794804,-0.7176069021224976,-0.20748290419578552,-0.3117435574531555
2.074739491495842,0.6581222598100692,336.0238086802779,178.10486744794804,-0.7440801858901978,-0.2227495014667511,-0.3147262930870056
2.074739491495842,0.6581222598100692,336.0238086802779,178.10486744794804,-0.7358267307281494,-0.22359398007392883,-0.3093598484992981
2.2090803292113996,0.6586714121629155,335.01343256651666,178.10486744794804,-0.7099945545196533,-0.22346088290214539,-0.3107641041278839
2.084147468572655,0.6551830534919786,336.00595232822883,178.10486744794804,-0.771938681602478,-0.23046281933784485,-0.3396245837211609
2.0794328193250347,0.6566556012325161,336.0133925902359,178.1203615423617,-0.8194589614868164,-0.23072460293769836,-0.36063137650489807
2.7275193870337713,0.6589283781459796,335.01343256651666,177.65171666510943,-0.777515172958374,-0.23165957629680634,-0.32364779710769653
2.468335497344504,0.6587931453859084,335.01343256651666,177.65171666510943,-0.7769712209701538,-0.23153257369995117,-0.3278852701187134
2.468335497344504,0.6587931453859084,335.01343256651666,177.63235441519342,-0.9013206362724304,-0.23123161494731903,-0.4064362049102783
2.6038281243820225,0.6593154592074664,334.0239512370333,177.63235441519342,-0.7781661748886108,-0.2272108495235443,-0.3324282765388489
2.468335497344504,0.6587931453859084,335.01343256651666,178.10486744794804,-0.8097149133682251,-0.23934254050254822,-0.3634405732154846
2.597937572234827,0.660831547882898,334.0134727821619,178.10486744794804,-0.8069646954536438,-0.24320872128009796,-0.35502737760543823
2.580424872976729,0.6653327138757086,334.0059879702758,177.160047396452,-0.797355055809021,-0.23143577575683594,-0.3576793968677521
2.580424872976729,0.6653327138757086,334.0059879702758,177.160047396452,-0.7770156264305115,-0.2263568937778473,-0.34261465072631836
2.568880427228436,0.6683236529065197,334.0059879702758,177.13643955499074,-0.7450252771377563,-0.22667157649993896,-0.3324350118637085
2.312557035012462,0.6681962234969386,334.0059879702758,177.61266982548406,-0.7975311875343323,-0.22671028971672058,-0.36056846380233765
2.3022569573796487,0.671187757299825,334.0059879702758,177.61266982548406,-0.7974492311477661,-0.23670122027397156,-0.3636051416397095
2.3022569573796487,0.671187757299825,334.0059879702758,177.13643955499074,-0.7329040169715881,-0.23500366508960724,-0.327804833650589
2.5404666025257105,0.6758102042532953,334.0014970026332,177.1124357809839,-0.7806379199028015,-0.23922595381736755,-0.35167017579078674
2.5181845185574896,0.6817923737552286,334.0014970026332,177.1124357809839,-0.7257587313652039,-0.22889848053455353,-0.32341906428337097
2.5071895421621764,0.6847834967065557,334.0014970026332,177.1124357809839,-0.7972027659416199,-0.21240058541297913,-0.3995231091976166
2.5017280136757267,0.686269840036259,334.0059879702758,176.63255728139038,-0.7146303653717041,-0.21299007534980774,-0.3564802408218384
2.2521046403982656,0.686145743559376,334.0059879702758,176.63255728139038,-0.720923125743866,-0.20289082825183868,-0.34534409642219543
2.127273152970793,0.6881488381898436,333.00600595184466,177.08802604252708,-0.7256008386611938,-0.20520535111427307,-0.34054818749427795
1.5162490319274833,0.6839613265478242,332.0060240417333,176.60410258448834,-0.7407339215278625,-0.20561382174491882,-0.3404831290245056
1.5096209587188079,0.6869847380060055,332.0,176.60410258448834,-0.7042137384414673,-0.2039376199245453,-0.3302593231201172
1.2699975447289131,0.6808894647205171,332.0,176.57516306352807,-0.7100824117660522,-0.16993609070777893,-0.3303960859775543
0.1510169288335559,0.6797599845169477,331.0,177.0379468225219,-0.7180314064025879,-0.18141771852970123,-0.3316872715950012
0.08120829827832697,0.6818181797520662,330.0,176.5457262398448,-0.7207652926445007,-0.18204650282859802,-0.33101582527160645
0.15125630155241296,0.6865171523568898,327.0137611783333,176.9861145408867,-0.7132948637008667,-0.1851065754890442,-0.3279415965080261
0.2700094915636192,0.6867058923318957,324.01388859121454,176.4543005809219,-0.9671266674995422,-0.18627703189849854,-0.44382351636886597
0.7767373569974776,0.6867613733495603,324.01388859121454,176.9861145408867,-0.830089271068573,-0.1760173738002777,-0.4427885413169861
0.3964093752643628,0.6942880071538033,319.03918254659567,176.9595120204814,-0.9539526700973511,-0.20538870990276337,-0.47128432989120483
0.6488477330784085,0.7018497478124921,317.0394297244429,177.46513511672688,-1.0706350803375244,-0.26374951004981995,-0.4903438985347748
0.26891067422547593,0.7028059474105549,318.014150628553,177.48731928757232,-0.791474461555481,-0.25757038593292236,-0.35644829273223877
0.39301137766439315,0.7006117547973338,319.0141062711804,177.46513511672688,-0.7448304295539856,-0.2258666753768921,-0.3599189519882202
0.5202272603517981,0.7012721926255666,318.0062892459833,177.46513511672688,-0.7741464376449585,-0.19194278120994568,-0.3572757840156555
0.5202272603517981,0.7012721926255666,318.0062892459833,177.46513511672688,-0.7239025831222534,-0.16667798161506653,-0.34952089190483093
0.5202272603517981,0.7012721926255666,318.0062892459833,177.97104503720152,-0.7344887852668762,-0.17658913135528564,-0.36255019903182983
0.15222609991674332,0.7018910221270526,317.00157728314224,177.97104503720152,-0.912032425403595,-0.1792760193347931,-0.40148988366127014
0.1519817870536999,0.6990613161076827,319.0,177.46513511672688,-0.8018614053726196,-0.20477750897407532,-0.3638243079185486
0.08121031695773216,0.6996820728741896,318.0015723231569,177.97104503720152,-0.8893013000488281,-0.23578166961669922,-0.4022049307823181
0.3955540153211838,0.6959406483190905,319.0,177.46513511672688,-0.719291627407074,-0.23164746165275574,-0.31263473629951477
0.6517311388891917,0.6943981780963563,319.0015673942685,177.97104503720152,-0.8241694569587708,-0.22913846373558044,-0.3859718441963196
0.5213678554206909,0.6953371919544903,320.00156249618533,177.97104503720152,-0.7710466980934143,-0.22779016196727753,-0.3473648428916931
0.7767373569974776,0.6953723018376687,320.00156249618533,177.48731928757232,-0.735560953617096,-0.2266426831483841,-0.3268505334854126
0.6517311388891917,0.6943981780963563,319.0015673942685,176.9861145408867,-0.9540891647338867,-0.20492541790008545,-0.4386189579963684
0.6517311388891917,0.6943981780963563,319.0015673942685,176.9861145408867,-0.7737973928451538,-0.22580242156982422,-0.33973801136016846
0.7733004249870978,0.6984970038248821,320.00156249618533,177.48731928757232,-0.7863558530807495,-0.22510889172554016,-0.36233219504356384
0.7750150175712963,0.6969244438346789,320.00624993896605,176.9861145408867,-0.6915720701217651,-0.2136584222316742,-0.32705268263816833
1.0308203516089074,0.6969734837988211,320.00624993896605,176.48530859380037,-0.7016421556472778,-0.2142641246318817,-0.31514066457748413
1.3933828278646565,0.7014417358490204,323.00154798390673,176.48530859380037,-0.7133436799049377,-0.2279101312160492,-0.3206503987312317
1.6494330384025788,0.6999663136652459,323.0061918911153,176.48530859380037,-0.8977723121643066,-0.2116679847240448,-0.4238017499446869
1.6530794648390617,0.6984290383997729,323.00154798390673,176.4543005809219,-0.7513628602027893,-0.21211481094360352,-0.3326365351676941
2.392559494306797,0.7049448089985645,323.00154798390673,176.9595120204814,-0.8938009142875671,-0.21239499747753143,-0.4521397054195404
2.392559494306797,0.7049448089985645,323.00154798390673,175.98500078048855,-0.8217052221298218,-0.23246793448925018,-0.39546045660972595
2.882307265425109,0.7039634479036085,325.00153845789714,175.94960193271754,-0.8190787434577942,-0.25801628828048706,-0.39512431621551514
3.146004649430061,0.7053933596233033,323.00154798390673,175.4455063528209,-1.0207247734069824,-0.2544591724872589,-0.4765571653842926
3.396956595342944,0.7055699830909898,323.00154798390673,175.4050273657537,-0.7802247405052185,-0.251386821269989,-0.3543872535228729
3.781439320827129,0.702131852108731,324.0061727807049,175.4050273657537,-1.0477880239486694,-0.268423855304718,-0.48800498247146606
3.411910350403933,0.6981565736162103,325.00153845789714,175.4455063528209,-0.7991225719451904,-0.2783195376396179,-0.3504602015018463
3.545695335427467,0.6988546251120507,324.0061727807049,175.4455063528209,-1.174858808517456,-0.2936958074569702,-0.49801579117774963
3.2931474253754764,0.6943974979664789,326.0,175.4455063528209,-0.7710748910903931,-0.28064557909965515,-0.3340457081794739
3.2931474253754764,0.6986839022616843,324.0,175.4455063528209,-1.0369350910186768,-0.2774609327316284,-0.474722683429718
3.040483213293,0.6942280955346525,326.0,176.01978686317855,-0.7471728324890137,-0.2752338647842407,-0.31843501329421997
2.7877156881481344,0.6940722087804914,326.0,175.48527950897375,-0.7397893667221069,-0.17977596819400787,-0.3277668356895447
3.047207394525489,0.6926932565543827,326.00153373872337,175.48527950897375,-0.689281165599823,-0.18818607926368713,-0.30162641406059265
3.3004287743503085,0.69286303265142,326.00153373872337,175.5243650957604,-0.7158443927764893,-0.1980213224887848,-0.3108404874801636
3.411910350403933,0.6938865428988238,327.00152904841286,175.98500078048855,-0.7135921120643616,-0.19968946278095245,-0.3141363859176636
3.396956595342944,0.6969392388506493,327.00152904841286,176.48530859380037,-0.6845613121986389,-0.2038325071334839,-0.30279654264450073
3.7731563051384747,0.6951003320783027,328.0015243867016,176.48530859380037,-0.7051154971122742,-0.18212559819221497,-0.3315070867538452
3.5301232702041907,0.6933881329801678,328.0,175.94960193271754,-0.7150479555130005,-0.19984696805477142,-0.3324437737464905
3.6638421246891593,0.6940752033919166,327.00152904841286,175.98500078048855,-0.7340128421783447,-0.19645197689533234,-0.3328515589237213
3.4194366913221126,0.6923505006410334,327.00611615075337,175.94960193271754,-0.6962384581565857,-0.20864275097846985,-0.3092307448387146
3.4194366913221126,0.6923505006410334,327.00611615075337,176.48530859380037,-0.731122612953186,-0.23165848851203918,-0.3146689534187317
3.2931474253754764,0.6901505370288179,328.0060975042995,176.48530859380037,-0.7152554988861084,-0.2258303165435791,-0.3078315854072571
3.2931474253754764,0.6901120517252057,328.0243893371345,176.4543005809219,-0.6994585394859314,-0.22382262349128723,-0.30627426505088806
3.537892176025387,0.6918377025781477,328.01371922527875,175.94960193271754,-0.714807391166687,-0.2513728439807892,-0.3066096007823944
3.2858981275403765,0.6916563171233575,328.01371922527875,175.94960193271754,-0.7209734320640564,-0.21707944571971893,-0.3385915160179138
3.2714948436700193,0.6946999829822795,328.01371922527875,175.94960193271754,-0.7179907560348511,-0.22569575905799866,-0.3180815577507019
3.2858981275403765,0.6916820323608956,328.0015243867016,175.94960193271754,-0.6915463209152222,-0.2163199484348297,-0.2936784625053406
3.537892176025387,0.6918634245594543,328.0015243867016,175.94960193271754,-0.7425506711006165,-0.22151167690753937,-0.32499584555625916
3.537892176025387,0.6918634245594543,328.0015243867016,175.98500078048855,-0.7266149520874023,-0.2213963270187378,-0.31884878873825073
3.6638421246891593,0.6898559403559343,329.0015197533288,175.94960193271754,-0.7256509065628052,-0.2214275598526001,-0.3231606185436249
3.537892176025387,0.6918634245594543,328.0015243867016,175.94960193271754,-0.7840979695320129,-0.23931439220905304,-0.3417302072048187
3.537892176025387,0.6918634245594543,328.0015243867016,175.4455063528209,-0.7833007574081421,-0.2387099713087082,-0.3481391668319702
3.5146873224316377,0.6964182105557759,328.0060975042995,175.48527950897375,-0.7321309447288513,-0.23661395907402039,-0.3200821280479431
3.781439320827129,0.6935695888847252,328.0060975042995,175.48527950897375,-0.7562075853347778,-0.2450411319732666,-0.32202309370040894
3.647788772090246,0.6928636541710061,329.013677527242,175.48527950897375,-0.7237409949302673,-0.24703200161457062,-0.31021958589553833
3.6800373085286835,0.6867465470766146,329.0379917273992,175.4455063528209,-0.7246416211128235,-0.20776847004890442,-0.3105732500553131
3.781439320827129,0.6893662917054014,330.0060605504087,175.4455063528209,-0.7251094579696655,-0.21038810908794403,-0.3271271586418152
3.159857032873222,0.6894687829431257,329.013677527242,175.48527950897375,-0.7808099985122681,-0.22547701001167297,-0.35809987783432007
3.2786806699790567,0.6889932291313512,330.0060605504087,175.48527950897375,-0.7210124731063843,-0.24178636074066162,-0.32280129194259644
3.027123499528945,0.6888266181056061,330.0060605504087,174.9862274092584,-0.7420297861099243,-0.22616147994995117,-0.3502437174320221
3.027123499528945,0.6888266181056061,330.0060605504087,175.48527950897375,-0.7127135396003723,-0.20963196456432343,-0.3217964768409729
3.0204875787803784,0.6903237869221456,330.01363608190496,175.48527950897375,-0.7151055932044983,-0.21007275581359863,-0.3226974606513977
2.5292764432038797,0.6870038616822346,330.01363608190496,175.48527950897375,-0.7159886956214905,-0.2111484259366989,-0.32358109951019287
2.9270306629566,0.6847326659587366,329.02431521089744,174.53555303429516,-0.7016606330871582,-0.232528954744339,-0.2957468628883362
3.047207394525489,0.6884439607733519,328.01371922527875,174.48792363977097,-0.8165274858474731,-0.23626311123371124,-0.3950846791267395
2.806296505710474,0.6851927271433244,328.03810754240124,174.53555303429516,-0.8017880320549011,-0.20111577212810516,-0.3795984387397766
2.6790368473924047,0.6830883522156105,329.013677527242,174.48792363977097,-0.789068877696991,-0.23585720360279083,-0.37130874395370483
2.551756305794357,0.6851012409789277,328.01371922527875,174.48792363977097,-0.78557288646698,-0.20632965862751007,-0.3792279362678528
2.5404666025257105,0.6840017682973574,330.00151514803684,175.02959470737397,-0.748123288154602,-0.21488067507743835,-0.33834582567214966
3.0607453891408793,0.6854251170848485,328.0015243867016,174.9862274092584,-0.7441833019256592,-0.1955263912677765,-0.33208733797073364
3.0607453891408793,0.6854251170848485,328.0015243867016,174.9862274092584,-0.702666163444519,-0.1983024626970291,-0.3307207226753235
3.0539613869980737,0.6869377544959011,328.0060975042995,175.48527950897375,-0.7323761582374573,-0.20055897533893585,-0.3311857581138611
2.8000754267750527,0.6867821343518388,328.0060975042995,175.48527950897375,-0.7141100168228149,-0.20109541714191437,-0.3209522068500519
2.8000754267750527,0.6867821343518388,328.0060975042995,175.48527950897375,-0.7155309319496155,-0.1992456614971161,-0.3241254389286041
2.435279575846255,0.6840746057993689,327.0137611783333,174.9862274092584,-0.6961008310317993,-0.1967228651046753,-0.30880439281463623
2.563146885634418,0.6820556214571205,328.01371922527875,174.9862274092584,-0.6959677338600159,-0.19718442857265472,-0.3096698820590973
2.551756305794357,0.6851267125038936,328.0015243867016,175.48527950897375,-0.6941971182823181,-0.20088247954845428,-0.31048712134361267
2.312557035012462,0.6804188747495893,328.0060975042995,174.94209836057462,-0.7474335432052612,-0.20706573128700256,-0.3306673467159271
2.3022569573796487,0.6834778352993648,328.0,175.48527950897375,-0.7648085355758667,-0.22831889986991882,-0.3479267358779907
2.3022569573796487,0.6834778352993648,328.0,175.48527950897375,-0.7700456380844116,-0.2277791053056717,-0.34697502851486206
2.3022569573796487,0.6834778352993648,328.0,175.48527950897375,-0.7658669352531433,-0.21711082756519318,-0.3511325418949127
1.9108781601784341,0.684257766047256,329.0060789711947,175.48527950897375,-0.7633703947067261,-0.24479345977306366,-0.3527493178844452
1.9193871834341654,0.6853991503996782,327.0,175.48527950897375,-1.029343605041504,-0.22967429459095,-0.4797448217868805
1.779864953846147,0.6878279636754298,328.0015243867016,175.48527950897375,-0.7201143503189087,-0.22939527034759521,-0.3367430567741394
1.906651943018609,0.6857861563946978,329.0015197533288,175.4455063528209,-0.761518120765686,-0.2250939905643463,-0.35115060210227966
1.906651943018609,0.6857861563946978,329.0015197533288,175.4455063528209,-0.7327316999435425,-0.20614123344421387,-0.34223875403404236
2.408402525485115,0.6875240118270699,329.0060789711947,175.48527950897375,-0.6994296312332153,-0.21377459168434143,-0.31925418972969055
2.4298562301921334,0.6814630994131196,329.0,175.48527950897375,-1.0005321502685547,-0.21397313475608826,-0.46855536103248596
2.806296505710474,0.6852691490812766,328.0015243867016,175.48527950897375,-0.9005120992660522,-0.23738178610801697,-0.4216206967830658
2.8251267914391978,0.6806920256537073,328.0060975042995,175.48527950897375,-0.873573899269104,-0.19692513346672058,-0.4086570739746094
2.9270306629566,0.6847832720959115,329.0,175.4455063528209,-0.787716269493103,-0.2416367530822754,-0.3558540344238281
2.920556794300229,0.686297881906851,329.0015197533288,174.94209836057462,-0.9848536252975464,-0.26915132999420166,-0.4685923457145691
2.946625674137789,0.6802268427775254,329.0015197533288,174.94209836057462,-0.8409606218338013,-0.26821646094322205,-0.41227012872695923
2.9335333041960414,0.6832623446484267,329.0015197533288,175.4455063528209,-0.8129633069038391,-0.2643354833126068,-0.40385594964027405
2.8125453022391813,0.6836989359858313,328.0243893371345,174.9862274092584,-0.7669774293899536,-0.2548619210720062,-0.35915425419807434
2.6850026384590744,0.68154828584536,329.02431521089744,175.48527950897375,-0.7475959062576294,-0.26966387033462524,-0.33587104082107544
2.6850026384590744,0.68154828584536,329.02431521089744,175.48527950897375,-0.8580657243728638,-0.22743158042430878,-0.41507062315940857
2.6909950756142478,0.6800522985980307,329.013677527242,175.48527950897375,-0.7306555509567261,-0.2165767401456833,-0.33832234144210815
3.067559601147567,0.6797112738223883,330.0242415338607,175.5243650957604,-0.7479997873306274,-0.23303163051605225,-0.3365282416343689
2.9270306629566,0.6806331842115573,331.0060422409235,175.5243650957604,-0.7852579355239868,-0.23190276324748993,-0.37490415573120117
2.8000754267750527,0.6826199717449501,330.0060605504087,176.01978686317855,-0.802611231803894,-0.2222626954317093,-0.3795529007911682
2.5348591622423817,0.6855059864416704,330.0060605504087,175.5243650957604,-0.7633817195892334,-0.2227083146572113,-0.36369043588638306
2.5404666025257105,0.6839766458803793,330.01363608190496,175.56278075141654,-0.7739980816841125,-0.2232731133699417,-0.36362019181251526
2.667184496592681,0.6819790099489127,331.0135948869774,175.5243650957604,-0.7319275140762329,-0.2180633544921875,-0.3320411443710327
2.7877156881481344,0.6815287351656134,332.0,175.5243650957604,-0.7383642792701721,-0.21866130828857422,-0.32690998911857605
2.7938818816437903,0.6841427151753854,330.00151514803684,175.5243650957604,-0.9971144795417786,-0.21979808807373047,-0.49192729592323303
2.667184496592681,0.6861497900852674,329.0015197533288,175.56278075141654,-0.7854961156845093,-0.22003884613513947,-0.39452582597732544
2.546098928431099,0.6824787142787112,330.0060605504087,175.56278075141654,-0.7492336630821228,-0.2227572649717331,-0.35398030281066895
2.5348591622423817,0.6813765826280032,332.0060240417333,175.56278075141654,-0.8032013773918152,-0.26662522554397583,-0.35591793060302734
2.2819299877302957,0.6812500842995326,332.0060240417333,175.56278075141654,-0.7549020648002625,-0.2294597327709198,-0.3430640399456024
2.2819299877302957,0.681262445380636,332.0,175.56278075141654,-0.7222949266433716,-0.22634875774383545,-0.3271624743938446
2.1602120992860425,0.6817495836250562,331.00151057057127,175.5243650957604,-0.7321556806564331,-0.19601985812187195,-0.3283764123916626
2.5404666025257105,0.6798813132255024,332.00150602068055,175.02959470737397,-0.7328616380691528,-0.20690496265888214,-0.32947686314582825
2.4137303180818495,0.6777747861800606,333.0015014981164,175.5243650957604,-0.7127761244773865,-0.21633923053741455,-0.3171818256378174
2.2920483454748233,0.6782527933111134,332.0,175.5243650957604,-0.716639518737793,-0.21568112075328827,-0.3050380349159241
2.5404666025257105,0.6798813132255024,332.00150602068055,175.5243650957604,-0.7448623180389404,-0.21639733016490936,-0.32133346796035767
2.6850026384590744,0.6774307724655183,331.02416830195347,175.5243650957604,-0.6945663094520569,-0.2051689624786377,-0.30894485116004944
2.6909950756142478,0.6759682373986396,331.00151057057127,175.56278075141654,-0.7151951193809509,-0.2458990514278412,-0.320976197719574
2.551756305794357,0.6809744676556091,330.00151514803684,175.07221975905483,-1.0081403255462646,-0.24480310082435608,-0.5020023584365845
2.424457012088464,0.6788516199201353,331.00151057057127,175.1141214098354,-0.7794594168663025,-0.2244812250137329,-0.3898005783557892
3.0744042249944914,0.6782451136273329,330.00151514803684,175.56278075141654,-0.7422382831573486,-0.22467756271362305,-0.3135811686515808
3.329878964630583,0.6784143280188752,330.00151514803684,175.56278075141654,-0.7325292825698853,-0.2168455868959427,-0.31410616636276245
3.329878964630583,0.6784143280188752,330.00151514803684,175.07221975905483,-0.7365712523460388,-0.2049693763256073,-0.3224186301231384
3.0744042249944914,0.6782451136273329,330.00151514803684,175.07221975905483,-0.7328555583953857,-0.20529890060424805,-0.3244902789592743
3.1808658509592225,0.6808065076607034,331.0,175.07221975905483,-0.7649185657501221,-0.2219296246767044,-0.34128910303115845
3.0744042249944914,0.6782451136273329,330.00151514803684,175.07221975905483,-0.6983497738838196,-0.21425850689411163,-0.30433154106140137
3.0539613869980737,0.6827746487713743,330.0060605504087,175.56278075141654,-0.708084225654602,-0.21485424041748047,-0.31309419870376587
2.9335333041960414,0.6832623446484267,329.0015197533288,175.56278075141654,-0.7488037347793579,-0.23171773552894592,-0.3389495015144348
2.6790368473924047,0.6831135947547026,329.0015197533288,175.5243650957604,-0.7445241212844849,-0.22697794437408447,-0.33923667669296265
2.673097525289926,0.6846348512812296,329.0,175.56278075141654,-0.7257601022720337,-0.22694489359855652,-0.31282860040664673
2.551756305794357,0.6851267125038936,328.0015243867016,176.05397592682294,-0.7255093455314636,-0.24712197482585907,-0.2969047427177429
2.8188220017875762,0.682224052222327,328.0015243867016,176.05397592682294,-0.8964642286300659,-0.24563463032245636,-0.44595471024513245
3.067559601147567,0.6839060902471134,328.0,176.05397592682294,-0.7869390249252319,-0.2440071552991867,-0.38369545340538025
2.806296505710474,0.6852691490812766,328.0015243867016,175.5243650957604,-0.7840766906738281,-0.22928008437156677,-0.3812655508518219
2.806296505710474,0.6852691490812766,328.0015243867016,175.5243650957604,-0.7208077311515808,-0.2182256281375885,-0.33380115032196045
2.8000754267750527,0.686794901598803,328.0,176.01978686317855,-0.7192233800888062,-0.21839573979377747,-0.327822208404541
2.8000754267750527,0.686794901598803,328.0,176.01978686317855,-0.7332466840744019,-0.20391376316547394,-0.3631019592285156
2.806296505710474,0.6852691490812766,328.0015243867016,176.01978686317855,-0.7259296178817749,-0.21172043681144714,-0.34003978967666626
3.067559601147567,0.6839060902471134,328.0,175.48527950897375,-0.7884236574172974,-0.21273188292980194,-0.3862139880657196
3.0607453891408793,0.6854251170848485,328.0015243867016,175.98500078048855,-0.7193053364753723,-0.2096703052520752,-0.34133484959602356
2.9335333041960414,0.6832623446484267,329.0015197533288,176.01978686317855,-0.7205514311790466,-0.2103206366300583,-0.34151583909988403
2.661297587289663,0.6876710752502693,329.0,176.01978686317855,-0.7226518392562866,-0.21327197551727295,-0.33310094475746155
2.6554366249009504,0.6891860145457107,329.0015197533288,176.01978686317855,-0.7010850310325623,-0.2027316391468048,-0.3118787705898285
2.673097525289926,0.6846348512812296,329.0,176.01978686317855,-0.7053298354148865,-0.2017498016357422,-0.30203312635421753
2.546098928431099,0.6824912482079178,330.0,176.01978686317855,-0.6828073263168335,-0.19525685906410217,-0.29864969849586487
2.5574389019272905,0.679451468640639,330.0060605504087,175.5243650957604,-0.7188459038734436,-0.19641999900341034,-0.30031922459602356
2.6850026384590744,0.6774307724655183,331.02416830195347,176.05397592682294,-0.7371687889099121,-0.22088293731212616,-0.3245559334754944
2.5574389019272905,0.6794140377664312,330.0242415338607,176.05397592682294,-0.7595906853675842,-0.221291184425354,-0.33479389548301697
2.5404666025257105,0.6839766458803793,330.01363608190496,176.01978686317855,-0.7607709169387817,-0.2763233780860901,-0.33215394616127014
2.5404666025257105,0.6839766458803793,330.01363608190496,175.5243650957604,-1.032984972000122,-0.266221284866333,-0.48623138666152954
2.551756305794357,0.6809744676556091,330.00151514803684,176.05397592682294,-0.7595098614692688,-0.24565276503562927,-0.3735640347003937
2.7877156881481344,0.6856466202271556,330.0060605504087,175.56278075141654,-0.7901490926742554,-0.24798047542572021,-0.3870610296726227
2.5348591622423817,0.6855059864416704,330.0060605504087,176.05397592682294,-0.7506237030029297,-0.24246516823768616,-0.3693741261959076
2.5404666025257105,0.6839766458803793,330.01363608190496,176.05397592682294,-0.743907630443573,-0.2482375204563141,-0.34140878915786743
2.6554366249009504,0.6849967786365028,331.0135948869774,175.56278075141654,-0.747290849685669,-0.21516799926757812,-0.35226303339004517
2.6496014384606763,0.6865213378865787,331.0060422409235,175.56278075141654,-0.7328332662582397,-0.22513249516487122,-0.32573777437210083
2.9270306629566,0.6806331842115573,331.0060422409235,175.56278075141654,-0.7351149320602417,-0.21055884659290314,-0.32774341106414795
2.901305929091202,0.6866800972991399,331.0,175.07221975905483,-0.7381234765052795,-0.22100062668323517,-0.3323596119880676
2.6496014384606763,0.6865338699932556,331.0,175.07221975905483,-0.7635278701782227,-0.21825948357582092,-0.35817962884902954
2.6380077170343497,0.6853979913102236,333.00600595184466,175.07221975905483,-0.7816540002822876,-0.2367965430021286,-0.363630473613739
2.6554366249009504,0.6809075789943235,333.0015014981164,175.07221975905483,-1.0580289363861084,-0.24211165308952332,-0.4693272113800049
2.5348591622423817,0.6813889460043812,332.0,175.56278075141654,-0.8320738077163696,-0.2505328059196472,-0.3899672329425812
2.673097525289926,0.6804856628923068,331.0060422409235,175.56278075141654,-0.8183826208114624,-0.23758146166801453,-0.3777430057525635
2.9270306629566,0.6806331842115573,331.0060422409235,175.56278075141654,-0.8052603602409363,-0.26151639223098755,-0.36168402433395386
2.9335333041960414,0.679133909075488,331.00151057057127,175.56278075141654,-0.8024110794067383,-0.24572551250457764,-0.360671728849411
3.0607453891408793,0.6771670585464682,332.00150602068055,175.56278075141654,-0.7686455249786377,-0.23904040455818176,-0.34380877017974854
3.047207394525489,0.6801748183806486,332.00150602068055,175.56278075141654,-0.7048686146736145,-0.22497758269309998,-0.3234929144382477
3.1738319413746927,0.678213716460263,333.0015014981164,175.56278075141654,-0.6909846067428589,-0.20562323927879333,-0.29635411500930786
3.4345893938919634,0.6768907972304405,333.0,175.56278075141654,-0.6929833292961121,-0.20724622905254364,-0.3028164505958557
3.4194366913221126,0.679876170986742,333.00600595184466,175.56278075141654,-0.7074242234230042,-0.20968516170978546,-0.3033587336540222
3.4194366913221126,0.679876170986742,333.00600595184466,175.56278075141654,-0.7163245677947998,-0.21564367413520813,-0.3007800281047821
3.3077423871940224,0.6788287731304774,332.0060240417333,175.56278075141654,-0.721407413482666,-0.18789121508598328,-0.30707627534866333
3.442216198939497,0.6794450092688945,331.0135948869774,175.56278075141654,-0.723651111125946,-0.2269209325313568,-0.309343159198761
3.442216198939497,0.6794450092688945,331.0135948869774,175.56278075141654,-0.7250889539718628,-0.22593975067138672,-0.309638649225235
3.545695335427467,0.6820277482815564,332.0,175.07221975905483,-0.7263264060020447,-0.23192861676216125,-0.31796881556510925
3.426996298911194,0.6824855254899642,331.00151057057127,175.07221975905483,-0.9632665514945984,-0.22358159720897675,-0.4464317858219147
3.1879310055379824,0.679270365460242,331.0135948869774,175.60054351718176,-0.7569524049758911,-0.22335943579673767,-0.3826715052127838
3.1808658509592225,0.6807940801022779,331.0060422409235,175.60054351718176,-0.75835120677948,-0.24105508625507355,-0.38140740990638733
3.1879310055379824,0.679270365460242,331.0135948869774,175.60054351718176,-0.8422858119010925,-0.23611900210380554,-0.417565256357193
3.1879310055379824,0.679270365460242,331.0135948869774,175.60054351718176,-0.7327526211738586,-0.2359357327222824,-0.34884148836135864
3.3150884785211363,0.6814144984221513,330.01363608190496,175.56278075141654,-0.7035389542579651,-0.2075974941253662,-0.3140760064125061
3.3077423871940224,0.6829427362399528,330.0060605504087,175.60054351718176,-0.7152343988418579,-0.2080196589231491,-0.31573495268821716
3.067559601147567,0.6797487210721855,330.0060605504087,175.60054351718176,-0.8017028570175171,-0.1980339139699936,-0.4012845456600189
3.1738319413746927,0.6823116472323042,331.00151057057127,175.60054351718176,-0.7019084692001343,-0.20660369098186493,-0.32166749238967896
2.920556794300229,0.6821511048870306,331.00151057057127,175.60054351718176,-0.7033703923225403,-0.19928085803985596,-0.34675905108451843
2.914111507918421,0.6836628358260644,331.0,175.60054351718176,-0.7065056562423706,-0.21181049942970276,-0.34558218717575073
2.914111507918421,0.6836628358260644,331.0,175.60054351718176,-0.7145693898200989,-0.2119545042514801,-0.3454408645629883
3.033788646614823,0.6831826158807951,332.00150602068055,175.1141214098354,-0.7288069725036621,-0.21185538172721863,-0.34537920355796814
2.920556794300229,0.6821262015903363,331.0135948869774,175.07221975905483,-0.7130370736122131,-0.2123260498046875,-0.3421143591403961
3.159857032873222,0.685303151666535,331.0135948869774,175.07221975905483,-0.7172122597694397,-0.21801960468292236,-0.3368239998817444
3.411910350403933,0.6854762584597685,331.0135948869774,175.07221975905483,-0.7203379273414612,-0.21442504227161407,-0.3236597180366516
3.6638421246891593,0.6856876646904081,331.00151057057127,175.07221975905483,-0.7052814960479736,-0.21862323582172394,-0.3081419765949249
3.9156406589396164,0.6858873020193733,331.00151057057127,175.02959470737397,-0.7891775965690613,-0.21607466042041779,-0.3617022633552551
3.8234055171924175,0.6817916906234622,330.01363608190496,175.02959470737397,-0.6994320154190063,-0.2040679007768631,-0.29516464471817017
3.696376208475041,0.6795834206283806,331.03776219639957,175.5243650957604,-0.7038735151290894,-0.20997965335845947,-0.30038782954216003
2.9270306629566,0.6805959144295287,331.02416830195347,175.5243650957604,-0.6843956112861633,-0.2096766233444214,-0.30370277166366577
2.6790368473924047,0.6789612702141343,331.0135948869774,175.5243650957604,-0.7239826917648315,-0.24509263038635254,-0.30558666586875916
2.6790368473924047,0.6789612702141343,331.0135948869774,175.5243650957604,-0.7602359056472778,-0.2425214797258377,-0.3374461531639099
2.667184496592681,0.6819790099489127,331.0135948869774,175.56278075141654,-0.7218669652938843,-0.24036243557929993,-0.32383400201797485
2.7938818816437903,0.684117587581628,330.01363608190496,175.56278075141654,-0.7070167064666748,-0.22303977608680725,-0.31768712401390076
2.7877156881481344,0.6856088480630245,330.0242415338607,174.9862274092584,-0.7087849974632263,-0.20618148148059845,-0.33943894505500793
2.882307265425109,0.6912028987577081,331.00151057057127,175.02959470737397,-0.7093117833137512,-0.21977634727954865,-0.3393121361732483
2.88861243714025,0.6896973927996102,331.0,175.48527950897375,-0.7283785939216614,-0.21968217194080353,-0.3404279351234436
3.647788772090246,0.6887026542415864,331.00151057057127,175.5243650957604,-0.7253259420394897,-0.21954838931560516,-0.3221246004104614
3.6638421246891593,0.6856626322844922,331.0135948869774,175.02959470737397,-0.7452207207679749,-0.212599515914917,-0.33847492933273315
3.2786806699790567,0.6848428185963032,332.0060240417333,175.02959470737397,-0.7591978907585144,-0.22486133873462677,-0.34860968589782715
3.5223883932562146,0.6865341191301014,332.00150602068055,175.02959470737397,-0.7336234450340271,-0.22453340888023376,-0.342022567987442
3.3895287493408035,0.6858838458832807,333.0,175.02959470737397,-0.736535906791687,-0.2249913513660431,-0.3417564630508423
3.781439320827129,0.685226066885794,332.0,174.9862274092584,-0.7579773664474487,-0.225938081741333,-0.3436512351036072
3.781439320827129,0.685226066885794,332.0,174.9862274092584,-0.8122125864028931,-0.22823897004127502,-0.39108264446258545
3.3747700548063726,0.6888691970820097,333.00600595184466,175.02959470737397,-0.7837694883346558,-0.2332756072282791,-0.3709457516670227
3.5146873224316377,0.6880279360684256,332.0060240417333,175.02959470737397,-1.0350141525268555,-0.2368660420179367,-0.48966044187545776
3.5301232702041907,0.6850340591140034,332.0,175.02959470737397,-0.7570238709449768,-0.22063462436199188,-0.34593480825424194
3.5301232702041907,0.6850340591140034,332.0,175.02959470737397,-0.7279208898544312,-0.22573676705360413,-0.3312133848667145
3.013880692800791,0.6835672970690471,334.0059879702758,175.02959470737397,-0.7381064891815186,-0.21252509951591492,-0.34250468015670776
2.88861243714025,0.6855550661285684,333.0,175.5243650957604,-0.7435681819915771,-0.23343317210674286,-0.32143938541412354
2.7633208428562033,0.6875457709602746,332.0,175.5243650957604,-0.7471178770065308,-0.24175310134887695,-0.321777880191803
2.7572887304745284,0.6890469235282072,332.00150602068055,175.5243650957604,-0.7542804479598999,-0.2103855162858963,-0.35126519203186035
2.7633208428562033,0.6875457709602746,332.0,175.07221975905483,-0.7486189603805542,-0.21817275881767273,-0.3383922874927521
2.882307265425109,0.6870515675587863,333.0015014981164,175.07221975905483,-0.7155592441558838,-0.2184019535779953,-0.33340689539909363
2.77546463538187,0.6845372375383524,332.0,175.5243650957604,-0.7209352254867554,-0.2171543538570404,-0.33152318000793457
2.7633208428562033,0.6875457709602746,332.0,175.5243650957604,-0.7063568830490112,-0.2149903029203415,-0.32980799674987793
2.77546463538187,0.684524817038193,332.0060240417333,175.5243650957604,-0.6977412104606628,-0.226271390914917,-0.30060023069381714
3.0204875787803784,0.6861655504618361,332.01355394019686,175.5243650957604,-0.7235921025276184,-0.2579783797264099,-0.30512934923171997
2.77546463538187,0.6886353614581892,330.0242415338607,175.5243650957604,-0.7551917433738708,-0.2566973865032196,-0.346221387386322
3.033788646614823,0.6872978342602902,330.01363608190496,175.5243650957604,-0.754752516746521,-0.25544726848602295,-0.34581077098846436
2.901305929091202,0.6866675625232046,331.0060422409235,176.05397592682294,-0.7238391637802124,-0.25202587246894836,-0.3366635739803314
2.901305929091202,0.6866675625232046,331.0060422409235,176.01978686317855,-0.7697268128395081,-0.23033690452575684,-0.38942283391952515
2.77546463538187,0.6886733003616514,330.0060605504087,176.05397592682294,-0.7671083807945251,-0.24180610477924347,-0.37487509846687317
2.77546463538187,0.6886733003616514,330.0060605504087,176.05397592682294,-0.8223889470100403,-0.24292978644371033,-0.4015893340110779
2.8949452643209543,0.692369060724479,329.0015197533288,176.05397592682294,-0.8010514974594116,-0.2516409158706665,-0.38384512066841125
3.0204875787803784,0.6945585494388916,328.0015243867016,176.01978686317855,-0.9784082174301147,-0.2299322634935379,-0.4932144582271576
3.0204875787803784,0.6945585494388916,328.0015243867016,176.01978686317855,-0.715377926826477,-0.23612773418426514,-0.34400686621665955
3.1668290702519375,0.6921748860200083,327.00611615075337,175.5243650957604,-0.7140414714813232,-0.23404602706432343,-0.3300155997276306
3.047207394525489,0.6884695565780091,328.0015243867016,176.01978686317855,-0.7421277165412903,-0.2371184378862381,-0.3457411527633667
3.2931474253754764,0.6901505370288179,328.0060975042995,176.01978686317855,-0.7452835440635681,-0.23378022015094757,-0.34363433718681335
2.5404666025257105,0.6881468873650811,328.01371922527875,176.51577920336072,-0.7218106985092163,-0.2384812831878662,-0.3263412415981293
2.5292764432038797,0.6911925602604587,328.01371922527875,176.51577920336072,-0.7226027250289917,-0.225481778383255,-0.3266631066799164
2.7693794197151274,0.694404632869378,328.0015243867016,176.51577920336072,-0.7231566905975342,-0.22627858817577362,-0.3311423659324646
2.7693794197151274,0.694404632869378,328.0015243867016,176.51577920336072,-0.7352908849716187,-0.21981482207775116,-0.3320520520210266
3.013880692800791,0.6960840560646382,328.0,176.48530859380037,-0.7220919132232666,-0.22551047801971436,-0.32049378752708435
3.2643404414150288,0.6962509530819703,328.0,176.48530859380037,-0.7279986143112183,-0.224002406001091,-0.32060450315475464
3.5223883932562146,0.6949064090588838,328.0015243867016,176.4543005809219,-0.7129907608032227,-0.20578058063983917,-0.31752824783325195
3.411910350403933,0.6896684267245086,329.0015197533288,175.98500078048855,-0.7048552632331848,-0.2093847543001175,-0.2948278784751892
3.411910350403933,0.6896684267245086,329.0015197533288,175.98500078048855,-0.7049494385719299,-0.20981934666633606,-0.30524367094039917
3.411910350403933,0.6896684267245086,329.0015197533288,175.98500078048855,-0.7043255567550659,-0.20789547264575958,-0.3112560510635376
3.411910350403933,0.6896684267245086,329.0015197533288,175.98500078048855,-0.7048745155334473,-0.21017587184906006,-0.32754579186439514
3.655797836000287,0.691363011631851,329.0060789711947,175.94960193271754,-0.7377720475196838,-0.22936031222343445,-0.33030205965042114
2.6496014384606763,0.6906945661131768,329.0060789711947,176.51577920336072,-0.7023995518684387,-0.22917738556861877,-0.32988783717155457
2.77546463538187,0.6928723721406395,328.0060975042995,176.51577920336072,-0.6998564004898071,-0.23253516852855682,-0.30950605869293213
3.1738319413746927,0.6906320550293427,327.0137611783333,176.48530859380037,-0.7661701440811157,-0.2316220998764038,-0.37416601181030273
2.667184496592681,0.6903205629600481,327.0137611783333,176.48530859380037,-0.7226880788803101,-0.23007747530937195,-0.3600837290287018
2.673097525289926,0.6887706912494737,327.0244639166923,176.48530859380037,-0.7182377576828003,-0.2328931838274002,-0.3508898615837097
2.781576665721518,0.6913337365860613,328.01371922527875,176.48530859380037,-0.7135767936706543,-0.24725699424743652,-0.3494429290294647
2.781576665721518,0.6913337365860613,328.01371922527875,176.48530859380037,-0.7137707471847534,-0.2461070716381073,-0.3401571810245514
2.901305929091202,0.6950668534066343,327.00611615075337,176.4543005809219,-0.7137244343757629,-0.24364563822746277,-0.3333592116832733
1.894084975857855,0.6903333364058968,329.0060789711947,176.48530859380037,-0.7425569891929626,-0.24535927176475525,-0.338167667388916
1.7720281889137521,0.6908752686048675,328.0015243867016,176.48530859380037,-0.6979953050613403,-0.24511444568634033,-0.29848814010620117
2.1554441156243653,0.6916072109465954,327.00611615075337,176.9595120204814,-0.7099279165267944,-0.23103885352611542,-0.3266579210758209
2.2819299877302957,0.6895577051128177,328.0060975042995,176.9861145408867,-0.7077766060829163,-0.2341252863407135,-0.3255142569541931
2.2769042813886684,0.6910904976934122,328.0015243867016,176.9595120204814,-0.7107400894165039,-0.2380056083202362,-0.3241351842880249
2.2769042813886684,0.6910904976934122,328.0015243867016,176.9595120204814,-0.7648885250091553,-0.2381153404712677,-0.3504811227321625
2.150697167820684,0.6889312719290598,329.0015197533288,176.48530859380037,-0.7293766736984253,-0.22411863505840302,-0.33502018451690674
2.150697167820684,0.6889312719290598,329.0015197533288,176.48530859380037,-0.7344566583633423,-0.22312812507152557,-0.33478477597236633
2.1412658260311526,0.6919686429088499,329.0015197533288,176.48530859380037,-0.7305583953857422,-0.2294968068599701,-0.3302777111530304
2.261959294452275,0.6914471568067573,330.0,176.48530859380037,-0.7936762571334839,-0.22966842353343964,-0.3683184087276459
2.261959294452275,0.6914471568067573,330.0,176.48530859380037,-0.7536694407463074,-0.23125381767749786,-0.35966312885284424
2.261959294452275,0.6914471568067573,330.0,176.48530859380037,-0.7569277882575989,-0.23371663689613342,-0.35769644379615784
3.007302651691495,0.6976031018126653,328.0015243867016,176.9861145408867,-0.9797263145446777,-0.24570095539093018,-0.488416850566864
2.5017280136757267,0.6988360851309378,328.0,176.48530859380037,-0.8311054110527039,-0.2493271380662918,-0.4020780622959137
2.5071895421621764,0.6973099086591745,328.0015243867016,176.48530859380037,-0.8203929662704468,-0.24716365337371826,-0.4002944827079773
2.387324754346866,0.6978526915656552,327.0,176.48530859380037,-0.7452336549758911,-0.22614514827728271,-0.35829851031303406
2.5181845185574896,0.6942640705482833,328.0015243867016,176.48530859380037,-0.7281085252761841,-0.2261625975370407,-0.3302880823612213
2.52371828247719,0.6927443806821771,328.0,176.9861145408867,-0.9008509516716003,-0.21918821334838867,-0.44478148221969604
2.5292764432038797,0.6912182582558817,328.0015243867016,176.48530859380037,-0.8134163022041321,-0.22132785618305206,-0.3891356885433197
2.6554366249009504,0.6934011802143405,327.00152904841286,176.48530859380037,-0.7233923077583313,-0.2217901647090912,-0.32636868953704834
3.442216198939497,0.687781294761098,327.00152904841286,176.9861145408867,-0.7069390416145325,-0.22048290073871613,-0.30837684869766235
3.3004287743503085,0.6886382974645975,328.0015243867016,176.9861145408867,-0.7193347811698914,-0.23239557445049286,-0.31150153279304504
3.047207394525489,0.6884695565780091,328.0015243867016,176.9861145408867,-0.7254232168197632,-0.2265520840883255,-0.3173094391822815
2.9076946151757217,0.6893334540853026,329.0015197533288,176.9861145408867,-0.6872529983520508,-0.22616827487945557,-0.31659525632858276
2.9076946151757217,0.6893334540853026,329.0015197533288,176.9861145408867,-0.7146095037460327,-0.2390674352645874,-0.3197896480560303
3.152915626315402,0.691002131362625,329.0060789711947,176.4543005809219,-0.7311797738075256,-0.2391345202922821,-0.3384988009929657
3.0204875787803784,0.6903491424691944,330.00151514803684,176.9595120204814,-0.701848030090332,-0.24376781284809113,-0.3316487967967987
2.9076946151757217,0.6893334540853026,329.0015197533288,176.9595120204814,-0.7168854475021362,-0.23108193278312683,-0.33373892307281494
2.77546463538187,0.6928723721406395,328.0060975042995,176.9861145408867,-0.7087262868881226,-0.22923429310321808,-0.33063748478889465
2.6554366249009504,0.6891860145457107,329.0015197533288,176.9861145408867,-0.7910577058792114,-0.2626538872718811,-0.34608569741249084
3.1668290702519375,0.6879672919311561,329.0060789711947,176.48530859380037,-0.7901567816734314,-0.2479507029056549,-0.36018940806388855
3.545695335427467,0.6903323265757402,328.0060975042995,176.48530859380037,-0.7819302678108215,-0.24980168044567108,-0.3442358672618866
3.2858981275403765,0.6916563171233575,328.01371922527875,176.42274084369524,-0.7584584951400757,-0.19439111649990082,-0.34556105732917786
3.2786806699790567,0.6931942516232061,328.0060975042995,176.4543005809219,-0.7508981823921204,-0.20718808472156525,-0.34486743807792664
3.396956595342944,0.6927025654261592,329.0015197533288,175.94960193271754,-0.7702051997184753,-0.2162942886352539,-0.37027814984321594
3.3895287493408035,0.6942100321824242,329.0060789711947,175.94960193271754,-0.757047176361084,-0.21873509883880615,-0.36021101474761963
3.1391239028243887,0.6940498350144583,329.0,175.94960193271754,-0.7499889731407166,-0.21932192146778107,-0.35977959632873535
3.2858981275403765,0.6916563171233575,328.01371922527875,175.94960193271754,-0.79246985912323,-0.18731974065303802,-0.38060787320137024
3.411910350403933,0.6896429419700609,329.013677527242,176.4543005809219,-0.7866234183311462,-0.24755211174488068,-0.37630873918533325
3.159857032873222,0.6894687829431257,329.013677527242,176.4543005809219,-0.7898503541946411,-0.2290903776884079,-0.3873177468776703
3.040483213293,0.6899436947536767,328.0243893371345,176.4543005809219,-0.7541099786758423,-0.22870488464832306,-0.361083984375
2.9076946151757217,0.6893079817088255,329.013677527242,176.4543005809219,-0.7089394330978394,-0.22557850182056427,-0.32954272627830505
3.2786806699790567,0.6889552726030634,330.0242415338607,175.94960193271754,-0.7154972553253174,-0.24022486805915833,-0.3254484534263611
3.007302651691495,0.693375243180409,330.00151514803684,176.4543005809219,-0.735586941242218,-0.2454938143491745,-0.32598426938056946
2.5017280136757267,0.6945879586116948,330.0060605504087,176.4543005809219,-0.7964564561843872,-0.22941263020038605,-0.3927059769630432
2.4801180079778824,0.7006427330960052,330.0060605504087,176.01978686317855,-0.7683268785476685,-0.25257211923599243,-0.359519362449646
2.609462809241783,0.6970935841962455,331.00151057057127,176.01978686317855,-0.7583897709846497,-0.24499109387397766,-0.3458564877510071
2.4962902499432995,0.6960856637416075,330.01363608190496,175.98500078048855,-0.7633001804351807,-0.24519148468971252,-0.3462408185005188
2.8697791677992286,0.6941442073107188,331.03776219639957,175.98500078048855,-0.7589648962020874,-0.2474886178970337,-0.3441005051136017
2.8697791677992286,0.6941948867935259,331.0135948869774,176.51577920336072,-0.7568752765655518,-0.22738786041736603,-0.34378698468208313
3.1051667657554507,0.6973692051731386,331.0135948869774,176.4543005809219,-0.7514565587043762,-0.22745828330516815,-0.34201955795288086
2.857359545824292,0.6972121415087922,331.0135948869774,176.4543005809219,-0.7563650608062744,-0.2268020659685135,-0.3487800359725952
2.8635558854920737,0.6957193840994133,331.0060422409235,176.48530859380037,-0.7239430546760559,-0.22673030197620392,-0.3260660171508789
2.8635558854920737,0.6957193840994133,331.0060422409235,176.48530859380037,-0.7288941740989685,-0.22143130004405975,-0.3379865288734436
2.8635558854920737,0.6957193840994133,331.0060422409235,176.48530859380037,-0.728174090385437,-0.22629299759864807,-0.3370554745197296
2.6151222273154167,0.6955750623503445,331.0060422409235,176.48530859380037,-0.7076395750045776,-0.2177751362323761,-0.3146948516368866
3.2360329916894597,0.6938642101939893,332.0060240417333,176.48530859380037,-0.7113341093063354,-0.21855008602142334,-0.3170461654663086
2.981275195382067,0.6952141727633928,332.00150602068055,176.48530859380037,-0.7217395305633545,-0.23244516551494598,-0.31860730051994324
2.8635558854920737,0.6957320841118639,331.0,176.48530859380037,-0.7254025936126709,-0.2283206731081009,-0.3294231593608856
2.7393494595342895,0.6935629293354448,332.0,176.48530859380037,-0.7235068082809448,-0.22835102677345276,-0.3288978934288025
2.6322488475398016,0.6910576298001372,331.00151057057127,175.98500078048855,-0.7228296399116516,-0.22801680862903595,-0.3212703764438629
2.5071895421621764,0.6930838269387491,330.00151514803684,175.98500078048855,-0.7344498038291931,-0.2316916435956955,-0.33384647965431213
2.257021195287993,0.692957950221066,330.00151514803684,175.98500078048855,-0.753571629524231,-0.250122994184494,-0.3359423279762268
2.0068031271771822,0.6928453042990594,330.00151514803684,176.51577920336072,-0.7389442324638367,-0.24913763999938965,-0.33156895637512207
2.5017280136757267,0.6946007149308574,330.0,175.98500078048855,-1.0129598379135132,-0.2755419611930847,-0.511060357093811
2.3821128970676178,0.6951256571701498,329.0015197533288,176.01978686317855,-0.8437947034835815,-0.27442294359207153,-0.4040926992893219
2.3821128970676178,0.6951256571701498,329.0015197533288,176.51577920336072,-0.778660774230957,-0.25170886516571045,-0.37267088890075684
2.5071895421621764,0.6973099086591745,328.0015243867016,176.51577920336072,-0.7133471369743347,-0.2493855208158493,-0.32681411504745483
2.1319169784944245,0.6950060325007389,329.0015197533288,176.51577920336072,-0.7123290300369263,-0.23897342383861542,-0.32779374718666077
2.257021195287993,0.6971832644076448,328.0015243867016,176.51577920336072,-0.7164438962936401,-0.2377069741487503,-0.31755632162094116
2.4801180079778824,0.7006427330960052,330.0060605504087,175.98500078048855,-0.7524141669273376,-0.23902051150798798,-0.35032573342323303
2.376923772926891,0.6966473161005505,329.0,176.48530859380037,-0.7173014879226685,-0.23909442126750946,-0.3216627538204193
2.6208062656101787,0.698294858906543,329.0015197533288,175.98500078048855,-0.7387702465057373,-0.2519038915634155,-0.3404780924320221
2.37175723368169,0.6981625446953702,329.0015197533288,175.98500078048855,-0.7123953104019165,-0.2356324940919876,-0.3380233645439148
2.3666131323749777,0.6996842290089309,329.0,175.98500078048855,-0.7321993112564087,-0.23075993359088898,-0.34954220056533813
2.4747737705976864,0.7021403239920841,330.01363608190496,175.98500078048855,-0.6970750093460083,-0.2279774695634842,-0.3375386595726013
2.361491323320949,0.7011994548563029,329.0015197533288,175.98500078048855,-0.7485250234603882,-0.22826159000396729,-0.3520214855670929
2.857359545824292,0.7014760829325144,329.0015197533288,175.98500078048855,-0.7181850671768188,-0.22139546275138855,-0.34268710017204285
2.857359545824292,0.7014760829325144,329.0015197533288,175.98500078048855,-0.7033522129058838,-0.2032322883605957,-0.31647157669067383
2.8635558854920737,0.6999614584705094,329.0,175.98500078048855,-0.6978672742843628,-0.20537540316581726,-0.31321650743484497
2.7393494595342895,0.6977663410156493,330.0,175.98500078048855,-0.7247987985610962,-0.21008042991161346,-0.3254138231277466
2.8635558854920737,0.6999485254403848,329.0060789711947,175.98500078048855,-0.7107056379318237,-0.21190448105335236,-0.3102479875087738
2.7334214918393798,0.6992765557812195,330.00151514803684,175.98500078048855,-0.7065118551254272,-0.21977964043617249,-0.30800145864486694
2.4962902499432995,0.7003557722517025,328.0015243867016,175.98500078048855,-0.7799919247627258,-0.19129866361618042,-0.4042540192604065
2.4962902499432995,0.7003557722517025,328.0015243867016,176.01978686317855,-0.7633938789367676,-0.21042673289775848,-0.37067168951034546
2.9942323527235795,0.7006476908337486,328.0015243867016,176.01978686317855,-0.7375246286392212,-0.21112363040447235,-0.3455718159675598
2.8635558854920737,0.6999614584705094,329.0,176.51577920336072,-0.7079881429672241,-0.2115737646818161,-0.3387349247932434
2.8635558854920737,0.6999614584705094,329.0,176.51577920336072,-0.7173967361450195,-0.21196062862873077,-0.3385429382324219
2.876029568635687,0.6969128766739092,329.0060789711947,176.51577920336072,-0.7304896116256714,-0.2071966826915741,-0.34515130519866943
2.876029568635687,0.6969257536139993,329.0,176.51577920336072,-0.7480646371841431,-0.2206483781337738,-0.35523921251296997
3.4993857178232894,0.6994742310279378,328.0,175.98500078048855,-0.79700767993927,-0.21847327053546906,-0.4210382103919983
3.382133306249565,0.6999919818884938,327.00152904841286,176.48530859380037,-0.7882407903671265,-0.2357206791639328,-0.41963616013526917
3.3895287493408035,0.6984688705399004,327.0,175.98500078048855,-0.7512134313583374,-0.23561760783195496,-0.3790537714958191
3.5070198369192798,0.7022313022716525,326.00153373872337,175.94960193271754,-0.794354259967804,-0.24372771382331848,-0.39671972393989563
3.152915626315402,0.6952282864682614,327.00611615075337,175.94960193271754,-0.7260996699333191,-0.2270093709230423,-0.3327617049217224
3.1391239028243887,0.6982947881208312,327.0,175.94960193271754,-0.7261964678764343,-0.23051205277442932,-0.33071714639663696
3.382133306249565,0.6999919818884938,327.00152904841286,175.94960193271754,-0.7496274709701538,-0.23635542392730713,-0.3360455334186554
3.396956595342944,0.6969392388506493,327.00152904841286,175.98500078048855,-0.7593419551849365,-0.25008565187454224,-0.33617252111434937
3.396956595342944,0.6969392388506493,327.00152904841286,175.98500078048855,-0.7694562673568726,-0.24871566891670227,-0.3483257293701172
3.125452311545389,0.6970848108305298,329.0,175.98500078048855,-0.687116801738739,-0.23177604377269745,-0.329633891582489
3.152915626315402,0.691002131362625,329.0060789711947,175.5243650957604,-0.6965326070785522,-0.23378197848796844,-0.3079919219017029
3.1391239028243887,0.694037011212068,329.0060789711947,176.01978686317855,-0.7010923027992249,-0.2204989194869995,-0.3104211390018463
3.132273188842474,0.6955641049418471,329.0015197533288,175.5243650957604,-0.7547684907913208,-0.23937968909740448,-0.3493354618549347
3.2858981275403765,0.6916820323608956,328.0015243867016,175.5243650957604,-0.9494166374206543,-0.23536615073680878,-0.48817843198776245
3.2786806699790567,0.693207138071123,328.0,175.5243650957604,-0.7800034284591675,-0.23132948577404022,-0.3835139870643616
3.6638421246891593,0.6940752033919166,327.00152904841286,175.48527950897375,-0.7448859810829163,-0.22081425786018372,-0.3505379557609558
3.6638421246891593,0.6940752033919166,327.00152904841286,175.48527950897375,-0.74638831615448,-0.22929343581199646,-0.34478574991226196
3.4194366913221126,0.6923505006410334,327.00611615075337,175.48527950897375,-0.7251119613647461,-0.17957279086112976,-0.34180596470832825
3.4194366913221126,0.6923634502435507,327.0,175.48527950897375,-0.7265132069587708,-0.19805732369422913,-0.33374568819999695
3.4194366913221126,0.6923505006410334,327.00611615075337,175.48527950897375,-0.7504996061325073,-0.20001503825187683,-0.3620426058769226
3.537892176025387,0.6918634245594543,328.0015243867016,175.48527950897375,-0.7323416471481323,-0.22378472983837128,-0.33544906973838806
3.537892176025387,0.6918634245594543,328.0015243867016,175.48527950897375,-0.7235066294670105,-0.21925675868988037,-0.3316311836242676
3.537892176025387,0.6918634245594543,328.0015243867016,175.48527950897375,-0.7252869009971619,-0.2202087640762329,-0.3267916142940521
3.545695335427467,0.6903323265757402,328.0060975042995,175.48527950897375,-0.7195804715156555,-0.2197524756193161,-0.3260268568992615
3.537892176025387,0.6918634245594543,328.0015243867016,175.48527950897375,-0.7166493535041809,-0.220799058675766,-0.3247803747653961
3.2858981275403765,0.6916820323608956,328.0015243867016,175.48527950897375,-0.734049916267395,-0.2208319455385208,-0.32538503408432007
3.2931474253754764,0.6901505370288179,328.0060975042995,175.48527950897375,-0.7151872515678406,-0.22102585434913635,-0.3104572892189026
3.545695335427467,0.6903323265757402,328.0060975042995,175.48527950897375,-0.7362021803855896,-0.22648902237415314,-0.31636011600494385
3.3004287743503085,0.6886126953865203,328.01371922527875,175.48527950897375,-0.7232246398925781,-0.21390779316425323,-0.31741249561309814
3.3077423871940224,0.6870685512725803,328.0243893371345,175.48527950897375,-0.7148953676223755,-0.21624350547790527,-0.3040692210197449
2.546098928431099,0.6866400155915149,328.0060975042995,175.5243650957604,-0.7575558423995972,-0.2646196782588959,-0.33309322595596313
2.546098928431099,0.6866400155915149,328.0060975042995,175.5243650957604,-0.9905411601066589,-0.2624210715293884,-0.4744492471218109
2.2920483454748233,0.6865114065999319,328.0060975042995,175.5243650957604,-0.8022851943969727,-0.263156920671463,-0.36158767342567444
2.5404666025257105,0.6881468873650811,328.01371922527875,175.48527950897375,-0.80387943983078,-0.24583745002746582,-0.39309605956077576
2.546098928431099,0.6866017260473437,328.0243893371345,175.5243650957604,-0.7316404581069946,-0.24360914528369904,-0.33294063806533813
2.673097525289926,0.6845842561124945,329.02431521089744,175.5243650957604,-0.7226223349571228,-0.23925861716270447,-0.3264933228492737
2.673097525289926,0.6845842561124945,329.02431521089744,175.5243650957604,-0.708928644657135,-0.22989574074745178,-0.31326502561569214
2.5292764432038797,0.6870038616822346,330.01363608190496,175.48527950897375,-0.6729612946510315,-0.20944435894489288,-0.30614879727363586
2.6496014384606763,0.690656284226251,329.02431521089744,175.48527950897375,-0.6758930087089539,-0.20881912112236023,-0.2919732630252838
3.0204875787803784,0.6903237869221456,330.01363608190496,175.48527950897375,-0.6772099733352661,-0.2129966765642166,-0.2945210933685303
3.013880692800791,0.691852658743997,330.0060605504087,174.9862274092584,-0.6822901964187622,-0.21332891285419464,-0.29598256945610046
3.132273188842474,0.6955384023292145,329.013677527242,174.9862274092584,-0.7122372984886169,-0.19889463484287262,-0.30460885167121887
3.146004649430061,0.6925035725602021,329.013677527242,174.9862274092584,-0.6878290772438049,-0.21346792578697205,-0.288443386554718
3.2643404414150288,0.6919804180255221,330.0242415338607,174.9862274092584,-0.7792150974273682,-0.21843282878398895,-0.34784993529319763
3.5223883932562146,0.6906695256224816,330.01363608190496,174.9862274092584,-0.7280383110046387,-0.2196406126022339,-0.3268973231315613
3.748523398203759,0.6953754027036461,330.0242415338607,174.9862274092584,-0.7635620832443237,-0.21890167891979218,-0.35032519698143005
3.6398147024661824,0.6943963142450805,329.0060789711947,174.9862274092584,-0.7618430852890015,-0.21889793872833252,-0.349701464176178
4.006242305034286,0.6940909839811127,330.01363608190496,174.48792363977097,-0.7600468993186951,-0.21437256038188934,-0.3490064740180969
4.014995648043811,0.6925955025213185,330.0060605504087,174.48792363977097,-0.7494307160377502,-0.23195545375347137,-0.3472640812397003
4.023787286148968,0.6910682399568839,330.01363608190496,174.48792363977097,-0.7491867542266846,-0.2231942117214203,-0.35027867555618286
4.023787286148968,0.6910682399568839,330.01363608190496,174.48792363977097,-0.7493333220481873,-0.23451045155525208,-0.3475034534931183
3.907046323477093,0.6915634192978839,329.0060789711947,174.48792363977097,-0.737993061542511,-0.20104177296161652,-0.34358033537864685
3.89848959846125,0.6930892298336375,329.0015197533288,174.48792363977097,-0.7585060596466064,-0.2424108237028122,-0.34354203939437866
3.9156406589396164,0.690031292169136,329.013677527242,174.48792363977097,-0.7693594694137573,-0.22431614995002747,-0.3619886040687561
3.6638421246891593,0.6898559403559343,329.0015197533288,174.9862274092584,-0.7393108606338501,-0.23549604415893555,-0.3389316201210022
3.9242728529223667,0.6884928918867743,329.02431521089744,174.9862274092584,-0.7483260631561279,-0.20658965408802032,-0.3485584855079651
3.89848959846125,0.6930636186730447,329.013677527242,174.48792363977097,-0.7484687566757202,-0.20941130816936493,-0.34922507405281067
4.032617470738491,0.6895347332473266,330.0242415338607,174.48792363977097,-0.7519553899765015,-0.22081534564495087,-0.3475329875946045
3.8814879982473878,0.6918903351392335,331.0135948869774,174.48792363977097,-0.7130120396614075,-0.22118818759918213,-0.3353211581707001
3.748523398203759,0.6912246261949675,332.0060240417333,174.9862274092584,-0.7547215819358826,-0.22139880061149597,-0.34527936577796936
3.6318753986384564,0.6916924448686764,331.0135948869774,174.9862274092584,-0.6843374371528625,-0.20421747863292694,-0.3059544265270233
3.6398147024661824,0.6901629261029055,331.02416830195347,174.9862274092584,-0.6822931170463562,-0.2052750140428543,-0.30087810754776
3.6318753986384564,0.6916924448686764,331.0135948869774,174.9862274092584,-0.7016817927360535,-0.2215791493654251,-0.3249244689941406
3.6638421246891593,0.6855375113655283,331.074009852782,174.9862274092584,-0.7842991352081299,-0.23595142364501953,-0.3292182385921478
3.6398147024661824,0.6900999504363008,331.05437619823124,174.9862274092584,-0.7780832052230835,-0.2374459058046341,-0.33645421266555786
3.396956595342944,0.6884416909249382,331.03776219639957,174.9862274092584,-0.772541880607605,-0.24593503773212433,-0.34221386909484863
3.5223883932562146,0.6906187975149938,330.037876614185,174.48792363977097,-0.7701238393783569,-0.21832892298698425,-0.3688633143901825
3.2714948436700193,0.6904393141348375,330.037876614185,174.53555303429516,-0.7657519578933716,-0.21888354420661926,-0.36771923303604126
3.2786806699790567,0.6889552726030634,330.0242415338607,174.53555303429516,-0.7534435391426086,-0.20877094566822052,-0.36575475335121155
3.2501250892724047,0.6950056064441944,330.0242415338607,174.53555303429516,-0.7569175958633423,-0.20983830094337463,-0.3651087284088135
3.257217257819156,0.693515293267757,330.01363608190496,174.53555303429516,-0.7120004892349243,-0.20891162753105164,-0.3425220549106598
3.6318753986384564,0.6916924448686764,331.0135948869774,174.53555303429516,-0.7415286302566528,-0.20690491795539856,-0.34643760323524475
3.4993857178232894,0.6910342920668343,332.0060240417333,174.53555303429516,-0.7094326615333557,-0.20739655196666718,-0.3352717459201813
3.5146873224316377,0.6880279360684256,332.0060240417333,174.53555303429516,-0.6815486550331116,-0.20377576351165771,-0.27676400542259216
3.7566985789481873,0.6897062143198969,332.01355394019686,174.53555303429516,-0.685226559638977,-0.20425236225128174,-0.2878255844116211
3.7566985789481873,0.6897062143198969,332.01355394019686,174.53555303429516,-0.7784399390220642,-0.22075076401233673,-0.3282269239425659
3.4993857178232894,0.6909966803235631,332.02409551115414,174.53555303429516,-0.7727923393249512,-0.21976491808891296,-0.35211288928985596
3.4691785936209554,0.697047150088139,332.0060240417333,174.58236852544076,-0.7075175046920776,-0.22350545227527618,-0.3344040513038635
3.2290326641811884,0.6953520417046444,332.01355394019686,174.58236852544076,-0.708729088306427,-0.21854355931282043,-0.3229115605354309
3.2290326641811884,0.6953520417046444,332.01355394019686,175.02959470737397,-0.7065328359603882,-0.21980850398540497,-0.32919710874557495
3.2220625547397987,0.6968714247334353,332.0060240417333,175.02959470737397,-0.7072221040725708,-0.20209184288978577,-0.32997167110443115
3.2220625547397987,0.6968714247334353,332.0060240417333,175.02959470737397,-0.7081596851348877,-0.19992180168628693,-0.3296418786048889
3.724209806456517,0.69571723907134,332.01355394019686,175.02959470737397,-0.7675027251243591,-0.20042259991168976,-0.34514325857162476
3.4842167127577146,0.6940406969509187,332.0060240417333,175.02959470737397,-0.7614683508872986,-0.2131180316209793,-0.3448261618614197
3.476681398394822,0.6955281429449085,332.01355394019686,175.02959470737397,-0.7566918730735779,-0.20659025013446808,-0.3414107859134674
3.724209806456517,0.69571723907134,332.01355394019686,175.02959470737397,-0.7493715882301331,-0.2135762721300125,-0.3395324945449829
3.724209806456517,0.69571723907134,332.01355394019686,175.02959470737397,-0.747825026512146,-0.2156374156475067,-0.33593273162841797
3.988849509611294,0.6929146557928044,332.01355394019686,174.9862274092584,-0.7880808711051941,-0.22944049537181854,-0.35949036478996277
3.9802095652150435,0.6944327291583499,332.0060240417333,174.9862274092584,-0.7440176606178284,-0.225443035364151,-0.34697645902633667
3.8479254447641393,0.6979186496445715,331.0135948869774,174.9862274092584,-0.8178883790969849,-0.22535490989685059,-0.4189029335975647
3.4917847481442266,0.6925217820401542,332.01355394019686,174.9862274092584,-0.7381445169448853,-0.22615519165992737,-0.35676056146621704
3.6239706341002003,0.6931777894483929,331.02416830195347,174.48792363977097,-1.03347647190094,-0.28156527876853943,-0.5186684727668762
3.608263826645832,0.6962308292382509,331.0060422409235,175.02959470737397,-1.02435302734375,-0.2721910774707794,-0.5135563611984253
3.3747700548063726,0.6930313972105815,331.0060422409235,175.02959470737397,-0.8112381100654602,-0.24644741415977478,-0.3779379725456238
3.608263826645832,0.6962308292382509,331.0060422409235,175.02959470737397,-0.7883116006851196,-0.24755100905895233,-0.371838241815567
3.6318753986384564,0.6916924448686764,331.0135948869774,174.48792363977097,-0.8230096101760864,-0.24067659676074982,-0.3824422061443329
3.5223883932562146,0.6864593895832898,332.03764846776033,175.02959470737397,-0.7928351163864136,-0.24396780133247375,-0.3591426610946655
3.396956595342944,0.6884416909249382,331.03776219639957,175.02959470737397,-0.7205096483230591,-0.2348679006099701,-0.30682045221328735
3.889970237977542,0.6902982483759329,331.05437619823124,175.5243650957604,-0.731309711933136,-0.23951220512390137,-0.3155692219734192
3.89848959846125,0.6888259769255843,331.03776219639957,175.5243650957604,-0.7364557981491089,-0.24278788268566132,-0.3197645843029022
3.907046323477093,0.6872845831560511,331.05437619823124,175.02959470737397,-0.7477700710296631,-0.2409471720457077,-0.3349947929382324
3.89848959846125,0.6888259769255843,331.03776219639957,175.02959470737397,-0.7095383405685425,-0.22753342986106873,-0.3298451602458954
3.647788772090246,0.6886272350788678,331.03776219639957,174.53555303429516,-0.7028878927230835,-0.2099793255329132,-0.31570762395858765
3.647788772090246,0.6886272350788678,331.03776219639957,175.02959470737397,-0.6998492479324341,-0.21379604935646057,-0.3145500123500824
4.399453400300422,0.6892630072742539,331.03776219639957,174.48792363977097,-0.7228270769119263,-0.2055087834596634,-0.3247775733470917
4.399453400300422,0.6892630072742539,331.03776219639957,174.53555303429516,-0.7219337224960327,-0.22505882382392883,-0.3239187002182007
4.399453400300422,0.6893133303805463,331.0135948869774,174.48792363977097,-0.7636520266532898,-0.23115584254264832,-0.3318604826927185
4.399453400300422,0.6893133303805463,331.0135948869774,174.48792363977097,-0.806843638420105,-0.23114772140979767,-0.3597959280014038
4.659888841069003,0.6880241025620542,331.02416830195347,174.48792363977097,-0.7257697582244873,-0.23307912051677704,-0.31688234210014343
4.785217177045804,0.6860760070432603,332.02409551115414,174.48792363977097,-0.7068219780921936,-0.2225555181503296,-0.31472867727279663
4.534516823884405,0.6858313612635859,332.02409551115414,174.48792363977097,-0.6568311452865601,-0.221056267619133,-0.2998824417591095
4.293064321525762,0.6841198793609106,332.01355394019686,174.48792363977097,-0.6734105348587036,-0.2527914345264435,-0.29970070719718933
4.670127033843968,0.6865405702668007,331.0135948869774,174.48792363977097,-0.7387148141860962,-0.2215893566608429,-0.3309866189956665
4.40910239174399,0.6878229712658975,331.0060422409235,174.48792363977097,-0.726235032081604,-0.22229380905628204,-0.32887378334999084
4.5245954452862645,0.6873543972928113,332.01355394019686,174.48792363977097,-0.7886295318603516,-0.2239314764738083,-0.357024610042572
3.781439320827129,0.6852136338872569,332.0060240417333,174.53555303429516,-0.7564486265182495,-0.21628470718860626,-0.3556922972202301
4.023787286148968,0.6869055192070126,332.01355394019686,174.53555303429516,-0.7693532705307007,-0.2170497626066208,-0.36170828342437744
3.781439320827129,0.6851763389518541,332.02409551115414,174.53555303429516,-0.7213278412818909,-0.21840722858905792,-0.3380661606788635
3.7731563051384747,0.6866509553478317,332.03764846776033,174.48792363977097,-0.722356915473938,-0.2329632043838501,-0.3286084532737732
3.789758755174939,0.683695415335102,332.01355394019686,175.02959470737397,-0.7113634943962097,-0.23301160335540771,-0.3153018355369568
3.798114848489812,0.6821710923432449,332.02409551115414,174.53555303429516,-0.7125867009162903,-0.19383051991462708,-0.32605189085006714
3.537892176025387,0.6835029932908726,332.01355394019686,174.53555303429516,-0.7124863862991333,-0.19668158888816833,-0.32522764801979065
3.6398147024661824,0.6860184032494281,333.02402315748935,174.53555303429516,-0.7145290374755859,-0.19159331917762756,-0.3303486108779907
3.537892176025387,0.6835029932908726,332.01355394019686,174.53555303429516,-0.7054905295372009,-0.19485189020633698,-0.31232714653015137
3.553532975098882,0.6804968305272105,332.01355394019686,174.53555303429516,-0.7103262543678284,-0.19641360640525818,-0.31264907121658325
3.553532975098882,0.6804968305272105,332.01355394019686,174.53555303429516,-0.7101726531982422,-0.20386001467704773,-0.3128184676170349
3.8065078431954094,0.680690102374226,332.01355394019686,175.02959470737397,-0.7615209221839905,-0.2119857519865036,-0.33571410179138184
3.8065078431954094,0.680690102374226,332.01355394019686,175.02959470737397,-0.7164085507392883,-0.20411410927772522,-0.3324219584465027
4.05039449595775,0.682414313844257,332.0060240417333,175.02959470737397,-0.726178765296936,-0.23855197429656982,-0.3353429436683655
4.06832877927738,0.6794098736168136,332.0060240417333,174.53555303429516,-0.7498337626457214,-0.2379142940044403,-0.3404686450958252
3.9156406589396164,0.6776976763312237,335.0014925339886,174.53555303429516,-0.733608603477478,-0.23239412903785706,-0.3403396010398865
3.2858981275403765,0.6792323648743295,334.0134727821619,174.58236852544076,-0.7316181659698486,-0.2244647741317749,-0.3399791121482849
4.05039449595775,0.678328147556589,334.0059879702758,175.07221975905483,-0.7315857410430908,-0.23308102786540985,-0.3193390965461731
4.06832877927738,0.6753416973421357,334.0059879702758,174.58236852544076,-0.7301331758499146,-0.23166456818580627,-0.3194175362586975
4.1672947880998645,0.6779080169308763,335.0014925339886,174.58236852544076,-0.7302862405776978,-0.2328799068927765,-0.32212433218955994
4.1672947880998645,0.6778838559780244,335.01343256651666,174.58236852544076,-0.7363439798355103,-0.2423454225063324,-0.325064480304718
4.158151413539735,0.6793875311116154,335.00597009605667,174.58236852544076,-0.7193562388420105,-0.23987455666065216,-0.31393370032310486
4.399453400300422,0.6811076624616386,335.0014925339886,174.58236852544076,-0.7288073301315308,-0.23930177092552185,-0.31646114587783813
3.89848959846125,0.6806758030464869,335.0014925339886,174.53555303429516,-0.764924168586731,-0.22371049225330353,-0.35860154032707214
3.6719218706762513,0.680025045431231,333.02402315748935,174.53555303429516,-0.7638745307922363,-0.2221081554889679,-0.3555867075920105
3.89848959846125,0.6847392099203007,333.0135132393279,174.53555303429516,-0.7934938073158264,-0.2718767523765564,-0.36014407873153687
3.7731563051384747,0.6825891382069815,334.0134727821619,174.53555303429516,-0.7927113771438599,-0.26871269941329956,-0.36001598834991455
3.5070198369192798,0.685386968644967,334.0134727821619,174.53555303429516,-0.7297841310501099,-0.25113019347190857,-0.35118427872657776
3.5070198369192798,0.685386968644967,334.0134727821619,175.07221975905483,-0.7299805879592896,-0.2545580565929413,-0.34539568424224854
3.4917847481442266,0.688375280569149,334.0134727821619,175.07221975905483,-0.7533202767372131,-0.2346285581588745,-0.35100704431533813
3.3601392909446965,0.6876997976516683,335.0238797459071,174.58236852544076,-0.7014293670654297,-0.20390614867210388,-0.31388741731643677
3.2360329916894597,0.6896723926604903,334.0239512370333,174.58236852544076,-0.6837724447250366,-0.1987200379371643,-0.29663217067718506
3.8730426376053058,0.6892114299295721,333.02402315748935,174.53555303429516,-0.6903024911880493,-0.19265566766262054,-0.3008130192756653
3.7403836955888936,0.6885640602367687,334.0134727821619,174.53555303429516,-0.6801027655601501,-0.19505544006824493,-0.3035822808742523
3.7403836955888936,0.6885640602367687,334.0134727821619,174.53555303429516,-0.686761736869812,-0.21038082242012024,-0.3045981824398041
4.006242305034286,0.6857791917662401,334.0134727821619,174.53555303429516,-0.6899682879447937,-0.21097281575202942,-0.3056761920452118
4.2556402929490735,0.6859948188935022,334.0134727821619,174.48792363977097,-0.6924558877944946,-0.2517208755016327,-0.30703940987586975
4.389846487728787,0.6866490044340466,333.02402315748935,174.48792363977097,-0.7334222793579102,-0.2295294553041458,-0.32645514607429504
4.264935077200029,0.6886033150120765,332.02409551115414,174.48792363977097,-0.7592176795005798,-0.26845604181289673,-0.3321365416049957
4.389846487728787,0.6907973370118824,331.02416830195347,174.48792363977097,-0.7863477468490601,-0.20069798827171326,-0.4050922393798828
4.014995648043811,0.6883859226973549,332.02409551115414,175.02959470737397,-0.6978766918182373,-0.1938527226448059,-0.36933234333992004
3.7649094698938708,0.6923518300886998,330.0242415338607,175.02959470737397,-0.70174241065979,-0.1980585753917694,-0.3626646399497986
3.6398147024661824,0.6901629261029055,331.02416830195347,174.9862274092584,-0.7041719555854797,-0.20944969356060028,-0.33685722947120667
3.7649094698938708,0.6923518300886998,330.0242415338607,174.9862274092584,-0.7352715730667114,-0.21859386563301086,-0.33678001165390015
3.889970237977542,0.6903612421383873,331.02416830195347,174.9862274092584,-0.7337219715118408,-0.226237490773201,-0.33533579111099243
3.889970237977542,0.6903612421383873,331.02416830195347,174.43945900076764,-0.7367109060287476,-0.21989956498146057,-0.3396451771259308
3.907046323477093,0.6873473019038847,331.02416830195347,174.43945900076764,-0.7417781949043274,-0.22602824866771698,-0.3397257626056671
4.785217177045804,0.6860760070432603,332.02409551115414,174.48792363977097,-0.793736457824707,-0.2270755022764206,-0.36681365966796875
4.428527719551002,0.6848108555017721,331.0060422409235,174.48792363977097,-0.733725905418396,-0.22670559585094452,-0.3402520418167114
4.41879373852987,0.6863012440156694,331.0135948869774,174.48792363977097,-0.7442158460617065,-0.22807523608207703,-0.34205204248428345
4.1490480264567635,0.6890882117166784,331.0135948869774,174.48792363977097,-0.7336490750312805,-0.2130264937877655,-0.3413315415382385
4.13998436560899,0.6906105325863742,331.0060422409235,173.99044500972553,-0.7706660032272339,-0.227427676320076,-0.3537868559360504
4.13998436560899,0.6906105325863742,331.0060422409235,174.48792363977097,-1.0396182537078857,-0.24076595902442932,-0.4679853320121765
3.889970237977542,0.6903990466747795,331.0060422409235,174.48792363977097,-0.7251716256141663,-0.2352186143398285,-0.3530881702899933
3.9975270079090364,0.6914405746322849,332.0,174.48792363977097,-0.7219007611274719,-0.23504877090454102,-0.35198667645454407
3.9975270079090364,0.6914405746322849,332.0,174.48792363977097,-0.7250730991363525,-0.23356840014457703,-0.3527112603187561
3.9975270079090364,0.6914405746322849,332.0,174.48792363977097,-0.7346998453140259,-0.2340332567691803,-0.3514304757118225
3.7566985789481873,0.6897312428959254,332.00150602068055,174.48792363977097,-0.8279930949211121,-0.20904311537742615,-0.4047698378562927
3.647788772090246,0.6886775117674192,331.0135948869774,174.48792363977097,-0.8264542818069458,-0.23601147532463074,-0.40166181325912476
3.647788772090246,0.6886775117674192,331.0135948869774,174.48792363977097,-0.7431578636169434,-0.23811988532543182,-0.33811718225479126
3.647788772090246,0.6886775117674192,331.0135948869774,174.48792363977097,-0.7511594891548157,-0.237839013338089,-0.34183573722839355
3.6398147024661824,0.6902007197794098,331.0060422409235,174.48792363977097,-0.7347975969314575,-0.23232297599315643,-0.3408665657043457
3.6398147024661824,0.6902007197794098,331.0060422409235,174.48792363977097,-0.7114207744598389,-0.2303130328655243,-0.3217528760433197
3.8814879982473878,0.6918903351392335,331.0135948869774,174.48792363977097,-0.7266619205474854,-0.21565166115760803,-0.32400092482566833
3.889970237977542,0.6903990466747795,331.0060422409235,174.48792363977097,-0.7069220542907715,-0.21615460515022278,-0.2999967634677887
4.264935077200029,0.6886407964817237,332.0060240417333,173.99044500972553,-0.7390424013137817,-0.20118024945259094,-0.33399051427841187
4.264935077200029,0.6886407964817237,332.0060240417333,173.99044500972553,-0.7355425357818604,-0.20312389731407166,-0.33396416902542114
4.264935077200029,0.6886407964817237,332.0060240417333,174.48792363977097,-0.7389345169067383,-0.21032503247261047,-0.33543020486831665
3.988849509611294,0.6929398007991617,332.00150602068055,174.48792363977097,-0.7328568696975708,-0.20312440395355225,-0.3373355567455292
3.6239706341002003,0.6932157482203631,331.0060422409235,175.07221975905483,-0.7170414328575134,-0.2049241065979004,-0.32740142941474915
3.6239706341002003,0.6932157482203631,331.0060422409235,175.07221975905483,-0.7352437973022461,-0.21132273972034454,-0.3339307904243469
3.7566985789481873,0.6897312428959254,332.00150602068055,175.07221975905483,-0.7778406143188477,-0.22933411598205566,-0.35008731484413147
4.006242305034286,0.6899350913943201,332.00150602068055,174.53555303429516,-0.7716010808944702,-0.22778229415416718,-0.3492891490459442
4.006242305034286,0.6899350913943201,332.00150602068055,174.53555303429516,-0.7361517548561096,-0.22642287611961365,-0.3379254937171936
4.237171581351484,0.6931557942815005,332.00150602068055,174.53555303429516,-0.7449196577072144,-0.22603051364421844,-0.3442944586277008
4.121975188960237,0.6936237796644071,331.0060422409235,174.53555303429516,-0.7227299213409424,-0.22568564116954803,-0.32708507776260376
4.1309601720212195,0.6921013557284316,331.0135948869774,174.53555303429516,-0.7239581346511841,-0.2144964188337326,-0.32504236698150635
4.2556402929490735,0.6901269814012728,332.01355394019686,174.53555303429516,-0.6962692737579346,-0.2147597372531891,-0.3252515196800232
4.274270498632822,0.6871483285734868,332.00150602068055,174.04231507807728,-0.6974276304244995,-0.2223275899887085,-0.3182418942451477
4.41879373852987,0.6863012440156694,331.0135948869774,174.48792363977097,-0.8030577898025513,-0.23559585213661194,-0.37362346053123474
4.1490480264567635,0.6890882117166784,331.0135948869774,174.53555303429516,-0.741826593875885,-0.23478388786315918,-0.3521902859210968
4.237171581351484,0.6931557942815005,332.00150602068055,174.53555303429516,-0.7418810725212097,-0.2450767457485199,-0.35053136944770813
4.014995648043811,0.6884233923340887,332.0060240417333,174.53555303429516,-0.7664283514022827,-0.2415965050458908,-0.3515040874481201
3.8814879982473878,0.6877351759042709,333.0135132393279,174.53555303429516,-0.7159383296966553,-0.23805227875709534,-0.3511544167995453
3.8730426376053058,0.6892114299295721,333.02402315748935,175.02959470737397,-0.6911367177963257,-0.2211659848690033,-0.3131178617477417
3.8730426376053058,0.6892487195393883,333.00600595184466,175.02959470737397,-0.693466067314148,-0.23200896382331848,-0.31351596117019653
3.864633916475211,0.6907312019448053,333.0135132393279,174.53555303429516,-0.9110643267631531,-0.2269250601530075,-0.41247254610061646
4.086422304454978,0.6954610669376554,333.0,174.53555303429516,-0.8524284362792969,-0.23636575043201447,-0.4006243646144867
4.227997132363192,0.690488831794673,334.0059879702758,174.53555303429516,-0.8177160024642944,-0.23654477298259735,-0.3857857286930084
4.227997132363192,0.6905012109161944,334.0,174.53555303429516,-0.8113659620285034,-0.24394114315509796,-0.3773494362831116
4.218862277225416,0.6919910516674168,334.0014970026332,174.53555303429516,-0.7977368235588074,-0.24318437278270721,-0.37295252084732056
4.35183418008007,0.6885516400007021,335.0,174.58236852544076,-0.7521664500236511,-0.24385228753089905,-0.35601475834846497
4.475631731368583,0.6907283590853913,334.0,174.58236852544076,-0.7489615082740784,-0.2302515208721161,-0.34973615407943726
4.609362785788607,0.6872937577088887,335.0014925339886,174.58236852544076,-0.7466914057731628,-0.25961577892303467,-0.3406333327293396
4.889073748705732,0.6871718751153674,333.00600595184466,174.53555303429516,-1.07865309715271,-0.2684304416179657,-0.4862096905708313
4.785217177045804,0.6861133509486309,332.0060240417333,174.53555303429516,-0.7707548141479492,-0.2568252980709076,-0.35400766134262085
4.910500577179905,0.6841798971605569,333.00600595184466,174.53555303429516,-0.7521814107894897,-0.2505308985710144,-0.34482428431510925
4.795728351921824,0.6845970868121297,332.01355394019686,174.53555303429516,-0.704164445400238,-0.21157880127429962,-0.31335514783859253
4.910500577179905,0.6841798971605569,333.00600595184466,174.53555303429516,-0.7121031880378723,-0.22553741931915283,-0.30942127108573914
5.03573779738508,0.6863711404527344,332.0060240417333,174.53555303429516,-0.7153468728065491,-0.18004338443279266,-0.3133010268211365
4.889073748705732,0.6871842688726604,333.0,174.53555303429516,-0.7150669693946838,-0.21077652275562286,-0.315773069858551
5.274519341088337,0.6881510175522032,332.00150602068055,174.48792363977097,-0.7193239331245422,-0.2110501080751419,-0.31717854738235474
5.387572154951137,0.6877097043727889,333.00600595184466,174.53555303429516,-0.703781008720398,-0.2277267873287201,-0.30952465534210205
5.26302014732377,0.6855118482845004,334.0059879702758,174.48792363977097,-0.6953715085983276,-0.22276608645915985,-0.3110635578632355
5.26302014732377,0.6855118482845004,334.0059879702758,174.48792363977097,-0.7008870244026184,-0.23260709643363953,-0.2907709777355194
5.138418940496948,0.6874342834172188,333.00600595184466,174.48792363977097,-0.7162489295005798,-0.23256564140319824,-0.30873170495033264
5.127237906251918,0.6889142075014244,333.0135132393279,174.53555303429516,-0.6966531872749329,-0.23190179467201233,-0.31081515550613403
5.013769737287408,0.6852437368573286,334.0059879702758,174.53555303429516,-0.6938465237617493,-0.23133321106433868,-0.3100033104419708
5.002857271999174,0.6867196132560123,334.0134727821619,174.53555303429516,-0.747949481010437,-0.2350364625453949,-0.3366679549217224
4.639546304479363,0.6869224943799583,333.00600595184466,174.53555303429516,-0.7353569269180298,-0.22847513854503632,-0.32932248711586
4.639546304479363,0.6869224943799583,333.00600595184466,174.53555303429516,-0.7713507413864136,-0.24097275733947754,-0.3468746840953827
4.599388550294053,0.6929213859278308,333.0,174.53555303429516,-0.7358266115188599,-0.24014703929424286,-0.3461275100708008
4.36127549432959,0.6911868040846254,333.0015014981164,174.53555303429516,-0.7354921102523804,-0.2260984182357788,-0.34498023986816406
4.599388550294053,0.6929213859278308,333.0,173.99044500972553,-0.7334669232368469,-0.2293362319469452,-0.3440530598163605
4.3707578052747085,0.6896927748788687,333.0,173.99044500972553,-0.7931106686592102,-0.24596111476421356,-0.3693007528781891
4.3707578052747085,0.6896927748788687,333.0,173.99044500972553,-0.7740558385848999,-0.24320371448993683,-0.36362582445144653
4.3707578052747085,0.6896927748788687,333.0,173.99044500972553,-0.7692491412162781,-0.24276724457740784,-0.36088451743125916
3.7566985789481873,0.6897312428959254,332.00150602068055,173.99044500972553,-0.7157697081565857,-0.2424929141998291,-0.35204145312309265
4.380281379954842,0.6923507702858934,331.00151057057127,173.99044500972553,-0.708827793598175,-0.23272471129894257,-0.30971071124076843
4.380281379954842,0.6923507702858934,331.00151057057127,173.99044500972553,-0.7050828337669373,-0.2284243106842041,-0.31015250086784363
4.342433597781865,0.6941811385678155,333.0015014981164,173.99044500972553,-0.7198406457901001,-0.23428824543952942,-0.3190311789512634
4.218862277225416,0.696159634742073,332.00150602068055,173.99044500972553,-0.826421856880188,-0.23854884505271912,-0.39766114950180054
4.237171581351484,0.6931557942815005,332.00150602068055,173.99044500972553,-0.7131704688072205,-0.2362874448299408,-0.3516967296600342
4.227997132363192,0.6946482525656581,332.0060240417333,173.99044500972553,-0.7168910503387451,-0.22772571444511414,-0.34667009115219116
4.113029161911007,0.6909649687128523,333.0015014981164,173.99044500972553,-0.6893290281295776,-0.22109779715538025,-0.33859485387802124
4.3707578052747085,0.6896803358792499,333.00600595184466,173.99044500972553,-0.7110776901245117,-0.21733522415161133,-0.33812466263771057
4.639546304479363,0.6869224943799583,333.00600595184466,173.99044500972553,-0.7032349109649658,-0.22402608394622803,-0.3316488265991211
4.89976378550325,0.6898030405712313,331.0135948869774,173.99044500972553,-0.7888554930686951,-0.2279798686504364,-0.3613567054271698
4.7747518909804,0.6875985166786922,332.01355394019686,173.99044500972553,-0.7812122106552124,-0.22857046127319336,-0.36071982979774475
4.942994560989888,0.6878888185057264,329.0379917273992,173.99044500972553,-0.7734565138816833,-0.21439413726329803,-0.35901516675949097
4.932115654281144,0.6852662800697182,331.02416830195347,173.99044500972553,-0.7707350850105286,-0.24719758331775665,-0.3580838739871979
4.932115654281144,0.6852662800697182,331.02416830195347,173.99044500972553,-0.8224440813064575,-0.23765328526496887,-0.41624289751052856
4.680410234283147,0.685013201697122,331.02416830195347,173.99044500972553,-0.7849866151809692,-0.2427767962217331,-0.37361159920692444
4.7747518909804,0.6875486206460004,332.03764846776033,173.99044500972553,-0.7370325326919556,-0.23370897769927979,-0.3422122597694397
4.36127549432959,0.6911618730933459,333.0135132393279,173.99044500972553,-0.7366255521774292,-0.23296549916267395,-0.3337457478046417
4.014995648043811,0.6883859226973549,332.02409551115414,173.99044500972553,-0.7957099676132202,-0.23325471580028534,-0.37059783935546875
4.1309601720212195,0.6879449292057134,333.0135132393279,174.48792363977097,-0.7666013836860657,-0.23849482834339142,-0.3458135724067688
4.283646823785166,0.6855376761245936,332.05421244128195,174.48792363977097,-0.7754912376403809,-0.23102399706840515,-0.36161625385284424
4.544481738156251,0.6843022363289167,332.03764846776033,173.99044500972553,-0.774431049823761,-0.23746232688426971,-0.3596229553222656
4.032617470738491,0.6853193509648907,332.05421244128195,173.99044500972553,-0.7812076210975647,-0.23524515330791473,-0.3749912977218628
4.1490480264567635,0.684900474865978,333.0375354220602,174.48792363977097,-0.7797354459762573,-0.2521451711654663,-0.3735896944999695
3.907046323477093,0.683158091542751,333.0540496676178,174.48792363977097,-0.782181441783905,-0.24740538001060486,-0.3721711337566376
3.8814879982473878,0.6877351759042709,333.0135132393279,174.48792363977097,-0.7236905097961426,-0.21122102439403534,-0.35104355216026306
3.8814879982473878,0.6877351759042709,333.0135132393279,173.99044500972553,-0.7342355251312256,-0.21152052283287048,-0.349776029586792
4.380281379954842,0.6881677220371974,333.0135132393279,173.99044500972553,-0.7295868992805481,-0.23969213664531708,-0.31753110885620117
4.3707578052747085,0.6896430229182042,333.02402315748935,173.99044500972553,-0.7868452668190002,-0.23399367928504944,-0.3601791262626648
4.3707578052747085,0.6896803358792499,333.00600595184466,174.04231507807728,-0.7320690155029297,-0.23412927985191345,-0.34101229906082153
4.629441380001133,0.6884035417385016,333.0135132393279,174.04231507807728,-0.6810407042503357,-0.2090493142604828,-0.3159588873386383
4.76433219461065,0.6891148947320898,332.0060240417333,174.04231507807728,-0.6928724050521851,-0.23765185475349426,-0.30847153067588806
4.76433219461065,0.6891148947320898,332.0060240417333,174.04231507807728,-0.755661129951477,-0.23740717768669128,-0.31751734018325806
4.639546304479363,0.6869224943799583,333.00600595184466,174.04231507807728,-0.7374765276908875,-0.23336663842201233,-0.3189716041088104
4.889073748705732,0.6871718751153674,333.00600595184466,174.04231507807728,-0.7426602840423584,-0.21064703166484833,-0.324540913105011
4.910500577179905,0.6841798971605569,333.00600595184466,173.99044500972553,-0.7093834280967712,-0.21102626621723175,-0.29696542024612427
4.690738739112227,0.6834797165522078,331.03776219639957,174.48792363977097,-0.777366042137146,-0.22858202457427979,-0.34886452555656433
4.690738739112227,0.6834797165522078,331.03776219639957,174.48792363977097,-0.7234417200088501,-0.23198202252388,-0.30288463830947876
4.806285717339265,0.687213959059957,330.0242415338607,174.53555303429516,-0.7356423139572144,-0.22872009873390198,-0.3126204013824463
4.785217177045804,0.6860760070432603,332.02409551115414,174.53555303429516,-0.7121790051460266,-0.2288532704114914,-0.31440672278404236
4.921284430343413,0.6867429628266334,331.03776219639957,174.53555303429516,-0.7212294936180115,-0.21223637461662292,-0.32751402258872986
4.743628387410574,0.6879722680127113,334.0059879702758,174.53555303429516,-0.7200244069099426,-0.21580521762371063,-0.3399426341056824
4.639546304479363,0.6869224943799583,333.00600595184466,174.53555303429516,-0.738771915435791,-0.22014382481575012,-0.340941846370697
4.86783272654615,0.6901639483658202,333.00600595184466,174.53555303429516,-0.7165819406509399,-0.2205231636762619,-0.328562468290329
4.9596773376141154,0.6927096235931625,334.0014970026332,174.53555303429516,-0.7704342007637024,-0.26458051800727844,-0.3543699383735657
4.35183418008007,0.6885516400007021,335.0,174.53555303429516,-0.845445990562439,-0.27040302753448486,-0.3969358205795288
4.218862277225416,0.6919910516674168,334.0014970026332,174.53555303429516,-0.7383384108543396,-0.2562304139137268,-0.36083984375
3.864633916475211,0.6907312019448053,333.0135132393279,174.58236852544076,-0.7084876894950867,-0.23804131150245667,-0.3294402062892914
3.864633916475211,0.6907312019448053,333.0135132393279,174.58236852544076,-0.7365198135375977,-0.2577707767486572,-0.3295918107032776
3.864633916475211,0.6907312019448053,333.0135132393279,174.58236852544076,-0.7988731861114502,-0.260924756526947,-0.34567970037460327
4.113029161911007,0.6909400457231372,333.0135132393279,174.53555303429516,-0.7232814431190491,-0.24847106635570526,-0.3218401074409485
4.13998436560899,0.6864628716591873,333.00600595184466,174.53555303429516,-0.6963850259780884,-0.22504718601703644,-0.31777432560920715
4.264935077200029,0.6845173472078583,334.0059879702758,174.53555303429516,-0.7223471403121948,-0.22831137478351593,-0.3262696862220764
4.264935077200029,0.6845173472078583,334.0059879702758,174.53555303429516,-0.7729855179786682,-0.23540501296520233,-0.3417285680770874
3.988849509611294,0.6887658019747172,334.0134727821619,174.53555303429516,-0.7625084519386292,-0.2339702546596527,-0.34053701162338257
3.9975270079090364,0.6872878901874668,334.0059879702758,174.53555303429516,-0.7203579545021057,-0.23030567169189453,-0.30835336446762085
4.246385881649352,0.6875030537710929,334.0059879702758,174.53555303429516,-0.6810208559036255,-0.22960641980171204,-0.30656349658966064
4.264935077200029,0.6844805349744071,334.0239512370333,174.53555303429516,-0.6880501508712769,-0.21175749599933624,-0.30495500564575195
4.504882161389771,0.6862234402925486,334.0134727821619,174.53555303429516,-0.6945521831512451,-0.2318457067012787,-0.3059666156768799
4.795728351921824,0.6887458182153425,330.01363608190496,174.53555303429516,-0.7748969793319702,-0.21630267798900604,-0.38229793310165405
5.024729808630382,0.6878058232199366,332.03764846776033,174.53555303429516,-0.7717233300209045,-0.22039708495140076,-0.3806784451007843
4.659888841069003,0.6880241025620542,331.02416830195347,174.53555303429516,-0.6863715648651123,-0.21718335151672363,-0.321859210729599
4.76433219461065,0.6890773874581345,332.02409551115414,174.53555303429516,-0.6939125061035156,-0.22337976098060608,-0.3243264853954315
4.7747518909804,0.6875486206460004,332.03764846776033,174.53555303429516,-0.725072979927063,-0.22215238213539124,-0.3257097005844116
4.7747518909804,0.6875985166786922,332.01355394019686,174.53555303429516,-0.7242454290390015,-0.23157575726509094,-0.3253677189350128
5.172255871933481,0.6870588244874061,331.0135948869774,174.48792363977097,-0.7520126104354858,-0.227289080619812,-0.34523120522499084
5.149648733243496,0.6900172259141085,331.03776219639957,174.48792363977097,-0.7648026943206787,-0.2697465121746063,-0.3461815416812897
5.002857271999174,0.6908561416394544,332.01355394019686,174.48792363977097,-0.7642585635185242,-0.2644121050834656,-0.34517353773117065
5.149648733243496,0.6900172259141085,331.03776219639957,174.48792363977097,-0.7448564767837524,-0.2556237578392029,-0.3290504515171051
5.013769737287408,0.6893340405702468,332.02409551115414,174.48792363977097,-0.7560396790504456,-0.27815988659858704,-0.3372463285923004
4.76433219461065,0.6890773874581345,332.02409551115414,174.48792363977097,-0.7734271287918091,-0.24988694489002228,-0.36304205656051636
5.013769737287408,0.6893340405702468,332.02409551115414,174.48792363977097,-0.7556171417236328,-0.24916215240955353,-0.33574870228767395
4.7747518909804,0.6875486206460004,332.03764846776033,173.99044500972553,-0.7598888278007507,-0.2247571498155594,-0.34516221284866333
5.024729808630382,0.6878058232199366,332.03764846776033,174.48792363977097,-0.7302239537239075,-0.21351182460784912,-0.3229740262031555
5.046794017622856,0.6848057383644124,332.03764846776033,174.48792363977097,-0.7317370176315308,-0.2090897113084793,-0.3240269422531128
5.024729808630382,0.683688151049316,334.0374230531663,174.48792363977097,-0.7099990248680115,-0.22008757293224335,-0.32145941257476807
4.274270498632822,0.6829602439899934,334.0374230531663,173.99044500972553,-0.7115544080734253,-0.21735790371894836,-0.3231169879436493
4.51471731831657,0.6846482865542816,334.0538878684096,174.48792363977097,-0.7042661905288696,-0.21328337490558624,-0.31646984815597534
4.264935077200029,0.6844191944477956,334.0538878684096,174.53555303429516,-0.6788278818130493,-0.2084801197052002,-0.3020839989185333
4.2556402929490735,0.6858718752450683,334.07334524023315,174.53555303429516,-0.6852172613143921,-0.20852431654930115,-0.3191342353820801
4.006242305034286,0.6856562867623922,334.07334524023315,174.58236852544076,-0.6789304614067078,-0.18376615643501282,-0.30988988280296326
3.907046323477093,0.6830718855209841,333.09608223454086,174.58236852544076,-0.6677518486976624,-0.15620990097522736,-0.3085295557975769
4.158151413539735,0.6832829656851335,333.09608223454086,174.58236852544076,-0.671655535697937,-0.1738848090171814,-0.32599884271621704
3.655797836000287,0.6828739386104187,333.09608223454086,174.62839073555253,-0.6685889959335327,-0.17774167656898499,-0.31019049882888794
4.006242305034286,0.685730021834043,334.0374230531663,174.62839073555253,-0.7248731255531311,-0.2434980422258377,-0.3289123475551605
4.014995648043811,0.6883234868965259,332.05421244128195,174.58236852544076,-0.7482556104660034,-0.23894719779491425,-0.3293267488479614
4.2556402929490735,0.6900769018888973,332.03764846776033,174.58236852544076,-0.7570129632949829,-0.26454266905784607,-0.34023407101631165
4.264935077200029,0.6886033150120765,332.02409551115414,174.58236852544076,-0.7856459617614746,-0.2595020532608032,-0.3565111756324768
4.13998436560899,0.6864257327688101,333.02402315748935,174.0933003046035,-0.7297939658164978,-0.2513536810874939,-0.33554115891456604
4.504882161389771,0.6862234402925486,334.0134727821619,174.0933003046035,-0.6918145418167114,-0.25000905990600586,-0.3100730776786804
4.49508969535486,0.6876941989441735,334.0239512370333,174.0933003046035,-0.7008076906204224,-0.2428339421749115,-0.32033246755599976
4.49508969535486,0.6877311840125591,334.0059879702758,174.58236852544076,-0.6916953325271606,-0.23631195724010468,-0.3153325915336609
4.49508969535486,0.6876941989441735,334.0239512370333,174.58236852544076,-0.747285008430481,-0.2011212408542633,-0.36731618642807007
4.504882161389771,0.6862234402925486,334.0134727821619,174.58236852544076,-0.7281756401062012,-0.22527432441711426,-0.351940780878067
4.2556402929490735,0.6859456335009771,334.0374230531663,174.0933003046035,-0.7327260971069336,-0.21875795722007751,-0.3460720181465149
4.49508969535486,0.6876941989441735,334.0239512370333,174.0933003046035,-0.7342588305473328,-0.23287157714366913,-0.3411160111427307
4.619380301804862,0.6898783234707215,333.02402315748935,174.0933003046035,-0.7404788732528687,-0.1958591789007187,-0.34548109769821167
4.639546304479363,0.6868853306231558,333.02402315748935,174.58236852544076,-0.7402348518371582,-0.24045929312705994,-0.3275788128376007
4.6496953618121,0.6854104972236068,333.0135132393279,174.0933003046035,-0.7400650978088379,-0.23895040154457092,-0.3278922438621521
4.6496953618121,0.6853610581832277,333.0375354220602,174.0933003046035,-0.7186650037765503,-0.20445863902568817,-0.30782657861709595
4.544481738156251,0.6843518967685273,332.01355394019686,174.58236852544076,-0.7173938155174255,-0.2053142488002777,-0.318128764629364
4.534516823884405,0.6858313612635859,332.02409551115414,174.58236852544076,-0.7362958192825317,-0.2065201699733734,-0.3305888772010803
4.032617470738491,0.6853815142693771,332.02409551115414,174.58236852544076,-0.705548882484436,-0.20708107948303223,-0.300754576921463
4.158151413539735,0.6834308130964332,333.02402315748935,174.58236852544076,-0.72330641746521,-0.21486997604370117,-0.3103000223636627
3.889970237977542,0.6862155283699676,333.02402315748935,174.0933003046035,-0.7297199964523315,-0.23603776097297668,-0.320179283618927
3.8730426376053058,0.6892114299295721,333.02402315748935,174.0933003046035,-0.7189302444458008,-0.2319171130657196,-0.31679612398147583
3.8814879982473878,0.6876855691835255,333.0375354220602,174.58236852544076,-0.721841037273407,-0.23133540153503418,-0.30527082085609436
3.988849509611294,0.6887164179044662,334.0374230531663,174.0933003046035,-0.710457444190979,-0.21971085667610168,-0.32000041007995605
3.988849509611294,0.6887164179044662,334.0374230531663,174.0933003046035,-0.69700026512146,-0.21097151935100555,-0.3118945360183716
3.8396252252803396,0.6910535365820302,335.0238797459071,174.58236852544076,-0.7281391620635986,-0.2338225096464157,-0.3413553833961487
3.8479254447641393,0.6936772483287276,333.0375354220602,174.0933003046035,-0.718691885471344,-0.23292942345142365,-0.32735198736190796
3.831360707460179,0.6967234310965127,333.0135132393279,174.0933003046035,-0.724319338798523,-0.23651185631752014,-0.33132389187812805
3.724209806456517,0.6915516046753871,334.0134727821619,174.0933003046035,-0.7296484112739563,-0.22594380378723145,-0.33293548226356506
4.227997132363192,0.6904516984244594,334.0239512370333,174.58236852544076,-0.7294490933418274,-0.2526659369468689,-0.33076202869415283
4.227997132363192,0.690488831794673,334.0059879702758,174.58236852544076,-0.7639126777648926,-0.2503737211227417,-0.34742528200149536
3.8479254447641393,0.6895859649447883,335.01343256651666,174.58236852544076,-0.7626855969429016,-0.24759188294410706,-0.353331983089447
3.9975270079090364,0.6872509289587048,334.0239512370333,174.58236852544076,-0.7121788263320923,-0.23953263461589813,-0.29153725504875183
3.988849509611294,0.6846663333321872,336.0133925902359,174.58236852544076,-0.7026258707046509,-0.2270604372024536,-0.2970743775367737
4.1672947880998645,0.6778355418212746,335.0373113550191,175.07221975905483,-0.6984637975692749,-0.21515455842018127,-0.284712016582489
4.504882161389771,0.6821632716637757,336.0014880919428,175.07221975905483,-0.7188330292701721,-0.24003109335899353,-0.31197601556777954
4.51471731831657,0.6806707451612777,336.00595232822883,174.58236852544076,-0.7545962333679199,-0.22592826187610626,-0.36277133226394653
4.380281379954842,0.6840595884826772,335.01343256651666,174.58236852544076,-0.7595611810684204,-0.22887949645519257,-0.3648500442504883
4.399453400300422,0.6810348452781054,335.0373113550191,174.58236852544076,-0.7408284544944763,-0.22563417255878448,-0.338228315114975
4.389846487728787,0.6824893905269962,335.0537270349339,174.58236852544076,-0.7450610995292664,-0.2425762116909027,-0.33808019757270813
4.40910239174399,0.6795135857888501,335.0537270349339,174.58236852544076,-0.7334657907485962,-0.2415737360715866,-0.31352463364601135
4.86783272654615,0.6860070394854342,335.0238797459071,174.58236852544076,-0.7424647212028503,-0.24179641902446747,-0.335845410823822
4.659888841069003,0.6797495086715756,335.0537270349339,174.58236852544076,-0.7708353400230408,-0.2409113645553589,-0.348899245262146
4.659888841069003,0.6797495086715756,335.0537270349339,174.58236852544076,-0.7858099341392517,-0.27011945843696594,-0.36059334874153137
4.659888841069003,0.6797495086715756,335.0537270349339,174.58236852544076,-0.7850869297981262,-0.25791922211647034,-0.35436952114105225
4.970402438989769,0.6871069253726101,336.0,174.58236852544076,-0.7345339059829712,-0.2548951804637909,-0.3456864356994629
4.7333436911792806,0.6853694307966955,336.0014880919428,174.58236852544076,-0.7348335981369019,-0.23145954310894012,-0.3433109521865845
4.7333436911792806,0.6853694307966955,336.0014880919428,174.53555303429516,-0.7103687524795532,-0.23147866129875183,-0.3284929096698761
4.970402438989769,0.6870947533086701,336.00595232822883,174.53555303429516,-0.7124670147895813,-0.20883353054523468,-0.3285243511199951
4.639546304479363,0.6827851090184277,335.0238797459071,174.58236852544076,-0.6960766315460205,-0.20837271213531494,-0.2850665748119354
4.49508969535486,0.683637691494781,336.00595232822883,174.58236852544076,-0.7187334299087524,-0.21802620589733124,-0.3175170421600342
4.389846487728787,0.6825501935302073,335.0238797459071,174.0933003046035,-0.7831882238388062,-0.2246846705675125,-0.33746492862701416
4.753957791409607,0.6823792682369859,336.0133925902359,174.0933003046035,-0.7407402396202087,-0.22582972049713135,-0.33636635541915894
4.485339643468294,0.6851060240903604,336.0133925902359,174.0933003046035,-0.7679711580276489,-0.2208956480026245,-0.358300119638443
4.246385881649352,0.6834109191231603,336.00595232822883,174.0933003046035,-0.7261810898780823,-0.226311594247818,-0.3379102647304535
4.237171581351484,0.6848797479252096,336.0133925902359,174.0933003046035,-0.8248491287231445,-0.2410302609205246,-0.39143407344818115
4.121975188960237,0.6853420016764353,335.00597009605667,174.0933003046035,-0.7490754127502441,-0.2215360850095749,-0.3699556589126587
4.619380301804862,0.6857968970211771,335.00597009605667,174.04231507807728,-0.7635794878005981,-0.2357332408428192,-0.3681139051914215
4.619380301804862,0.6857968970211771,335.00597009605667,174.04231507807728,-0.7627015709877014,-0.2438570261001587,-0.36533015966415405
4.619380301804862,0.6857602358068576,335.0238797459071,174.04231507807728,-0.7646425366401672,-0.23247170448303223,-0.36309903860092163
4.629441380001133,0.684294000418408,335.01343256651666,174.53555303429516,-0.7640246748924255,-0.24709348380565643,-0.3608211874961853
4.7747518909804,0.6834324882644384,334.0374230531663,174.53555303429516,-0.9070755839347839,-0.23455767333507538,-0.4670483469963074
4.889073748705732,0.6830329877150877,335.0238797459071,174.53555303429516,-0.8938829302787781,-0.2603471875190735,-0.4378776550292969
4.889073748705732,0.6830329877150877,335.0238797459071,174.53555303429516,-0.857923150062561,-0.25874581933021545,-0.41668009757995605
5.013769737287408,0.6852068855598195,334.0239512370333,174.53555303429516,-0.717833936214447,-0.2511753439903259,-0.34461015462875366
4.981173927553036,0.6855485359485574,336.0372003216311,174.04231507807728,-0.6892999410629272,-0.2469954788684845,-0.32938575744628906
4.723103413786862,0.6868068322288567,336.0238086802779,174.04231507807728,-0.6937223672866821,-0.2467883825302124,-0.32686275243759155
4.712907268783111,0.6882623521053766,336.0372003216311,174.04231507807728,-0.6965436935424805,-0.24253098666667938,-0.3287164270877838
5.127237906251918,0.6847528104760779,335.0373113550191,174.53555303429516,-0.6986003518104553,-0.23342259228229523,-0.3130417466163635
5.138418940496948,0.6832329462655694,335.0537270349339,174.53555303429516,-0.7236121296882629,-0.22858723998069763,-0.3163035213947296
5.093984208259999,0.6891783626618347,335.0537270349339,174.53555303429516,-0.7081234455108643,-0.23358073830604553,-0.3185230791568756
5.116105314526198,0.6862056028618531,335.0537270349339,174.58236852544076,-0.7035430669784546,-0.2288520783185959,-0.3110433518886566
5.2288207249689895,0.6858132988183662,336.0372003216311,174.53555303429516,-0.704696536064148,-0.2396760880947113,-0.3128819763660431
4.815527422346939,0.693414775283772,335.0373113550191,174.53555303429516,-0.7295506596565247,-0.21592187881469727,-0.33983486890792847
4.805200698954337,0.694929750965048,335.0238797459071,174.53555303429516,-0.7277421951293945,-0.21658992767333984,-0.33688637614250183
5.1050208520546,0.68772566449439,335.0373113550191,174.53555303429516,-0.7278042435646057,-0.21226534247398376,-0.33744993805885315
5.1050208520546,0.68772566449439,335.0373113550191,174.48792363977097,-0.7123527526855469,-0.21495237946510315,-0.3324171006679535
6.382075036070825,0.6847306447431349,335.0537270349339,174.48792363977097,-0.7094751596450806,-0.2432609349489212,-0.3067103326320648
6.24437608551012,0.6840419619469482,336.0372003216311,174.48792363977097,-0.7077844738960266,-0.2444242238998413,-0.3127894997596741
6.257959091388513,0.6825900793607919,336.0238086802779,174.48792363977097,-0.7127203941345215,-0.23490305244922638,-0.3129708170890808
6.382075036070825,0.6847916474197611,335.0238797459071,174.48792363977097,-0.7435517311096191,-0.2362605333328247,-0.3283577561378479
6.2853024857398685,0.6836397070444926,334.0538878684096,174.48792363977097,-0.7421841621398926,-0.24069523811340332,-0.3257869780063629
6.1605936698848405,0.6814378990712047,335.0537270349339,174.48792363977097,-0.7401689887046814,-0.24050405621528625,-0.32548606395721436
6.0095526162856165,0.6862954922366536,334.0538878684096,174.48792363977097,-0.7425475716590881,-0.23821432888507843,-0.3344910442829132
5.872478867363505,0.6856109377742976,335.0373113550191,174.48792363977097,-0.7400304675102234,-0.23681402206420898,-0.3361782729625702
5.7609210662275725,0.6859885753578971,334.0538878684096,173.99044500972553,-0.7172664403915405,-0.23965661227703094,-0.3040296733379364
5.78612279921295,0.6830102285695907,334.0538878684096,174.48792363977097,-0.7005588412284851,-0.24110248684883118,-0.2881069779396057
6.0358266682903405,0.6833184831932164,334.0538878684096,173.99044500972553,-0.7299785017967224,-0.24545009434223175,-0.30207881331443787
6.0358266682903405,0.6833184831932164,334.0538878684096,173.99044500972553,-0.7294436693191528,-0.25043758749961853,-0.3025062680244446
6.0095526162856165,0.6862954922366536,334.0538878684096,173.99044500972553,-0.7298825979232788,-0.24867267906665802,-0.3068317770957947
5.7484020947730965,0.6874377575663015,334.07334524023315,173.99044500972553,-0.7249685525894165,-0.24858629703521729,-0.31871411204338074
5.387572154951137,0.6835066839529045,335.0537270349339,173.99044500972553,-0.6819782853126526,-0.24045893549919128,-0.30572670698165894
5.7609210662275725,0.6819066155830108,336.05356715857073,173.99044500972553,-0.7136359810829163,-0.2516133785247803,-0.3142251670360565
5.274519341088337,0.6838832772993952,334.07334524023315,173.99044500972553,-0.7833229303359985,-0.2453807294368744,-0.35801461338996887
5.138418940496948,0.6832329462655694,335.0537270349339,173.99044500972553,-0.7765771150588989,-0.24800650775432587,-0.3597530424594879
5.16092760322058,0.6843447202129405,333.0540496676178,173.99044500972553,-0.7784818410873413,-0.23682674765586853,-0.35689952969551086
5.149648733243496,0.6857997212741981,333.073565447635,173.99044500972553,-0.8025660514831543,-0.2828823924064636,-0.3767969310283661
5.03573779738508,0.6821634521813328,334.0538878684096,174.04231507807728,-0.7574333548545837,-0.2647474408149719,-0.35382646322250366
5.274519341088337,0.6838832772993952,334.07334524023315,174.04231507807728,-0.7353309392929077,-0.2562863230705261,-0.3484627902507782
5.024729808630382,0.683614635535631,334.07334524023315,174.04231507807728,-0.6930533647537231,-0.23676809668540955,-0.31372469663619995
5.138418940496948,0.6832329462655694,335.0537270349339,174.04231507807728,-0.6982308626174927,-0.23419813811779022,-0.3167724609375
5.26302014732377,0.6813350148065276,336.05356715857073,173.99044500972553,-0.7093791961669922,-0.2344329059123993,-0.318332314491272
5.512073768198196,0.6816143796183955,336.05356715857073,173.99044500972553,-0.7054432034492493,-0.23472365736961365,-0.3106638789176941
5.500088961556643,0.6831286446516893,336.0372003216311,174.04231507807728,-0.7144773602485657,-0.23505178093910217,-0.315744549036026
5.375854942874737,0.6809614289856165,337.0370899470858,174.04231507807728,-0.7076520919799805,-0.2369890958070755,-0.3153019845485687
5.387572154951137,0.6795113698816033,337.0237380363585,174.04231507807728,-0.7175535559654236,-0.2302202731370926,-0.3160097002983093
5.375854942874737,0.6809614289856165,337.0370899470858,174.04231507807728,-0.6938498616218567,-0.22622151672840118,-0.31546950340270996
5.002857271999174,0.6825839598587873,336.0372003216311,174.04231507807728,-0.6841963529586792,-0.21332189440727234,-0.30595678091049194
5.002857271999174,0.6825839598587873,336.0372003216311,174.04231507807728,-0.6832888722419739,-0.2138940542936325,-0.30619892477989197
5.002857271999174,0.6825839598587873,336.0372003216311,174.04231507807728,-0.678091824054718,-0.20319655537605286,-0.300784170627594
5.251570861761186,0.6828498721911147,336.0372003216311,174.04231507807728,-0.6804128885269165,-0.21018140017986298,-0.3062538504600525
5.500088961556643,0.6831286446516893,336.0372003216311,174.04231507807728,-0.71768718957901,-0.2411894053220749,-0.30588656663894653
5.885264394889119,0.6840928958682175,335.0537270349339,173.99044500972553,-0.8032428622245789,-0.2346203625202179,-0.3970608115196228
5.648829201391796,0.6822687680241547,335.0731263470707,173.99044500972553,-0.7694486975669861,-0.23258161544799805,-0.3559175133705139
5.575790036247858,0.6871515297723968,337.0370899470858,173.9376669529493,-0.7326675653457642,-0.23586824536323547,-0.3310721218585968
5.341006346241877,0.6854196866735844,337.0237380363585,173.9376669529493,-0.8001073598861694,-0.23712103068828583,-0.3659502863883972
5.587832157325048,0.6857022108546524,337.0237380363585,173.88395694987398,-0.7589060664176941,-0.24072912335395813,-0.3158600628376007
5.711168544583836,0.6878891692398638,336.0238086802779,173.88395694987398,-0.7862859964370728,-0.24060459434986115,-0.3467850387096405
5.352572364791056,0.6879976412842613,335.0373113550191,173.43679909967767,-0.7356030344963074,-0.23981702327728271,-0.33167386054992676
5.341006346241877,0.6894497397974798,335.0537270349339,173.4938665555784,-0.722052276134491,-0.23893597722053528,-0.32866722345352173
4.8572811411111045,0.6874665389439871,335.0373113550191,173.4938665555784,-0.684955358505249,-0.2240341156721115,-0.32537394762039185
5.274519341088337,0.6839568217026568,334.0374230531663,173.43679909967767,-0.7683155536651611,-0.28352469205856323,-0.34059858322143555
5.524110773957919,0.6842384849015908,334.0374230531663,173.43679909967767,-0.7714706063270569,-0.2501593232154846,-0.3489867150783539
5.138418940496948,0.687335119641072,333.0540496676178,173.43679909967767,-0.7214377522468567,-0.2465709000825882,-0.332677960395813
5.375854942874737,0.6850259675832328,335.0373113550191,173.9376669529493,-0.7153303027153015,-0.24607446789741516,-0.3302258849143982
5.387572154951137,0.6835066839529045,335.0537270349339,173.43679909967767,-0.7207664251327515,-0.2226891964673996,-0.3367495834827423
5.375854942874737,0.6850259675832328,335.0373113550191,173.9376669529493,-0.6976187229156494,-0.2229648381471634,-0.3293299376964569
5.387572154951137,0.6835675775868217,335.0238797459071,173.9376669529493,-0.6985503435134888,-0.22337019443511963,-0.3209543526172638
5.387572154951137,0.6835675775868217,335.0238797459071,173.9376669529493,-0.6991356611251831,-0.2495305985212326,-0.30513906478881836
5.798806274080931,0.6814814113565194,334.07334524023315,173.43679909967767,-0.7010539770126343,-0.1997470259666443,-0.30632469058036804
5.524110773957919,0.6800942721037143,336.0729087564185,173.43679909967767,-0.707079291343689,-0.2114936113357544,-0.3209441304206848
5.26302014732377,0.6812505664942602,336.0952246016001,173.43679909967767,-0.7238160967826843,-0.19787593185901642,-0.33486801385879517
5.26302014732377,0.6813350148065276,336.05356715857073,173.9376669529493,-0.7342098951339722,-0.2286265790462494,-0.3344857394695282
5.26302014732377,0.6813350148065276,336.05356715857073,173.99044500972553,-0.7406252026557922,-0.22829529643058777,-0.34356892108917236
5.26302014732377,0.6813350148065276,336.05356715857073,173.99044500972553,-0.7284914255142212,-0.22794511914253235,-0.3423885703086853
5.251570861761186,0.6828498721911147,336.0372003216311,173.99044500972553,-0.7101244926452637,-0.22297005355358124,-0.33996060490608215
5.002857271999174,0.6825839598587873,336.0372003216311,173.99044500972553,-0.7129797339439392,-0.22709183394908905,-0.3353097140789032
4.981173927553036,0.6855485359485574,336.0372003216311,173.99044500972553,-0.7358577847480774,-0.25079184770584106,-0.3351588845252991
4.991992104093114,0.6840329195352901,336.05356715857073,173.99044500972553,-0.7591210007667542,-0.2511747479438782,-0.33837026357650757
4.991992104093114,0.6840329195352901,336.05356715857073,173.99044500972553,-0.7388214468955994,-0.2566078305244446,-0.3290936350822449
5.116105314526198,0.6862056028618531,335.0537270349339,173.99044500972553,-0.7489122748374939,-0.22937381267547607,-0.3425765633583069
5.116105314526198,0.6862667369425486,335.0238797459071,173.99044500972553,-0.7404120564460754,-0.23788830637931824,-0.3362932801246643
5.116105314526198,0.6862056028618531,335.0537270349339,173.99044500972553,-0.8004615902900696,-0.226816326379776,-0.38210195302963257
4.991992104093114,0.6881276075738478,334.0538878684096,173.99044500972553,-0.7498835921287537,-0.2268931120634079,-0.36478906869888306
4.753957791409607,0.6863420150587214,334.07334524023315,173.4938665555784,-0.7251352667808533,-0.21393254399299622,-0.3561071753501892
4.991992104093114,0.6881276075738478,334.0538878684096,173.4938665555784,-0.746979296207428,-0.2389284074306488,-0.3548581004142761
5.21751923551763,0.6872615790546605,336.05356715857073,173.4938665555784,-0.7539768815040588,-0.238900825381279,-0.3537721037864685
4.970402438989769,0.6869974000792821,336.05356715857073,173.4938665555784,-0.7500481605529785,-0.25613564252853394,-0.32422226667404175
5.21751923551763,0.6872615790546605,336.05356715857073,173.4938665555784,-0.7630631327629089,-0.25495094060897827,-0.35094547271728516
4.7333436911792806,0.6852965934131033,336.0372003216311,173.4938665555784,-0.7347237467765808,-0.2572614252567291,-0.33249330520629883
4.7333436911792806,0.6852237792468747,336.0729087564185,173.4938665555784,-0.7325517535209656,-0.2376558482646942,-0.3355454206466675
4.077629599834459,0.6927206597922102,335.0373113550191,174.14342305855607,-0.7766109704971313,-0.2634066343307495,-0.36605456471443176
4.095252968734809,0.6897435027674633,335.0373113550191,173.6592882334224,-0.7618014216423035,-0.25207117199897766,-0.34874922037124634
4.46596568705077,0.6880242747355158,336.0372003216311,173.6592882334224,-0.7135120630264282,-0.24950547516345978,-0.3368411660194397
4.227997132363192,0.6863424510184234,336.0238086802779,174.0933003046035,-0.7107301950454712,-0.23992595076560974,-0.3374897241592407
4.8572811411111045,0.6874665389439871,335.0373113550191,174.04231507807728,-0.7526718378067017,-0.24346217513084412,-0.33649200201034546
4.609362785788607,0.6872202791702456,335.0373113550191,174.0933003046035,-0.7380104660987854,-0.2425844669342041,-0.334960401058197
4.7747518909804,0.6875486206460004,332.03764846776033,174.0933003046035,-0.7519228458404541,-0.2400449961423874,-0.3369273245334625
4.889073748705732,0.6871346978666133,333.02402315748935,174.0933003046035,-0.7557180523872375,-0.24400417506694794,-0.3452425003051758
4.878430162831317,0.6886027020481782,333.0375354220602,174.0933003046035,-0.7765716314315796,-0.24350158870220184,-0.3554918169975281
4.475631731368583,0.6906788303059631,334.0239512370333,174.0933003046035,-0.7372353076934814,-0.24283385276794434,-0.34806230664253235
4.723103413786862,0.6909188599631116,334.0239512370333,173.6050866213935,-0.7420734167098999,-0.2457931786775589,-0.3378693759441376
4.7333436911792806,0.6893992491366301,334.0374230531663,174.04231507807728,-0.7424811720848083,-0.24585318565368652,-0.3400771915912628
4.753957791409607,0.6864158238731877,334.0374230531663,174.0933003046035,-0.6990737318992615,-0.23540382087230682,-0.31087666749954224
4.743628387410574,0.6879352699792189,334.0239512370333,174.0933003046035,-0.7035479545593262,-0.24038872122764587,-0.31378716230392456
4.86783272654615,0.6901266092404591,333.02402315748935,174.0933003046035,-0.7150883674621582,-0.23082339763641357,-0.3160531222820282
4.8572811411111045,0.6875155395703536,335.01343256651666,174.0933003046035,-0.7096160650253296,-0.22936034202575684,-0.31755632162094116
4.981173927553036,0.6897021511789019,334.0134727821619,174.04231507807728,-0.7108516693115234,-0.2504267990589142,-0.3106287121772766
5.251570861761186,0.6910751245882907,332.03764846776033,173.99044500972553,-0.8531904220581055,-0.24954049289226532,-0.43236127495765686
4.49508969535486,0.6918363356019152,332.02409551115414,174.04231507807728,-0.8233875036239624,-0.25327858328819275,-0.4078969359397888
4.619380301804862,0.6898783234707215,333.02402315748935,174.04231507807728,-0.7811671495437622,-0.24717457592487335,-0.3757203221321106
4.8572811411111045,0.6916444279083243,333.0135132393279,174.04231507807728,-0.7463936805725098,-0.2489480972290039,-0.3512841463088989
4.609362785788607,0.6872692622439277,335.01343256651666,174.04231507807728,-0.8079277873039246,-0.25009799003601074,-0.38025403022766113
4.51471731831657,0.6847096476130909,334.0239512370333,174.0933003046035,-0.8006486892700195,-0.22745433449745178,-0.36923331022262573
4.504882161389771,0.6861742385080145,334.0374230531663,174.58236852544076,-0.7918893694877625,-0.24002404510974884,-0.3607468008995056
4.504882161389771,0.6861742385080145,334.0374230531663,174.58236852544076,-0.7618928551673889,-0.23732706904411316,-0.32605427503585815
4.7747518909804,0.6834324882644384,334.0374230531663,174.58236852544076,-0.7770848274230957,-0.24115844070911407,-0.33642035722732544
4.639546304479363,0.6827242850884521,335.0537270349339,174.58236852544076,-0.7026711106300354,-0.23428568243980408,-0.32573267817497253
4.534516823884405,0.6858313612635859,332.02409551115414,174.53555303429516,-0.6958433389663696,-0.21453750133514404,-0.3056383728981018
4.49508969535486,0.6877311840125591,334.0059879702758,175.02959470737397,-0.7453154921531677,-0.26188063621520996,-0.3262426555156708
4.51471731831657,0.6847464721685113,334.0059879702758,174.53555303429516,-0.7833472490310669,-0.25839680433273315,-0.34643134474754333
4.51471731831657,0.6847464721685113,334.0059879702758,175.02959470737397,-0.7769060730934143,-0.25624433159828186,-0.3462539613246918
4.389846487728787,0.6866861554044806,333.00600595184466,174.53555303429516,-0.7764711380004883,-0.24716505408287048,-0.349102258682251
4.485339643468294,0.6892328372787748,334.0014970026332,174.58236852544076,-0.7549485564231873,-0.24669158458709717,-0.3476558327674866
4.1309601720212195,0.6879697441581847,333.0015014981164,174.58236852544076,-0.7514179348945618,-0.24252811074256897,-0.3433762192726135
4.1309601720212195,0.6879697441581847,333.0015014981164,174.58236852544076,-0.757198691368103,-0.2436755895614624,-0.34295380115509033
4.121975188960237,0.6894580218119928,333.00600595184466,175.07221975905483,-0.7846353650093079,-0.2652920186519623,-0.3513391613960266
4.1309601720212195,0.6879449292057134,333.0135132393279,175.07221975905483,-0.798884391784668,-0.26388752460479736,-0.3617706894874573
4.1309601720212195,0.6879449292057134,333.0135132393279,175.07221975905483,-0.7940471172332764,-0.2665301561355591,-0.3609379529953003
4.1309601720212195,0.6879449292057134,333.0135132393279,175.02959470737397,-0.7910667657852173,-0.24903705716133118,-0.35661643743515015
3.8814879982473878,0.6877351759042709,333.0135132393279,175.07221975905483,-0.7948325872421265,-0.2731783092021942,-0.35898956656455994
3.7649094698938708,0.688219101635983,332.0060240417333,175.07221975905483,-0.7934887409210205,-0.24620798230171204,-0.357936829328537
3.476681398394822,0.687248710037143,336.0133925902359,175.07221975905483,-0.707632303237915,-0.22043976187705994,-0.33431631326675415
3.608263826645832,0.6879179234164199,335.00597009605667,175.07221975905483,-0.7271974682807922,-0.22179803252220154,-0.33437472581863403
3.6161001843047726,0.6864375509568583,335.0014925339886,175.07221975905483,-0.6994734406471252,-0.212311789393425,-0.3209955096244812
3.6239706341002003,0.6849388420749244,335.00597009605667,175.07221975905483,-0.7272247076034546,-0.21313591301441193,-0.3218398988246918
3.6398147024661824,0.68606789372418,333.0,175.07221975905483,-0.6970987319946289,-0.20416390895843506,-0.2978759706020355
3.4044170573693022,0.6828738000122311,333.00600595184466,175.60054351718176,-0.7474730014801025,-0.24050982296466827,-0.3130974769592285
3.553532975098882,0.6846458600133312,330.00151514803684,175.56278075141654,-1.1252013444900513,-0.2942558825016022,-0.4993153512477875
3.3004287743503085,0.6844647704793063,330.00151514803684,175.56278075141654,-0.8377962112426758,-0.275219202041626,-0.407587468624115
3.146004649430061,0.6883447351046661,331.00151057057127,175.07221975905483,-0.8673121333122253,-0.27066725492477417,-0.4251629412174225
2.3821128970676178,0.6909255406070159,331.00151057057127,175.60054351718176,-0.7660261988639832,-0.24960820376873016,-0.3729744553565979
2.392559494306797,0.6879070254824323,331.00151057057127,175.60054351718176,-0.7294901609420776,-0.2396131306886673,-0.3406108021736145
2.1319169784944245,0.6908066387386557,331.00151057057127,175.1141214098354,-0.7421058416366577,-0.2304648607969284,-0.35056620836257935
1.0061691122707694,0.6883553340162794,332.00150602068055,175.1141214098354,-0.7460882067680359,-0.24036535620689392,-0.3650805354118347
0.7533111404535972,0.691320979429446,332.00150602068055,175.1141214098354,-0.7689326405525208,-0.22896459698677063,-0.3750574290752411
0.7516927000733087,0.692817440154526,332.0060240417333,175.1141214098354,-0.7318378686904907,-0.22269508242607117,-0.3685915470123291
0.5047858922545182,0.6927847031055803,332.0060240417333,175.1141214098354,-0.7164522409439087,-0.18708789348602295,-0.35347938537597656
0.5047858922545182,0.6886364409120528,334.0059879702758,174.62839073555253,-0.7243398427963257,-0.1922875940799713,-0.35502880811691284
0.08120477537187261,0.6871226667318441,334.0014970026332,175.1141214098354,-0.7965285778045654,-0.2105342447757721,-0.3824552893638611
0.0812040111636616,0.6901166652796953,334.0014970026332,175.07221975905483,-0.7747735977172852,-0.2218092978000641,-0.38068413734436035
0.14891620835540062,0.6891877151904479,333.0015014981164,175.07221975905483,-0.7206903696060181,-0.20190584659576416,-0.34688499569892883
0.1480125719079766,0.6951936799669042,333.0015014981164,175.07221975905483,-0.725816011428833,-0.22708933055400848,-0.3479016423225403
0.14846213830471183,0.6921906975480242,333.0015014981164,175.07221975905483,-0.7282814979553223,-0.21471528708934784,-0.34245628118515015
0.3800188377526041,0.6952066516923165,333.0015014981164,175.07221975905483,-0.7266569137573242,-0.21488192677497864,-0.34015077352523804
0.260477271801391,0.6931171303169231,334.0014970026332,175.07221975905483,-0.7089519500732422,-0.21186724305152893,-0.3368684947490692
0.3823845832571065,0.6906929197994885,333.00600595184466,175.07221975905483,-0.7236823439598083,-0.20097653567790985,-0.34030619263648987
0.3823845832571065,0.6906929197994885,333.00600595184466,175.56278075141654,-0.7236717343330383,-0.20297448337078094,-0.3380369246006012
0.6280274977558161,0.6907314890825763,333.0,175.1141214098354,-0.7283061742782593,-0.2032664269208908,-0.333412230014801
0.8737156183561101,0.6922688618737044,333.0015014981164,175.1553178741502,-0.7222173810005188,-0.23615451157093048,-0.32729944586753845
0.7533111404535972,0.691320979429446,332.00150602068055,175.63766986229587,-0.7752572298049927,-0.19172751903533936,-0.36645394563674927
1.0061691122707694,0.6883553340162794,332.00150602068055,175.1553178741502,-0.731488823890686,-0.19195997714996338,-0.3530404567718506
1.0061691122707694,0.6883553340162794,332.00150602068055,175.1553178741502,-0.7322866916656494,-0.20003512501716614,-0.3477174639701843
1.2589064357602713,0.6869121002546904,332.0,175.1141214098354,-0.7261477708816528,-0.20802059769630432,-0.33880728483200073
1.2589064357602713,0.6869121002546904,332.0,175.1141214098354,-0.7219032645225525,-0.21069684624671936,-0.3312339186668396
1.2672063759627623,0.6823920257149595,332.00150602068055,175.1553178741502,-0.7378052473068237,-0.20881986618041992,-0.3324650824069977
1.3782289213125625,0.6878735930611584,333.00600595184466,175.1553178741502,-0.7544309496879578,-0.23415768146514893,-0.3484019935131073
1.3782289213125625,0.6878735930611584,333.00600595184466,175.1553178741502,-0.7936279773712158,-0.22595413029193878,-0.3765389621257782
1.8735050225195704,0.6895291226905548,333.0135132393279,175.1141214098354,-0.7850562930107117,-0.24149660766124725,-0.36672574281692505
1.7489277010399074,0.6874422131893001,334.0014970026332,175.1141214098354,-0.8073443174362183,-0.24035179615020752,-0.39679574966430664
1.4900813136360065,0.6918500246945226,334.0,175.63766986229587,-0.7546774744987488,-0.2386997640132904,-0.3810279369354248
1.496537847969538,0.6888446769134594,334.0059879702758,175.67417570775316,-0.7424638271331787,-0.23887832462787628,-0.3596644103527069
1.6034572786543255,0.6942979268970265,335.0014925339886,175.67417570775316,-0.7363070845603943,-0.2380971908569336,-0.362201064825058
1.4836804836165662,0.6907070611524059,336.0,175.19582676146905,-0.7535613179206848,-0.23746399581432343,-0.3630966544151306
1.7264234388407516,0.6922747667088746,336.0014880919428,175.19582676146905,-0.7240411043167114,-0.23703837394714355,-0.3565303683280945
1.7338600413530023,0.6892999432226086,336.0014880919428,175.19582676146905,-0.7630718350410461,-0.23495855927467346,-0.35978683829307556
1.985137571067903,0.6879121605315841,336.0,175.19582676146905,-0.7540612816810608,-0.24119122326374054,-0.33934515714645386
2.4801180079778824,0.6881438934963778,336.0,175.63766986229587,-0.7876402139663696,-0.24278774857521057,-0.3515629768371582
2.4962902499432995,0.6836807843702153,336.0014880919428,175.63766986229587,-0.7229541540145874,-0.2249574363231659,-0.31276267766952515
2.127273152970793,0.684052824209248,335.0,175.63766986229587,-0.7550022602081299,-0.22507211565971375,-0.34413838386535645
2.376923772926891,0.6841700507748012,335.0,175.63766986229587,-0.7591907382011414,-0.21210598945617676,-0.35085242986679077
2.5404666025257105,0.6758102042532953,334.0014970026332,175.1553178741502,-0.7559602856636047,-0.2207760363817215,-0.3441578447818756
2.5292764432038797,0.6788012761585902,334.0014970026332,175.1553178741502,-0.7370135188102722,-0.2207038849592209,-0.33244141936302185
2.5292764432038797,0.6788012761585902,334.0014970026332,175.1553178741502,-0.7029790282249451,-0.21771159768104553,-0.32733452320098877
2.52371828247719,0.6802998708868222,334.0,175.1553178741502,-0.7396599650382996,-0.22899410128593445,-0.35009729862213135
2.5181845185574896,0.6817923737552286,334.0014970026332,175.63766986229587,-0.8446559906005859,-0.22820305824279785,-0.43938809633255005
2.512674991351302,0.6792237863196674,336.0,175.1553178741502,-0.7936041951179504,-0.23093953728675842,-0.3959275186061859
2.512674991351302,0.6792237863196674,336.0,175.1553178741502,-0.7762870192527771,-0.23269900679588318,-0.3631826341152191
2.7633208428562033,0.6793607022827269,336.0,175.1553178741502,-0.7114516496658325,-0.2489337921142578,-0.31828612089157104
2.7512829097557465,0.6823334501092511,336.0,175.63766986229587,-0.8265961408615112,-0.2296293079853058,-0.4241613447666168
2.7572887304745284,0.6808440570831211,336.0014880919428,175.63766986229587,-0.7518044710159302,-0.22889193892478943,-0.3344705104827881
2.876029568635687,0.6803815221232938,337.0,175.67417570775316,-0.770817220211029,-0.23457446694374084,-0.35600173473358154
3.0007532672040376,0.6824827209981541,336.0,175.63766986229587,-0.7814767956733704,-0.2346361130475998,-0.35683587193489075
3.0007532672040376,0.6824827209981541,336.0,175.1553178741502,-0.7413768172264099,-0.2142411470413208,-0.34050241112709045
3.0007532672040376,0.6824827209981541,336.0,175.1553178741502,-0.7507202625274658,-0.20863261818885803,-0.34659022092819214
3.132273188842474,0.6831063524320612,335.0014925339886,175.1553178741502,-0.7290767431259155,-0.21012911200523376,-0.3327294588088989
2.876029568635687,0.6844313039727502,335.00597009605667,175.63766986229587,-0.7305864095687866,-0.211387038230896,-0.3318067193031311
2.876029568635687,0.6844313039727502,335.00597009605667,175.63766986229587,-0.7610281109809875,-0.2177812159061432,-0.3384002149105072
2.88861243714025,0.6814500558287379,335.00597009605667,175.63766986229587,-0.7374285459518433,-0.21734102070331573,-0.32974356412887573
3.2643404414150288,0.6837311929980411,334.0059879702758,175.63766986229587,-0.7511883974075317,-0.2173931896686554,-0.33399587869644165
3.2501250892724047,0.6867203175927002,334.0059879702758,175.63766986229587,-0.770774245262146,-0.21731269359588623,-0.3473711609840393
3.2643404414150288,0.6837311929980411,334.0059879702758,175.63766986229587,-0.730545163154602,-0.2158917486667633,-0.3320252001285553
3.257217257819156,0.685210394992872,334.0134727821619,175.60054351718176,-0.8366186022758484,-0.2220664918422699,-0.42031845450401306
2.3666131323749777,0.6871035925293059,335.0238797459071,175.63766986229587,-0.7398272156715393,-0.2313845455646515,-0.3748758137226105
2.626515084944774,0.6883605310948061,333.02402315748935,175.63766986229587,-0.7400048971176147,-0.2312404215335846,-0.3596220016479492
2.876029568635687,0.6885046032820125,333.02402315748935,175.63766986229587,-0.7282504439353943,-0.22478580474853516,-0.3335001766681671
3.125452311545389,0.6845509130564595,335.0238797459071,175.1553178741502,-0.7500671148300171,-0.22974415123462677,-0.34026867151260376
3.257217257819156,0.6851612658430419,334.0374230531663,175.1141214098354,-0.7160633206367493,-0.22642970085144043,-0.31979134678840637
3.257217257819156,0.6851612658430419,334.0374230531663,175.1141214098354,-0.7173398733139038,-0.2255946844816208,-0.32012853026390076
3.2430637339289152,0.6881994736387157,334.0134727821619,175.1141214098354,-0.7178596258163452,-0.22576060891151428,-0.3201996982097626
3.2430637339289152,0.6881994736387157,334.0134727821619,174.62839073555253,-0.7260786294937134,-0.17310932278633118,-0.3416876196861267
3.2360329916894597,0.6896723926604903,334.0239512370333,175.1141214098354,-0.7495785355567932,-0.22532495856285095,-0.34350988268852234
3.1186610766940324,0.6901329030983111,333.0375354220602,175.1141214098354,-0.7193525433540344,-0.22031696140766144,-0.3315558433532715
2.882307265425109,0.6829254631824667,335.01343256651666,175.1553178741502,-0.7190127372741699,-0.2197408676147461,-0.3310748338699341
2.484142803113824,0.5399598103806813,342.01315764163223,178.64436563783556,-1.3055646419525146,-0.42139744758605957,-0.49125105142593384
2.431549555491767,0.5484560673779316,344.0014534853014,178.6652996455069,-0.903831958770752,-0.3139728009700775,-0.29210788011550903
2.1684365723445334,0.5381755364163223,344.0,178.24916422389293,-1.4521740674972534,-0.4597020149230957,-0.47255635261535645
1.6776960839280441,0.5451515191407105,345.0057970527452,178.68559362792217,-1.072517991065979,-0.3808457553386688,-0.42606061697006226
1.8297721649028678,0.546789883040796,344.0,178.68559362792217,-1.4295520782470703,-0.5093512535095215,-0.48384642601013184
1.0696430294792636,0.5418806236969944,347.0,179.11485109206725,-0.7303088903427124,-0.2531234920024872,-0.24810099601745605
1.704822986922117,0.539596904256041,343.0,179.11485109206725,-1.4701006412506104,-0.5034146904945374,-0.509665846824646
0.917819291118436,0.5402897385590213,348.0057470789814,179.5551373818481,-0.840234100818634,-0.28766700625419617,-0.33092331886291504
1.0696430294792636,0.5387752906188034,349.0,179.5551373818481,-0.9631797075271606,-0.3054545521736145,-0.3780168890953064
0.9276099090019487,0.5376062475449815,346.0231206147936,179.5551373818481,-1.4438560009002686,-0.49468499422073364,-0.5286512970924377
0.45378254299901133,0.5515904105244274,349.0014326618159,179.5551373818481,-0.881186842918396,-0.3453596830368042,-0.32761549949645996
0.7641770989336023,0.5432731820298432,347.0014409191985,179.5551373818481,-1.397870421409607,-0.4391910135746002,-0.5041056275367737
0.6085383357931753,0.545998240181637,348.0057470789814,179.5551373818481,-0.9141963720321655,-0.3373297154903412,-0.3738589882850647
1.5337605944614014,0.5469790421926936,342.0,179.91866288439147,-1.3792990446090698,-0.4674296975135803,-0.4955771565437317
1.373584012043699,0.5482619478798937,343.0,179.91866288439147,-0.9337369799613953,-0.37048307061195374,-0.3691520094871521
1.682156935284289,0.5468800337476103,343.0014577228499,179.9186556637326,-1.4592361450195312,-0.5324274301528931,-0.5162264108657837
1.682156935284289,0.5468800337476103,343.0014577228499,179.9186556637326,-1.1576780080795288,-0.38032466173171997,-0.4823683798313141
1.7094299272786226,0.5381375367981396,343.0014577228499,179.55182903480738,-1.4477146863937378,-0.5196124911308289,-0.5327817797660828
0.30778139089036727,0.5578109540415517,346.0,179.91865810786555,-1.2049481868743896,-0.35423022508621216,-0.5134579539299011
0.08123331098964737,0.5675263908697579,348.0014367786432,179.11485109206725,-1.1830322742462158,-0.3786314129829407,-0.5098915100097656
0.16657138886297085,0.5677157401711028,347.00576364089403,179.11485109206725,-1.4489545822143555,-0.47935137152671814,-0.5681971311569214
0.5917281632962198,0.5650561063380359,346.0014450836875,179.11485109206725,-1.3885290622711182,-0.4775010049343109,-0.5576400756835938
0.7334270045810469,0.5663258964501651,347.0014409191985,179.11485109206725,-0.8833556175231934,-0.36208707094192505,-0.30798056721687317
1.3044839531946493,0.5740226636660796,345.023187626571,179.91866051446468,-1.3742434978485107,-0.435587078332901,-0.40964871644973755
1.589211323267679,0.5722442662420527,347.0129680573912,179.91866288439147,-0.9374222755432129,-0.352775514125824,-0.3481571078300476
2.165322189933284,0.572432891097226,347.0129680573912,179.91866051446468,-1.3384058475494385,-0.4558876156806946,-0.4940127432346344
2.165322189933284,0.569152716466535,349.0128937446294,179.91866051446468,-0.7608336806297302,-0.30476778745651245,-0.2718089818954468
2.6038287600352565,0.5695435808287965,348.0057470789814,179.91866051446468,-1.396653413772583,-0.45038551092147827,-0.523059070110321
2.154493945136516,0.5687752617645259,351.00142449853394,179.91866051446468,-0.8764548301696777,-0.3469564616680145,-0.3326030671596527
2.176260007820447,0.5662895461359312,349.0128937446294,179.5551373818481,-1.1905686855316162,-0.359170138835907,-0.47411099076271057
2.6038287600352565,0.5695435808287965,348.0057470789814,179.5551373818481,-1.2657787799835205,-0.4205019474029541,-0.4820975363254547
2.31514728462341,0.5694203367335662,348.0057470789814,179.91866288439147,-1.065592646598816,-0.36684316396713257,-0.4393017888069153
2.6038287600352565,0.5695435808287965,348.0057470789814,179.5551373818481,-1.0689353942871094,-0.3754461407661438,-0.45706814527511597
2.748133274964287,0.5712521036474636,347.00576364089403,179.5551373818481,-1.22975754737854,-0.3790014386177063,-0.4668980538845062
2.8635566315953227,0.575421081549378,348.0057470789814,179.5551373818481,-1.3256055116653442,-0.42289575934410095,-0.5166982412338257
2.4410491284891886,0.5721494994887575,349.0014326618159,179.91866288439147,-0.8057131767272949,-0.3059215843677521,-0.2795946002006531
3.052029302246673,0.5652711269891234,349.0,179.5551373818481,-1.319899320602417,-0.4282680153846741,-0.4346041679382324
2.9144338424075715,0.5653835502700401,348.0014367786432,179.5551373818481,-1.1249173879623413,-0.31161826848983765,-0.42660588026046753
2.769060705769131,0.5636925546964211,349.0014326618159,179.5551373818481,-0.9942213296890259,-0.3131983280181885,-0.3799113631248474
2.769060705769131,0.5669414762240448,347.0014409191985,179.91866288439147,-1.3240153789520264,-0.4607976973056793,-0.49638256430625916
2.47195480094658,0.5649950997195268,349.0,179.91866288439147,-0.9658164978027344,-0.36293965578079224,-0.40226617455482483
2.3327791403493046,0.5618913691008842,350.0014285685131,179.91866288439147,-1.2874274253845215,-0.4259699285030365,-0.461921751499176
2.204094975986169,0.559152369368805,349.0,179.91866288439147,-1.4277136325836182,-0.4775870740413666,-0.5319969058036804
2.1984710755562387,0.5605816771214385,349.0014326618159,179.91866288439147,-1.0087628364562988,-0.36626768112182617,-0.4230404794216156
2.497249144910818,0.5592606390514125,349.0057306119772,179.91866288439147,-1.2598083019256592,-0.39795276522636414,-0.43507638573646545
2.238452982207435,0.5505537907665795,349.0057306119772,179.91865810786555,-1.3827378749847412,-0.44162845611572266,-0.5600686073303223
2.811887044516563,0.5551067849298184,349.0014326618159,179.91866051446468,-1.0224941968917847,-0.4039619565010071,-0.4263461232185364
2.51009162340138,0.5563980888259153,349.0057306119772,179.91866051446468,-1.0473841428756714,-0.4058573246002197,-0.43859314918518066
2.0680724597946716,0.5546373648462108,350.0057142390678,179.91866051446468,-1.1615791320800781,-0.41080957651138306,-0.48082056641578674
2.2268817327238914,0.5534169009854072,349.0057306119772,179.91866051446468,-1.199926495552063,-0.41167426109313965,-0.4740453362464905
2.362770822815004,0.5579081976418119,348.0229877464993,179.55182903480738,-1.1058943271636963,-0.38379859924316406,-0.4402848184108734
2.2154296740056747,0.5594582760629512,347.02305398921266,179.5551373818481,-1.4964560270309448,-0.543566882610321,-0.5446707010269165
2.5165625701916214,0.5581537861743802,347.0129680573912,179.5551373818481,-1.332606554031372,-0.44714489579200745,-0.5375816226005554
2.3749848111697958,0.5550372768371165,348.0229877464993,179.55182903480738,-1.3441126346588135,-0.4465394914150238,-0.519848108291626
2.0680724597946716,0.5577971969050349,348.0229877464993,179.91866051446468,-1.197932243347168,-0.4116567075252533,-0.4983993470668793
2.387325883549889,0.5553855015665922,346.0057802985378,179.54846855389545,-1.4546949863433838,-0.5455827116966248,-0.5520033240318298
2.0680724597946716,0.5578248309198963,348.0057470789814,179.55182903480738,-0.7027148008346558,-0.2721749246120453,-0.2520945370197296
2.073403458347968,0.5563959011934774,348.0014367786432,179.5551373818481,-1.2451064586639404,-0.38774314522743225,-0.44510164856910706
2.0787620635893798,0.5549623584200492,348.0,179.5551373818481,-1.0152838230133057,-0.34173062443733215,-0.38540515303611755
2.0680724597946716,0.5578340431709075,348.0,179.91866288439147,-1.1761040687561035,-0.36975398659706116,-0.4421476721763611
2.0627688553928802,0.556071795156915,350.0014285685131,179.91865810786555,-0.8229972720146179,-0.32512375712394714,-0.2856030762195587
2.650573094805549,0.5627378644902811,346.0014450836875,179.54846855389545,-1.294616937637329,-0.4181533753871918,-0.4803210198879242
3.604202951357179,0.5764801961550806,345.0130432317016,178.67552479494967,-0.9513741731643677,-0.39307084679603577,-0.4155466556549072
3.7106335726835407,0.5806747162161516,346.01300553591915,178.67552479494967,-0.8861687779426575,-0.3744567036628723,-0.3437064290046692
3.586193165559629,0.5793729360657577,345.0130432317016,178.67552479494967,-0.8780574798583984,-0.34914904832839966,-0.3476901650428772
3.219645790065927,0.5902658307935562,347.0014409191985,179.10804806057527,-0.910291850566864,-0.3456338047981262,-0.3406449258327484
3.2118144270143967,0.5916971085967175,347.00576364089403,179.11485109206725,-0.9561601877212524,-0.3415461778640747,-0.38630780577659607
2.9049536375262788,0.5938760154768893,349.0057306119772,178.67552479494967,-0.8288048505783081,-0.3137627840042114,-0.30181875824928284
3.0502741169000904,0.5942296445286863,348.0014367786432,179.11485109206725,-1.2915737628936768,-0.43623876571655273,-0.5015355348587036
2.9049536375262788,0.5938857669754495,349.0,179.11485109206725,-0.809356689453125,-0.3387051224708557,-0.2968607246875763
3.5772553868931483,0.5954452955686081,350.0,179.1215498531314,-1.3575761318206787,-0.4842899441719055,-0.5314423441886902
3.524551231648325,0.596394417383377,341.023459603588,178.6652996455069,-1.167320728302002,-0.3173431158065796,-0.5049668550491333
3.6471745975414156,0.5976602793418614,342.023391012954,178.67552479494967,-0.8691099286079407,-0.3216800093650818,-0.3377402126789093
3.888756617460802,0.5967092000757339,346.0231206147936,178.67552479494967,-1.0182925462722778,-0.3644818663597107,-0.3865940272808075
4.017417461387871,0.5965042263630607,347.03602118512134,178.67552479494967,-0.9549739956855774,-0.36186301708221436,-0.3564879298210144
4.017417461387871,0.5930865675498381,349.03581478123414,179.11485109206725,-0.8551421165466309,-0.35575661063194275,-0.31636857986450195
4.165463247837571,0.5934820434425031,348.0229877464993,179.11485109206725,-1.281792402267456,-0.4291381239891052,-0.4772736430168152
3.3267871089519057,0.5942716665659955,348.0703951789063,179.11485109206725,-0.9020141363143921,-0.3561914563179016,-0.3166218400001526
3.7322796644482734,0.5942954172485589,349.05157212079706,179.1215498531314,-0.8523181080818176,-0.35003799200057983,-0.3040624260902405
3.879373605126427,0.5946915851922518,348.0359176866664,178.68559362792217,-0.9415426254272461,-0.3360711932182312,-0.3621535897254944
4.0077491503175,0.5945375366049844,349.02292188336287,178.24916422389293,-0.8597407341003418,-0.330117791891098,-0.3392142951488495
3.7322796644482734,0.5977693623138045,347.02305398921266,178.24916422389293,-0.8803173303604126,-0.36848872900009155,-0.3639346957206726
4.28304098520468,0.5947739078178469,349.0057306119772,178.24916422389293,-0.8811392784118652,-0.38432762026786804,-0.35839933156967163
3.95572929207713,0.58665469754791,346.0014450836875,178.6652996455069,-1.37046480178833,-0.47213292121887207,-0.5266465544700623
3.541946019820237,0.5866173525908341,345.0057970527452,178.6652996455069,-1.2992925643920898,-0.46151643991470337,-0.5387707948684692
3.300112098359309,0.5791989088223032,345.0130432317016,178.22209461738314,-1.4190119504928589,-0.5504843592643738,-0.5608091950416565
2.849345043038947,0.5783005801762043,348.0,178.2357335457582,-0.7924348711967468,-0.3402596116065979,-0.3357628583908081
2.5778511109251934,0.5752942442895018,348.0,178.67552479494967,-1.43398118019104,-0.5239791870117188,-0.5384320020675659
2.9988879327077975,0.5752834517090758,349.0014326618159,178.22209461738314,-0.7782728672027588,-0.3133738934993744,-0.27225467562675476
3.443172460388192,0.5742906603275719,348.01293079424505,178.24916422389293,-1.1770943403244019,-0.36195501685142517,-0.47696882486343384
3.729172066635286,0.5744703485274634,348.01293079424505,178.2357335457582,-0.9567664265632629,-0.3455064296722412,-0.3917224407196045
4.388610358117106,0.5771809575571561,351.0056979594491,178.67552479494967,-0.8861271142959595,-0.3605983853340149,-0.3311437964439392
4.356397876612733,0.5814490379555427,351.00142449853394,178.67552479494967,-1.0339324474334717,-0.3621048927307129,-0.33201083540916443
3.9363602225532106,0.5794891485843964,352.00142045167945,178.67552479494967,-0.9411073923110962,-0.34747621417045593,-0.33942919969558716
3.7869819724734537,0.5824583583656784,351.0056979594491,178.67552479494967,-1.1647452116012573,-0.353632390499115,-0.4324316084384918
3.9460210116848997,0.5747992597461877,354.00564967243105,178.68559362792217,-0.8025429844856262,-0.327615886926651,-0.2680574953556061
4.1269280650025,0.5741376942867026,351.0,178.68559362792217,-1.3391401767730713,-0.4385279715061188,-0.4884851574897766
3.8528615807903694,0.5725161216785383,351.00142449853394,178.68559362792217,-1.0996534824371338,-0.3567477762699127,-0.43084636330604553
3.8528615807903694,0.5725161216785383,351.00142449853394,178.68559362792217,-0.861615002155304,-0.33626094460487366,-0.3126274645328522
3.995044386629964,0.5742496080089139,350.0014285685131,178.24916422389293,-1.187485694885254,-0.40957456827163696,-0.47261127829551697
3.985142602295106,0.5756770620225505,350.0,178.24916422389293,-0.8811264038085938,-0.39096683263778687,-0.3094685673713684
4.1269280650025,0.5774278816370843,349.0,178.24916422389293,-1.2568447589874268,-0.42588943243026733,-0.49323949217796326
4.106575657473794,0.580285821039569,349.0,178.68559362792217,-0.9436942934989929,-0.37060511112213135,-0.47437071800231934
3.595175516288443,0.574579119702902,347.02305398921266,178.24916422389293,-1.4071835279464722,-0.4855045676231384,-0.530304491519928
3.7198797385549387,0.5792157869084446,346.0231206147936,177.81268711724795,-1.298797607421875,-0.4008398652076721,-0.5053400993347168
3.7198797385549387,0.5792157869084446,346.0231206147936,178.2357335457582,-1.2266968488693237,-0.40248721837997437,-0.48607945442199707
3.8624603756207185,0.5776420451368485,347.02305398921266,178.2357335457582,-1.282171368598938,-0.43960803747177124,-0.4858507215976715
3.577255562799104,0.5808022500493608,345.023187626571,178.22209461738314,-1.379446029663086,-0.47257915139198303,-0.5396076440811157
3.1888974918988895,0.57835813307285,342.01315764163223,178.6652996455069,-1.3991141319274902,-0.4909311830997467,-0.5372858047485352
3.316690347495935,0.5697005679827941,349.0128937446294,178.67552479494967,-0.9781088829040527,-0.40815702080726624,-0.37246429920196533
3.3250420768346105,0.5682540328142281,349.02292188336287,178.2357335457582,-1.2749443054199219,-0.4256766736507416,-0.46079373359680176
3.3083804590706314,0.5744438296749026,347.0,178.2357335457582,-1.310329794883728,-0.445169597864151,-0.48166853189468384
3.1649251800769527,0.5727120334775619,348.0,178.24916422389293,-0.8951508402824402,-0.3994216024875641,-0.3092392086982727
3.1808664748379925,0.5698428723582659,348.0,178.24916422389293,-1.3527575731277466,-0.4791199266910553,-0.4754246175289154
2.7139487890032896,0.5686235982606469,353.00141642775316,178.24916422389293,-0.8693952560424805,-0.3851594924926758,-0.33275872468948364
3.316690347495935,0.573002934136608,347.0014409191985,178.24916422389293,-1.2489111423492432,-0.3984468877315521,-0.4622361660003662
3.443172460388192,0.5743096283693476,348.0014367786432,178.24916422389293,-0.927977442741394,-0.3818257451057434,-0.35343092679977417
3.2918849552777587,0.5740124687524334,349.0,178.24916422389293,-1.1543492078781128,-0.38536614179611206,-0.4538939893245697
3.3418723268557318,0.5719865908823027,345.0,178.68559362792217,-1.3308780193328857,-0.41228818893432617,-0.49631252884864807
3.172875805192834,0.5745772294075266,346.0014450836875,178.68559362792217,-1.0826810598373413,-0.4084075391292572,-0.46645623445510864
3.172875805192834,0.5745772294075266,346.0014450836875,178.68559362792217,-1.0681006908416748,-0.38098710775375366,-0.4643864631652832
3.044322644609035,0.5699467587990514,347.0129680573912,178.68559362792217,-1.3632882833480835,-0.43219345808029175,-0.5263227224349976
2.465711154114594,0.5631783649680696,351.0128202786901,178.68559362792217,-0.7979329824447632,-0.3512832224369049,-0.2924298346042633
2.465711154114594,0.5631783649680696,351.0128202786901,178.68559362792217,-1.398125410079956,-0.49286556243896484,-0.508715033531189
2.885141928006553,0.564615088147905,352.0127838587684,178.68559362792217,-0.8692375421524048,-0.3614741861820221,-0.2979350984096527
3.3083804590706314,0.5744342883695832,347.00576364089403,178.2357335457582,-1.297642469406128,-0.41660913825035095,-0.48212939500808716
3.1808664748379925,0.5731271870842507,346.0057802985378,178.2357335457582,-1.3292860984802246,-0.4204789698123932,-0.4945991039276123
3.052029302246673,0.5685197307561562,347.00576364089403,178.67552479494967,-1.3158038854599,-0.42085686326026917,-0.5011261701583862
3.1808664748379925,0.5731271870842507,346.0057802985378,178.2357335457582,-1.2823727130889893,-0.4198899269104004,-0.49790531396865845
3.172875805192834,0.5745772294075266,346.0014450836875,178.2357335457582,-0.9547774195671082,-0.409966379404068,-0.4115562438964844
3.3083804590706314,0.5777642306207293,345.0057970527452,178.2357335457582,-1.0023752450942993,-0.3938044309616089,-0.4186815619468689
3.2918849552777587,0.5806579289371386,345.0057970527452,178.24916422389293,-1.2274714708328247,-0.44121289253234863,-0.4580176770687103
3.3250420768346105,0.5748802402846379,345.0,178.68559362792217,-1.4382137060165405,-0.5020145773887634,-0.5718545913696289
3.1808664748379925,0.5731367617843429,346.0,178.68559362792217,-0.7757328748703003,-0.30644458532333374,-0.26358142495155334
3.52238907387967,0.5614048313234897,348.0,178.24916422389293,-1.3919413089752197,-0.5056583285331726,-0.4773847162723541
3.333435963438999,0.5668587797447621,349.0014326618159,177.81268711724795,-0.8886831998825073,-0.3503626585006714,-0.31853216886520386
3.316690347495935,0.5697192767465951,349.0014326618159,178.24916422389293,-1.1741929054260254,-0.38662827014923096,-0.5082043409347534
3.2918849552777587,0.574003043569892,349.0057306119772,178.24916422389293,-0.8387238383293152,-0.3199675679206848,-0.3145432472229004
3.2836987228178462,0.5754404146539751,349.0014326618159,178.24916422389293,-0.8430300951004028,-0.32546427845954895,-0.3163340091705322
3.7478965968541162,0.5749260283850424,346.0014450836875,178.24916422389293,-1.276100516319275,-0.43952101469039917,-0.49370288848876953
3.931013661715416,0.5709054103276847,345.00144927231827,178.24916422389293,-1.262031078338623,-0.4147082269191742,-0.4811272621154785
3.7668099730751736,0.5720420764564467,346.0014450836875,178.24916422389293,-0.887448787689209,-0.3750258684158325,-0.316127210855484
3.7668099730751736,0.5720420764564467,346.0014450836875,178.24916422389293,-0.9308401942253113,-0.371090829372406,-0.33098939061164856
3.757329501404438,0.5734864397862874,346.0,178.24916422389293,-1.3087280988693237,-0.43309926986694336,-0.4332716464996338
3.7106335726835407,0.5806941174712473,346.0014450836875,177.81268711724795,-1.173857569694519,-0.4281920790672302,-0.46619781851768494
3.67410373021932,0.5797600745344951,350.0014285685131,178.24916422389293,-0.845518946647644,-0.3409276604652405,-0.29101690649986267
3.8528615807903694,0.575796989489689,349.0014326618159,177.81268711724795,-1.306327223777771,-0.45215457677841187,-0.5183132290840149
3.7478965968541162,0.5683554991692856,350.0014285685131,178.24916422389293,-0.8600500822067261,-0.36003074049949646,-0.30508559942245483
4.055502949550938,0.5656993487222474,350.0014285685131,177.37633834615167,-1.4293042421340942,-0.5526054501533508,-0.5523037314414978
4.231789218711846,0.5663756634837643,347.00576364089403,177.81268711724795,-0.7648239135742188,-0.26959428191185,-0.26654553413391113
4.388249951337219,0.5666872360454784,346.0014450836875,178.24916422389293,-1.4711710214614868,-0.5149312615394592,-0.5371028780937195
4.354977290035043,0.5677211993326197,348.0057470789814,177.82921888702086,-0.8871305584907532,-0.3345453143119812,-0.3341498374938965
4.5109055905084245,0.5713320190836386,345.00144927231827,177.79590120971528,-1.4132440090179443,-0.49253255128860474,-0.5277678370475769
3.622394436920874,0.563801625564793,351.00142449853394,177.81268711724795,-0.8242840766906738,-0.3395878076553345,-0.29838135838508606
3.622394436920874,0.563801625564793,351.00142449853394,177.81268711724795,-1.3160678148269653,-0.42637524008750916,-0.48532384634017944
3.833806291401735,0.5753400293742462,351.0128202786901,178.2754195959487,-0.9148275256156921,-0.3522290587425232,-0.34001249074935913
3.833806291401735,0.5753400293742462,351.0128202786901,178.26239137890255,-0.9872713088989258,-0.3522370457649231,-0.36408159136772156
3.577255562799104,0.5741746513673601,349.0057306119772,178.26239137890255,-1.2706146240234375,-0.4125185012817383,-0.4784119725227356
3.595175516288443,0.5713149767809453,349.0057306119772,178.26239137890255,-0.8492005467414856,-0.3311222195625305,-0.3129979074001312
3.595175516288443,0.5713149767809453,349.0057306119772,178.26239137890255,-1.230712652206421,-0.40244728326797485,-0.4473634362220764
4.137180019865159,0.5727145699372246,351.00142449853394,178.24916422389293,-0.8628039360046387,-0.37289339303970337,-0.3067438006401062
4.586053818036918,0.575114220429054,348.0014367786432,178.2357335457582,-1.2778384685516357,-0.44539064168930054,-0.45335841178894043
4.157837317090946,0.5764421241919426,347.0014409191985,178.2357335457582,-1.2860946655273438,-0.44244784116744995,-0.4807340204715729
4.454483738724255,0.5785489158988874,345.0057970527452,177.79590120971528,-1.0530626773834229,-0.41230684518814087,-0.44710788130760193
4.5109055905084245,0.5746633728754348,343.0014577228499,177.79590120971528,-1.3823052644729614,-0.46950429677963257,-0.5271230936050415
4.3113896894256465,0.5734612796905801,348.0,177.81268711724795,-1.0395829677581787,-0.4022952616214752,-0.41276684403419495
4.1474829769617765,0.5778720601737868,347.00576364089403,177.81268711724795,-1.428867220878601,-0.5014117360115051,-0.5686724185943604
3.7385109029172323,0.5763608061811336,346.0057802985378,177.81268711724795,-0.7428684234619141,-0.298897922039032,-0.21716514229774475
3.872107076520614,0.5762212454391774,347.0129680573912,177.81268711724795,-1.211987853050232,-0.374385267496109,-0.4570867419242859
3.995044386629964,0.577530790870461,348.01293079424505,177.35620405522934,-0.8039372563362122,-0.32268068194389343,-0.2720349431037903
4.210393359397707,0.5725495332704121,345.0057970527452,177.35620405522934,-1.2830616235733032,-0.4435839056968689,-0.48817116022109985
4.6090509195409615,0.5755384581190255,346.01300553591915,177.35620405522934,-0.9697962999343872,-0.41663306951522827,-0.405367374420166
4.597523659055719,0.5769908790619539,346.0057802985378,177.79590120971528,-1.031518578529358,-0.3915605843067169,-0.43520426750183105
4.465655084952022,0.5770919313980962,345.0130432317016,177.79590120971528,-1.3802378177642822,-0.4868873953819275,-0.5514023303985596
3.8528615807903694,0.575796989489689,349.0014326618159,177.79590120971528,-0.7753260731697083,-0.310882031917572,-0.27472764253616333
3.891545635732093,0.5733651632509309,347.0014409191985,177.79590120971528,-1.4808273315429688,-0.5078638195991516,-0.5607624053955078
3.622394436920874,0.5703007260635942,347.0014409191985,177.79590120971528,-0.8730695843696594,-0.3810895085334778,-0.3355254828929901
3.604202951357179,0.5666449563054085,351.00142449853394,177.81268711724795,-1.4851281642913818,-0.5813076496124268,-0.600443959236145
3.7478965968541162,0.5683554991692856,350.0014285685131,177.81268711724795,-0.7681610584259033,-0.2887827157974243,-0.26840490102767944
4.764332649870205,0.5725830258717287,347.0,177.81268711724795,-1.412038803100586,-0.47539621591567993,-0.30941253900527954
3.872107076520614,0.5762403870942928,347.0014409191985,177.81268711724795,-0.9824216961860657,-0.3117139935493469,-0.3728829026222229
4.289921012226349,0.5763172370239052,348.0057470789814,178.24916422389293,-0.7734576463699341,-0.2520677447319031,-0.2689148187637329
4.4323076393753364,0.5780875889192784,347.00576364089403,177.81268711724795,-1.1051783561706543,-0.32781416177749634,-0.4233437478542328
4.681972613867393,0.5792749571252618,349.0128937446294,177.81268711724795,-0.9393733739852905,-0.3302202820777893,-0.3804667890071869
4.81127031229304,0.582511735007573,348.0,177.37633834615167,-0.9368211627006531,-0.3304721713066101,-0.3767954707145691
4.787686608608205,0.5853752253539598,348.0,177.81268711724795,-1.118554711341858,-0.3975120484828949,-0.4838908314704895
4.84708389428853,0.5815371208937401,346.01300553591915,177.35620405522934,-1.0025511980056763,-0.35358721017837524,-0.4405170977115631
4.693563880192386,0.5811605275445837,347.02305398921266,177.35620405522934,-0.9706986546516418,-0.3691256642341614,-0.4136996269226074
4.681972613867393,0.582613468852577,347.0129680573912,177.35620405522934,-0.8804736137390137,-0.3692646324634552,-0.3414844274520874
4.9765522836732305,0.5848028607485843,345.0057970527452,177.35620405522934,-1.2826769351959229,-0.45260223746299744,-0.4905267357826233
4.670438357317507,0.5874474195832576,345.0057970527452,177.35620405522934,-1.1417794227600098,-0.44590431451797485,-0.46478110551834106
4.463556082774026,0.5908719587714586,348.0,177.37633834615167,-1.1496598720550537,-0.4304647445678711,-0.4692155718803406
3.9460210116848997,0.5915179807004736,344.0,177.35620405522934,-1.4143998622894287,-0.47970351576805115,-0.509665846824646
1.9766030620746164,0.5836703988968527,348.0057470789814,177.81268711724795,-0.9153428077697754,-0.36496397852897644,-0.39413583278656006
1.9863639885228856,0.580798598454159,348.0057470789814,178.24916422389293,-1.056430459022522,-0.3544439673423767,-0.4319842755794525
2.4109074944026347,0.5826380370026267,347.00576364089403,177.81268711724795,-0.8879305720329285,-0.355232298374176,-0.3451347053050995
2.8564331539847876,0.580197637725127,346.0014450836875,177.81268711724795,-1.3730528354644775,-0.5030155181884766,-0.5364068150520325
2.9988879327077975,0.5785991790061126,347.0014409191985,177.81268711724795,-0.9120896458625793,-0.40508097410202026,-0.34584856033325195
3.1649251800769527,0.5727025755266282,348.0057470789814,177.81268711724795,-1.2585985660552979,-0.44662314653396606,-0.44112834334373474
3.2755530970097264,0.5768636245190257,349.0057306119772,177.81268711724795,-0.8418490290641785,-0.305871844291687,-0.325255423784256
3.577255562799104,0.5741746513673601,349.0057306119772,178.24916422389293,-0.886934757232666,-0.3172112703323364,-0.3391733765602112
3.729172066635286,0.5744893225040967,348.0014367786432,178.24916422389293,-0.9723256230354309,-0.3224141299724579,-0.392765611410141
3.70143322644785,0.5754762008713653,350.0057142390678,178.24916422389293,-0.8916565179824829,-0.33228421211242676,-0.33793073892593384
3.5683623749688413,0.5756115981419233,349.0014326618159,178.24916422389293,-0.8653637170791626,-0.33856499195098877,-0.3133578896522522
4.055502949550938,0.5689504676262414,348.0014367786432,178.68559362792217,-1.3752697706222534,-0.4838477075099945,-0.50098717212677
3.3418723268557318,0.5654308706617484,349.0,178.24916422389293,-0.7792099714279175,-0.32537952065467834,-0.28779175877571106
3.540490092664438,0.5585367216621051,348.0,178.24916422389293,-1.3967105150222778,-0.49477463960647583,-0.4718843102455139
3.540490092664438,0.5617652576161389,346.0,178.2357335457582,-1.0951778888702393,-0.3813256621360779,-0.4476765990257263
3.059775081963205,0.5638381834670988,349.0014326618159,178.68559362792217,-0.9641776084899902,-0.36135247349739075,-0.3902221918106079
3.3588737785226956,0.5625704356090274,349.0,178.67552479494967,-1.118283748626709,-0.36472970247268677,-0.44973224401474
3.3588737785226956,0.5625704356090274,349.0,178.67552479494967,-1.4276705980300903,-0.450056254863739,-0.5883151888847351
3.1969691623206726,0.5605308722559285,352.0,178.68559362792217,-0.8456827402114868,-0.3613719642162323,-0.32546719908714294
3.3588737785226956,0.5593649060705302,351.0,178.68559362792217,-1.440427541732788,-0.48176702857017517,-0.49564170837402344
3.640770381498162,0.5609583522644601,351.00142449853394,178.24916422389293,-0.8836246728897095,-0.29539090394973755,-0.30443161725997925
3.622394436920874,0.563801625564793,351.00142449853394,178.68559362792217,-1.0835235118865967,-0.3041520118713379,-0.4140103757381439
3.9013382226615994,0.5654122309840094,351.0,178.68559362792217,-0.854395866394043,-0.314699649810791,-0.3142363429069519
3.9013382226615994,0.5654122309840094,351.0,178.68559362792217,-0.9946082234382629,-0.32099032402038574,-0.40346965193748474
3.7668099730751736,0.5655045064205985,350.0014285685131,178.68559362792217,-1.2623717784881592,-0.4067484438419342,-0.5037915706634521
3.757329501404438,0.5637111027722466,352.0,178.68559362792217,-0.8829836845397949,-0.3662731349468231,-0.33223941922187805
3.911180172986741,0.5639887485787619,351.00142449853394,178.68559362792217,-1.460253119468689,-0.5049098134040833,-0.5181646347045898
3.8818020423936725,0.5650260258162599,353.0056656769123,178.68559362792217,-0.7989753484725952,-0.30495283007621765,-0.28989747166633606
3.7385109029172323,0.566536794184496,352.00568177232594,178.68559362792217,-1.214646339416504,-0.3790748417377472,-0.45881667733192444
3.4090970338348114,0.5701970484017013,354.0127116361784,178.68559362792217,-0.8438893556594849,-0.3200225532054901,-0.30973488092422485
3.125762330795338,0.5700360963714793,354.0127116361784,178.68559362792217,-1.0676368474960327,-0.3270372450351715,-0.3819121718406677
3.70143322644785,0.568946614632378,354.02259814876226,178.68559362792217,-0.9113625288009644,-0.3317279517650604,-0.32556113600730896
3.8624603756207185,0.5678523777837026,353.0056656769123,178.68559362792217,-0.9214423298835754,-0.3386702835559845,-0.32748866081237793
3.8818020423936725,0.5682454430921305,351.0056979594491,178.68559362792217,-1.2547619342803955,-0.4052705764770508,-0.4682779908180237
3.7385109029172323,0.566536794184496,352.00568177232594,178.68559362792217,-0.9275310635566711,-0.396618515253067,-0.3789854347705841
3.891545635732093,0.5668311406762099,351.00142449853394,178.68559362792217,-1.42295241355896,-0.5251405239105225,-0.5435600280761719
3.891545635732093,0.5668311406762099,351.00142449853394,178.68559362792217,-1.063096523284912,-0.4349535405635834,-0.45526784658432007
4.189212500849274,0.5688451690527914,349.0057306119772,178.24916422389293,-1.2691717147827148,-0.43732547760009766,-0.49823522567749023
3.7198797385549387,0.5693808355262734,352.0,178.24916422389293,-0.913752555847168,-0.4007360339164734,-0.35649973154067993
3.8624603756207185,0.5743699330064065,349.0,178.24916422389293,-1.4058146476745605,-0.49658602476119995,-0.4773236811161041
3.0138813737031795,0.5724220746130481,349.0014326618159,178.24916422389293,-0.8902638554573059,-0.36801478266716003,-0.35264357924461365
3.0138813737031795,0.5724220746130481,349.0014326618159,178.24916422389293,-0.9492920637130737,-0.31942421197891235,-0.377189576625824
3.451797981870461,0.5728683558629548,348.0057470789814,178.2357335457582,-1.1984872817993164,-0.3777083456516266,-0.469298779964447
3.434589923307839,0.5757366873618955,348.0057470789814,178.2357335457582,-0.8184369802474976,-0.32422640919685364,-0.3043581247329712
3.443172460388192,0.5743096283693476,348.0014367786432,178.2357335457582,-1.3716154098510742,-0.48073458671569824,-0.45265763998031616
3.1491428669541466,0.5690313576820403,352.00568177232594,178.26239137890255,-0.85686856508255,-0.3612956702709198,-0.30806323885917664
3.7385109029172323,0.5697740418791265,350.0057142390678,178.26239137890255,-1.2675458192825317,-0.37145572900772095,-0.44335612654685974
4.3113896894256465,0.5701750491973329,350.0057142390678,178.24916422389293,-0.870042622089386,-0.2983664274215698,-0.3077571988105774
4.322204699236412,0.5720262109215279,348.0014367786432,178.24916422389293,-1.280266284942627,-0.41207155585289,-0.4461618959903717
4.465655084952022,0.5704969230760881,349.0014326618159,178.24916422389293,-0.8731122016906738,-0.3393905758857727,-0.3292936384677887
4.454483738724255,0.5719275927516293,349.0,178.24916422389293,-1.1711907386779785,-0.3914625942707062,-0.4654446244239807
4.6090509195409615,0.5722499123623811,348.0014367786432,178.24916422389293,-1.1890746355056763,-0.4000239968299866,-0.4641605019569397
4.289921012226349,0.5730334589379495,350.0,178.24916422389293,-1.1005641222000122,-0.4018692970275879,-0.4578307271003723
3.7106335726835407,0.5740576677787878,350.0014285685131,178.24916422389293,-1.4266897439956665,-0.5338523387908936,-0.5903888940811157
3.2755530970097264,0.5735860704900667,351.0,178.24916422389293,-0.9509652853012085,-0.4155557155609131,-0.3760874569416046
4.025046885414984,0.5765564197269228,346.0057802985378,178.68559362792217,-1.1536098718643188,-0.4092954993247986,-0.40728187561035156
4.0351480062185345,0.5718168626041088,348.0014367786432,178.68559362792217,-0.8379586935043335,-0.34196460247039795,-0.3057003617286682
4.333074028979608,0.5738941281693087,346.0,178.68559362792217,-1.355966329574585,-0.46850529313087463,-0.47228607535362244
4.178701688657198,0.5702810165754545,349.0014326618159,178.68559362792217,-0.9025785326957703,-0.4202194809913635,-0.33505478501319885
4.199776257680614,0.5674233514258918,349.0014326618159,178.24916422389293,-1.2841367721557617,-0.45743241906166077,-0.4521735608577728
4.199776257680614,0.5674233514258918,349.0014326618159,178.24916422389293,-1.1664226055145264,-0.40025368332862854,-0.46685242652893066
4.055502949550938,0.5689504676262414,348.0014367786432,178.24916422389293,-1.3703639507293701,-0.4576628804206848,-0.5160331726074219
4.045299899911975,0.5703860110413967,348.0,178.68559362792217,-0.9460509419441223,-0.4178004860877991,-0.3832421898841858
4.189212500849274,0.5721332098762971,347.0,178.24916422389293,-1.2463277578353882,-0.43804264068603516,-0.4425976276397705
3.577255562799104,0.5741746513673601,349.0057306119772,178.24916422389293,-0.9274541735649109,-0.37809401750564575,-0.3697032332420349
3.7478965968541162,0.5683369416828499,350.0128569067142,178.24916422389293,-1.01127290725708,-0.36105480790138245,-0.3856521248817444
4.168243424845116,0.5717028373606391,349.0057306119772,178.24916422389293,-0.8596585988998413,-0.3283608555793762,-0.31887710094451904
4.076064068220823,0.5693372581849855,346.01300553591915,178.68559362792217,-1.3097397089004517,-0.45308366417884827,-0.49698972702026367
4.199776257680614,0.570693775926561,347.0014409191985,178.68559362792217,-0.8739738464355469,-0.3474051356315613,-0.31176772713661194
3.9611435821240413,0.5665607656268864,345.0057970527452,178.68559362792217,-1.4134905338287354,-0.47233954071998596,-0.5062364935874939
3.7955404100518515,0.5677091538831144,346.0057802985378,178.68559362792217,-0.8473544120788574,-0.3641051650047302,-0.3175453543663025
4.343998088069197,0.5724507900752114,346.0014450836875,179.11485109206725,-0.9566472768783569,-0.372433602809906,-0.3806840479373932
4.0351480062185345,0.5751221348484544,346.0014450836875,179.11485109206725,-0.993632435798645,-0.3624580204486847,-0.3755916655063629
3.9510491357099555,0.56801372296752,345.00144927231827,178.68559362792217,-1.3795942068099976,-0.49047207832336426,-0.4947985112667084
3.7955404100518515,0.5644558872850658,348.0,178.68559362792217,-0.7947971224784851,-0.3224797546863556,-0.27761590480804443
3.9410059585429043,0.5661797486872864,347.0,178.67552479494967,-1.353756308555603,-0.45107167959213257,-0.4949910640716553
3.7955404100518515,0.5644558872850658,348.0,178.68559362792217,-0.8943805694580078,-0.3964817523956299,-0.3187764286994934
3.504472114563768,0.5642729964766214,348.0,178.68559362792217,-1.2639198303222656,-0.41882696747779846,-0.46311601996421814
4.210393359397707,0.5659968713028323,349.0,178.68559362792217,-0.8943358659744263,-0.35474851727485657,-0.3407987058162689
4.366012052576017,0.5662956128060181,348.0014367786432,178.24916422389293,-1.1921385526657104,-0.39948558807373047,-0.4558229446411133
4.533875935939917,0.5651662035403144,347.0014409191985,178.68559362792217,-0.9693228006362915,-0.37641245126724243,-0.40521878004074097
4.679444746536629,0.5669156617213796,346.0014450836875,178.68559362792217,-1.3288582563400269,-0.4538155496120453,-0.4656447470188141
3.931013661715416,0.5676149166470273,347.0014409191985,178.68559362792217,-1.2428374290466309,-0.4343021512031555,-0.4848945140838623
4.045299899911975,0.5703860110413967,348.0,178.68559362792217,-1.2695553302764893,-0.4300691485404968,-0.4869745671749115
3.029025517464147,0.5728434807631976,347.0014409191985,177.79590120971528,-0.7454060912132263,-0.28646305203437805,-0.2840275466442108
3.52238907387967,0.5614048313234897,348.0,177.79590120971528,-1.3675165176391602,-0.47616806626319885,-0.49868160486221313
3.3588737785226956,0.5625704356090274,349.0,177.79590120971528,-0.7852497696876526,-0.3331468105316162,-0.2590706944465637
3.52238907387967,0.5614048313234897,348.0,177.79590120971528,-1.2707781791687012,-0.41012057662010193,-0.4419787526130676
3.776338371966549,0.5640813356988734,350.0,178.24916422389293,-0.8473671674728394,-0.3546956181526184,-0.2932756543159485
3.931013661715416,0.5643621358937524,349.0014326618159,178.24916422389293,-1.2915600538253784,-0.4198846220970154,-0.43515023589134216
3.9013382226615994,0.5686430785080803,349.0057306119772,178.24916422389293,-0.9061750173568726,-0.3588561415672302,-0.356570839881897
3.757329501404438,0.5669230532535986,350.0057142390678,178.24916422389293,-0.9506424069404602,-0.3417082726955414,-0.3778899013996124
3.7478965968541162,0.5683369416828499,350.0128569067142,177.81268711724795,-0.8884787559509277,-0.3320726752281189,-0.3543562591075897
3.872107076520614,0.569673598703467,351.00142449853394,177.81268711724795,-1.1569974422454834,-0.3732840418815613,-0.43489059805870056
3.631559177205906,0.5655679392368583,349.02292188336287,177.81268711724795,-1.1088495254516602,-0.3560046851634979,-0.4414539337158203
3.921071860237385,0.5657565985455774,349.02292188336287,178.24916422389293,-0.9335296750068665,-0.33858078718185425,-0.36861640214920044
3.7859150618175352,0.5658685006840781,348.01293079424505,178.24916422389293,-1.2112390995025635,-0.36380770802497864,-0.4965652823448181
3.8052147878243394,0.5629641591593308,348.0359176866664,178.24916422389293,-1.1787869930267334,-0.3656981587409973,-0.4754958152770996
4.086422922840872,0.5613442751195644,350.051424793558,178.24916422389293,-0.8908901214599609,-0.3401086926460266,-0.3517698049545288
4.0351480062185345,0.5684936784397995,350.03571246374275,178.24916422389293,-0.9445355534553528,-0.3413149416446686,-0.36364519596099854
4.189212500849274,0.5687704616947894,349.05157212079706,178.24916422389293,-1.207511067390442,-0.3491092324256897,-0.4882113039493561
3.8818020423936725,0.5682177719455818,351.02279128284533,178.26239137890255,-0.8482016324996948,-0.31756168603897095,-0.33071109652519226
3.757329501404438,0.5668490230820067,350.051424793558,178.26239137890255,-1.4183926582336426,-0.5118095278739929,-0.5233914256095886
3.3250420768346105,0.5617706500030177,353.0509878190401,177.82921888702086,-0.7989467978477478,-0.33476442098617554,-0.31060710549354553
3.622394436920874,0.5636918279447138,351.0697936308392,177.39616806170005,-1.214972734451294,-0.3440370559692383,-0.44398388266563416
4.045299899911975,0.5638224491850333,352.05113264978996,177.82921888702086,-0.8131229281425476,-0.31406787037849426,-0.2750508189201355
4.231789218711846,0.5631023273702168,349.02292188336287,177.82921888702086,-1.4036574363708496,-0.48683542013168335,-0.478814035654068
4.0351480062185345,0.5684936784397995,350.03571246374275,177.82921888702086,-0.9363492727279663,-0.41363725066185,-0.3739550709724426
4.014996158253711,0.5713434860725389,350.03571246374275,177.82921888702086,-0.8812187910079956,-0.3561020493507385,-0.3532259464263916
4.137180019865159,0.5726959765157437,351.0128202786901,177.81268711724795,-0.8577353358268738,-0.3566679358482361,-0.3235520124435425
4.343998088069197,0.5691420722689592,348.01293079424505,178.24916422389293,-1.2635314464569092,-0.39921844005584717,-0.4603845477104187
4.322204699236412,0.5720262109215279,348.0014367786432,178.24916422389293,-1.127145528793335,-0.3969021737575531,-0.44413360953330994
4.354977290035043,0.5776808826738902,342.0058479032193,178.24916422389293,-1.355728030204773,-0.47637295722961426,-0.5190222263336182
4.87125670756237,0.5786767741667687,346.0014450836875,178.24916422389293,-0.9139092564582825,-0.4025796055793762,-0.3774813413619995
4.322204699236412,0.5753326932616721,346.0014450836875,178.24916422389293,-1.419658899307251,-0.5121122002601624,-0.5580042600631714
4.168243424845116,0.5717028373606391,349.0057306119772,177.81268711724795,-0.9339185953140259,-0.4166627526283264,-0.38494667410850525
3.8818020423936725,0.5715017573259538,349.0057306119772,177.81268711724795,-1.234493613243103,-0.4380050599575043,-0.5030919313430786
3.891545635732093,0.5700794300664721,349.0014326618159,178.24916422389293,-0.9822098612785339,-0.3946170508861542,-0.43005600571632385
3.729172066635286,0.5712065532600036,350.0014285685131,178.24916422389293,-0.9827241897583008,-0.3650742769241333,-0.41403573751449585
3.417552525345137,0.5720302261848268,352.00568177232594,178.24916422389293,-0.8932806253433228,-0.35531800985336304,-0.3647851347923279
3.417552525345137,0.5720302261848268,352.00568177232594,177.81268711724795,-0.9609555006027222,-0.3633173704147339,-0.3764895498752594
3.7198797385549387,0.5726250913866731,350.0057142390678,177.81268711724795,-0.9090571403503418,-0.3433554768562317,-0.33419084548950195
3.872107076520614,0.5729381771180783,349.0014326618159,177.81268711724795,-1.0452359914779663,-0.34722697734832764,-0.40924638509750366
3.300112098359309,0.572579821955975,349.0014326618159,177.81268711724795,-1.3683342933654785,-0.45289158821105957,-0.5050324201583862
3.157014299624587,0.5708634626190046,350.0014285685131,177.81268711724795,-0.8439174890518188,-0.35362303256988525,-0.3101294934749603
3.586193165559629,0.5694883436259462,351.00142449853394,177.81268711724795,-1.1393887996673584,-0.35587218403816223,-0.42235952615737915
3.7106335726835407,0.570796002893197,352.00142045167945,177.81268711724795,-0.7730015516281128,-0.26790106296539307,-0.26699310541152954
3.7198797385549387,0.5693716450715945,352.00568177232594,177.81268711724795,-1.188791275024414,-0.312855064868927,-0.45015811920166016
4.268664802488425,0.5726013364314245,352.00568177232594,178.26239137890255,-0.8473960161209106,-0.3072514832019806,-0.2997187674045563
4.5519845629888795,0.5728197588275235,352.00568177232594,178.26239137890255,-1.2134263515472412,-0.38036277890205383,-0.4519689679145813
4.399453821441501,0.5757676746589915,351.00142449853394,178.26239137890255,-0.8736069798469543,-0.3268359303474426,-0.34728240966796875
4.5519845629888795,0.5760929080081912,350.0057142390678,178.24916422389293,-1.4164748191833496,-0.5144929885864258,-0.5117103457450867
4.106575657473794,0.5737011363855844,353.0056656769123,178.26239137890255,-0.9023017883300781,-0.4006067216396332,-0.3565058410167694
3.8433103366703842,0.5706513181807917,353.02266216207704,178.26239137890255,-0.8967192769050598,-0.3605270981788635,-0.3622356951236725
4.066466524411268,0.5793523693989078,353.0056656769123,178.26239137890255,-0.9247471690177917,-0.3568580150604248,-0.37067216634750366
4.658960691975656,0.5820924414197285,349.03581478123414,178.24916422389293,-1.3998476266860962,-0.4782632887363434,-0.5000848174095154
4.787686608608205,0.5819922176618428,350.0228563965502,178.24916422389293,-0.8799259066581726,-0.35692688822746277,-0.33156660199165344
5.080255566297296,0.584169171292672,348.01293079424505,177.81268711724795,-1.350785493850708,-0.4578316807746887,-0.47455525398254395
4.775981082588367,0.5867852040124394,348.01293079424505,177.81268711724795,-0.8260151147842407,-0.3171083331108093,-0.2940654456615448
4.7994495444006295,0.5839217707637436,348.01293079424505,178.24916422389293,-1.1374504566192627,-0.34995242953300476,-0.4469124674797058
4.356397876612733,0.5814301609658521,351.0128202786901,178.24916422389293,-0.7897418737411499,-0.2980806827545166,-0.27547577023506165
4.3778201391573175,0.578589530686981,351.0128202786901,178.24916422389293,-0.975927472114563,-0.3345160186290741,-0.3728480637073517
3.9363602225532106,0.5794330341441427,352.035509572543,178.24916422389293,-0.8934106826782227,-0.3360247015953064,-0.34813761711120605
3.9363602225532106,0.5794330341441427,352.035509572543,178.24916422389293,-0.8281475901603699,-0.3292604982852936,-0.29204219579696655
4.216433418273766,0.5829464504268548,350.03571246374275,178.24916422389293,-1.0967658758163452,-0.3402922749519348,-0.40878915786743164
4.356397876612733,0.584723492402465,349.03581478123414,178.24916422389293,-1.009807825088501,-0.33346956968307495,-0.4098922312259674
4.624863118405283,0.5830567021245051,351.02279128284533,178.24916422389293,-0.9120591878890991,-0.34679561853408813,-0.37048694491386414
4.624863118405283,0.5830567021245051,351.02279128284533,178.24916422389293,-1.350961685180664,-0.4546244740486145,-0.5118738412857056
4.206139960206292,0.5810725024340015,352.0227265390688,178.24916422389293,-0.7998051047325134,-0.3380110263824463,-0.279973566532135
4.388610358117106,0.577152851288895,351.02279128284533,178.24916422389293,-1.4699673652648926,-0.5301116704940796,-0.5163936018943787
4.237172029419747,0.5768392634991402,352.0127838587684,178.24916422389293,-0.8281909823417664,-0.35559651255607605,-0.2873575687408447
4.237172029419747,0.5768392634991402,352.0127838587684,178.24916422389293,-1.1547096967697144,-0.3624778985977173,-0.40530163049697876
4.356397876612733,0.5781361776888136,353.01274764518064,178.24916422389293,-0.8527752161026001,-0.3401772379875183,-0.30063754320144653
4.367082774182394,0.579993360175089,351.02279128284533,178.68559362792217,-1.1454435586929321,-0.3604956567287445,-0.46174415946006775
4.345765063621882,0.5795601032458677,353.0056656769123,178.68559362792217,-0.8113347887992859,-0.3103194236755371,-0.30060452222824097
4.086422782104761,0.5765267175632411,353.0056656769123,178.24916422389293,-1.186597466468811,-0.3473283350467682,-0.48568305373191833
4.226777317701304,0.5782674620062874,352.00568177232594,178.24916422389293,-0.8404827117919922,-0.277130126953125,-0.3376963436603546
4.216433418273766,0.579672345617187,352.0127838587684,178.68559362792217,-0.8436493873596191,-0.29635900259017944,-0.31095999479293823
4.106575657473794,0.5769699828904831,351.0056979594491,178.68559362792217,-0.8527718782424927,-0.3052443265914917,-0.32102423906326294
4.24761792799952,0.5787224500383701,350.0057142390678,178.68559362792217,-1.2881489992141724,-0.4433770179748535,-0.4466831088066101
4.086422782104761,0.5798210760986975,351.0,178.68559362792217,-0.9681693315505981,-0.4257192611694336,-0.40528860688209534
3.8055738817327915,0.5796250593331909,351.0,178.68559362792217,-1.4439160823822021,-0.5245514512062073,-0.5747413635253906
3.7962551818091383,0.5810440707586001,351.00142449853394,178.26239137890255,-0.8269446492195129,-0.3443939685821533,-0.2959495782852173
3.8149384072315615,0.5782013586405846,351.00142449853394,178.26239137890255,-1.0314573049545288,-0.3475573658943176,-0.366575688123703
4.086422782104761,0.5798116637245134,351.0056979594491,178.68559362792217,-0.8691765666007996,-0.3215775191783905,-0.3043188750743866
4.096474461762376,0.578379078366425,351.0128202786901,178.68559362792217,-0.8812769651412964,-0.3365055322647095,-0.3467504382133484
4.81127031229304,0.5791830965313259,350.0,178.68559362792217,-0.8299476504325867,-0.3389301300048828,-0.2864077687263489
4.670438357317507,0.5807242556636775,349.0,178.24916422389293,-1.3275787830352783,-0.4460674226284027,-0.46056634187698364
4.7994495444006295,0.5806042781953795,350.0014285685131,178.68559362792217,-0.8839343786239624,-0.4009336531162262,-0.31446048617362976
4.9642685564208895,0.5762326967192722,351.00142449853394,178.26239137890255,-1.3311645984649658,-0.4764237403869629,-0.4968107342720032
4.927777794819361,0.5804926310800506,351.0,178.69550969462102,-1.0751612186431885,-0.39449504017829895,-0.46037277579307556
4.787686608608205,0.58203022407578,350.0,178.68559362792217,-0.8333078622817993,-0.30836203694343567,-0.31328269839286804
4.27926654613891,0.5744556946000308,350.0014285685131,178.69550969462102,-1.0398194789886475,-0.34567752480506897,-0.37518414855003357
4.258115391694753,0.5740247879571062,352.00142045167945,179.12814671290002,-0.8297542333602905,-0.3298036456108093,-0.27703291177749634
4.518416961894361,0.5770747017294254,352.00142045167945,179.12814671290002,-1.0296605825424194,-0.3370228409767151,-0.36822208762168884
4.356397876612733,0.5781361776888136,353.01274764518064,179.12814671290002,-0.8415526151657104,-0.31997939944267273,-0.3046354353427887
4.345765063621882,0.5795601032458677,353.0056656769123,179.12814671290002,-0.8214155435562134,-0.3144384026527405,-0.2853917181491852
4.529551107018092,0.5756610000339631,352.0,179.12814671290002,-1.1810715198516846,-0.3845142722129822,-0.4345417022705078
4.540740171909207,0.5775240341850271,350.0014285685131,179.12814671290002,-1.2033522129058838,-0.3960655927658081,-0.45944666862487793
4.540740171909207,0.5775240341850271,350.0014285685131,179.12814671290002,-1.337486982345581,-0.47251206636428833,-0.5128201246261597
4.24761792799952,0.5754064985139489,352.0227265390688,178.26239137890255,-0.8780214190483093,-0.3730786442756653,-0.3437740206718445
3.965485414148305,0.5784895558513933,350.0228563965502,178.24916422389293,-1.4273439645767212,-0.5117642283439636,-0.528167724609375
3.985142602295106,0.5756394704683523,350.0228563965502,178.26239137890255,-0.8345421552658081,-0.36490508913993835,-0.30262526869773865
3.872107076520614,0.5729193626502065,349.0128937446294,178.26239137890255,-1.302038550376892,-0.4349571764469147,-0.45636534690856934
3.729172066635286,0.5744703485274634,348.01293079424505,178.26239137890255,-0.8753691911697388,-0.3118680417537689,-0.3364045023918152
3.729172066635286,0.5744703485274634,348.01293079424505,178.24916422389293,-0.904932975769043,-0.32068467140197754,-0.341240257024765
3.729172066635286,0.5744703485274634,348.01293079424505,178.24916422389293,-0.8487128019332886,-0.3270607590675354,-0.3118261992931366
3.460466811002494,0.5714224140499882,348.01293079424505,178.24916422389293,-1.4126074314117432,-0.5321373343467712,-0.5261520147323608
3.460466811002494,0.5714224140499882,348.01293079424505,177.82921888702086,-0.7673096656799316,-0.35326093435287476,-0.2667374908924103
3.393400827709425,0.560059224927197,347.0,178.26239137890255,-1.3349615335464478,-0.4488399028778076,-0.4633045792579651
3.393400827709425,0.5568497164840884,349.0,178.26239137890255,-0.8906904458999634,-0.39225295186042786,-0.33399873971939087
4.002041978323277,0.557554967094823,347.0,178.26239137890255,-1.347885012626648,-0.47732090950012207,-0.5034705400466919
3.9611435821240413,0.563304750798771,347.0,178.26239137890255,-0.9204186201095581,-0.38860490918159485,-0.3693166971206665
3.981487858210337,0.5604298232386481,347.0,178.26239137890255,-1.3281874656677246,-0.4458273947238922,-0.49421507120132446
3.622394436920874,0.5670325539791174,349.0014326618159,178.26239137890255,-0.9448798894882202,-0.3792281448841095,-0.3751984238624573
3.7668099730751736,0.5687545055504728,348.0014367786432,178.26239137890255,-1.4077668190002441,-0.49982351064682007,-0.5496125221252441
3.172875805192834,0.5712750887777035,348.0014367786432,178.24916422389293,-0.8865906000137329,-0.34148943424224854,-0.3522222638130188
3.460466811002494,0.568175935314441,350.0014285685131,178.26239137890255,-1.113891839981079,-0.3514435291290283,-0.4317317605018616
3.460466811002494,0.568175935314441,350.0014285685131,178.26239137890255,-0.8813788294792175,-0.30477315187454224,-0.32554662227630615
3.631559177205906,0.5688650566936697,347.0,178.26239137890255,-1.2882546186447144,-0.40445762872695923,-0.4420076906681061
3.333435963438999,0.5668587797447621,349.0014326618159,178.26239137890255,-0.9712889790534973,-0.3789946734905243,-0.37962597608566284
3.3503514898653313,0.5639983316839758,349.0014326618159,178.26239137890255,-1.374828577041626,-0.4685254991054535,-0.5167428255081177
3.3588737785226956,0.5625611983026331,349.0057306119772,177.82921888702086,-1.04200279712677,-0.40120553970336914,-0.44293683767318726
3.3418723268557318,0.5654215863875196,349.0057306119772,177.82921888702086,-0.8694754838943481,-0.35304373502731323,-0.33851948380470276
3.3588737785226956,0.5625611983026331,349.0057306119772,178.26239137890255,-1.2120577096939087,-0.3808761537075043,-0.4352812170982361
3.1888974918988895,0.5651579542465902,350.0014285685131,178.26239137890255,-1.1360752582550049,-0.3548358678817749,-0.42764225602149963
3.1969691623206726,0.5637247022090747,350.0057142390678,178.26239137890255,-1.286625623703003,-0.42876744270324707,-0.5114648938179016
3.333435963438999,0.5604355026568673,353.00141642775316,177.82921888702086,-0.7801368832588196,-0.33006685972213745,-0.2512715756893158
3.486736425702522,0.5606964297492735,352.0,177.82921888702086,-1.2892723083496094,-0.4580696225166321,-0.4844438433647156
3.172875805192834,0.561592538112862,354.0014124265608,178.69550969462102,-0.8726264834403992,-0.32862186431884766,-0.3561103343963623
3.460466811002494,0.5649476890927271,352.00142045167945,178.26239137890255,-1.3656870126724243,-0.45267924666404724,-0.524807333946228
3.460466811002494,0.5649476890927271,352.00142045167945,178.26239137890255,-0.8192241787910461,-0.30180543661117554,-0.3074767291545868
3.891545635732093,0.5668311406762099,351.00142449853394,178.26239137890255,-1.345177412033081,-0.4254198968410492,-0.4583684802055359
3.604202951357179,0.5666449563054085,351.00142449853394,178.26239137890255,-0.7710858583450317,-0.28283384442329407,-0.2579914629459381
3.757329501404438,0.5701811244063365,348.0057470789814,178.26239137890255,-1.396965503692627,-0.4596858620643616,-0.5148080587387085
3.316690347495935,0.5632635863566426,353.00141642775316,178.26239137890255,-0.8807271122932434,-0.41602787375450134,-0.329923540353775
3.2050817951469135,0.5591103763089871,352.00142045167945,178.26239137890255,-1.2956562042236328,-0.4261666238307953,-0.49445098638534546
3.477935701475292,0.5621119946205003,352.00142045167945,178.26239137890255,-0.8047758936882019,-0.31002095341682434,-0.2758132517337799
3.921071860237385,0.5657844664982867,349.0057306119772,178.26239137890255,-1.40755295753479,-0.47701239585876465,-0.47877955436706543
3.9510491357099555,0.5615035908083541,349.0014326618159,178.26239137890255,-1.027130126953125,-0.3927013874053955,-0.41335421800613403
3.911180172986741,0.5672021226067491,349.0128937446294,177.82921888702086,-1.2312840223312378,-0.3956291973590851,-0.48647409677505493
3.3250420768346105,0.5682820237851758,349.0057306119772,177.82921888702086,-0.8253854513168335,-0.3110947906970978,-0.3093595504760742
3.3250420768346105,0.5682820237851758,349.0057306119772,178.26239137890255,-1.06905996799469,-0.31575673818588257,-0.4236551821231842
3.8818020423936725,0.5715017573259538,349.0057306119772,178.26239137890255,-0.9056576490402222,-0.31886252760887146,-0.35839980840682983
3.7478965968541162,0.5683369416828499,350.0128569067142,178.26239137890255,-1.0653266906738281,-0.33453279733657837,-0.4272278845310211
3.451797981870461,0.5663312767518337,352.0227265390688,178.26239137890255,-0.9606741070747375,-0.3196083903312683,-0.36436933279037476
3.451797981870461,0.5663312767518337,352.0227265390688,178.24916422389293,-0.8187173008918762,-0.30419209599494934,-0.30698201060295105
3.8818020423936725,0.5618161355711841,355.0225344960514,178.68559362792217,-0.845923125743866,-0.31259530782699585,-0.3055182695388794
4.27926654613891,0.5679465938852178,354.0127116361784,178.24916422389293,-0.9059368968009949,-0.32934704422950745,-0.3477831780910492
4.014996158253711,0.5649249804929889,354.0127116361784,178.24916422389293,-1.200906753540039,-0.37326014041900635,-0.4758397936820984
4.776335057818803,0.5646176720802737,351.0128202786901,178.24916422389293,-0.9259138107299805,-0.34719184041023254,-0.3810672461986542
3.9410059585429043,0.5629259223143539,349.0057306119772,178.24916422389293,-1.262723684310913,-0.42400771379470825,-0.4910820424556732
3.921071860237385,0.5625698606904754,351.0,178.24916422389293,-1.010630488395691,-0.397634893655777,-0.4046999514102936
4.076064068220823,0.5628494051591898,350.0014285685131,178.24916422389293,-1.261364221572876,-0.43571552634239197,-0.49882346391677856
4.055502949550938,0.5656993487222474,350.0014285685131,178.24916422389293,-1.2006148099899292,-0.4237610399723053,-0.4681498408317566
2.8997138891918994,0.5682534065604572,348.0014367786432,178.24916422389293,-1.5107295513153076,-0.568720281124115,-0.5913021564483643
2.762049552130947,0.5651258662847999,349.0,178.24916422389293,-0.9116588830947876,-0.3961426913738251,-0.37151336669921875
3.08325015146626,0.5595486737379964,349.0,177.84550224055982,-1.327264428138733,-0.44397372007369995,-0.48615726828575134
3.2132357025579905,0.5608812292316409,350.0,177.82921888702086,-0.7949130535125732,-0.28465819358825684,-0.27661189436912537
3.393400827709425,0.5568497164840884,349.0,178.26239137890255,-1.3502660989761353,-0.4212955832481384,-0.40884527564048767
3.107088241557376,0.5584549540913664,347.0014409191985,178.24916422389293,-0.8759347796440125,-0.31158447265625,-0.35335618257522583
3.107088241557376,0.5584549540913664,347.0014409191985,178.24916422389293,-1.2365771532058716,-0.41553983092308044,-0.4395736753940582
3.271495643457646,0.5572636523776353,346.0014450836875,178.24916422389293,-1.204501748085022,-0.4043406844139099,-0.4519962668418884
3.5496105115897914,0.560320594447518,346.0014450836875,178.24916422389293,-1.0172752141952515,-0.39555394649505615,-0.4271025061607361
3.540490092664438,0.5617652576161389,346.0,178.24916422389293,-1.2474279403686523,-0.41493454575538635,-0.4832647740840912
2.9443268238159694,0.5596439514519664,348.0014367786432,178.24916422389293,-1.0105063915252686,-0.3949233293533325,-0.40827783942222595
2.9443268238159694,0.5596439514519664,348.0014367786432,178.24916422389293,-1.293088674545288,-0.4379444122314453,-0.45678433775901794
3.834535866892266,0.5555287959543237,350.0,178.24916422389293,-1.2264434099197388,-0.400380939245224,-0.43653860688209534
3.678086966493092,0.5552719815141042,351.00142449853394,178.24916422389293,-1.2047926187515259,-0.4004218578338623,-0.46205753087997437
3.5314163992985437,0.5536052313180164,352.00142045167945,178.24916422389293,-1.003846526145935,-0.34360045194625854,-0.42910653352737427
3.3503514898653313,0.5576074673435704,353.00141642775316,178.24916422389293,-0.8757023811340332,-0.3496812880039215,-0.3435218036174774
3.513407762430578,0.5596204005397559,350.0014285685131,178.24916422389293,-1.3729530572891235,-0.48880138993263245,-0.49439162015914917
3.7859150618175352,0.562653575946411,350.0014285685131,178.24916422389293,-0.9192201495170593,-0.40078192949295044,-0.3869917690753937
3.486736425702522,0.5638912030268776,350.0057142390678,178.24916422389293,-1.4204599857330322,-0.5331343412399292,-0.5598074197769165
3.333435963438999,0.5636288414889523,351.00142449853394,178.24916422389293,-0.9199347496032715,-0.37929806113243103,-0.36234351992607117
3.08325015146626,0.5563603622158093,351.0,178.24916422389293,-1.1318495273590088,-0.3675794005393982,-0.4199759066104889
3.477935701475292,0.5621119946205003,352.00142045167945,178.68559362792217,-0.8053575754165649,-0.31204673647880554,-0.28922754526138306
3.7668099730751736,0.5622914386492501,352.00142045167945,178.68559362792217,-1.1429388523101807,-0.36001700162887573,-0.4465819001197815
3.7859150618175352,0.5594567065125134,352.00142045167945,178.68559362792217,-0.8887354135513306,-0.3461732268333435,-0.3410035967826843
3.931013661715416,0.5611464234129923,351.00142449853394,178.24916422389293,-1.2009806632995605,-0.39424023032188416,-0.430853933095932
3.6500284034763517,0.559529925121615,351.0056979594491,178.24916422389293,-1.232539176940918,-0.40387266874313354,-0.5029484033584595
3.9510491357099555,0.5583041662011475,351.00142449853394,178.24916422389293,-1.0147128105163574,-0.40032172203063965,-0.4284820556640625
3.82471213554596,0.5601527523034852,348.0014367786432,178.24916422389293,-1.3030697107315063,-0.4641096591949463,-0.4911579191684723
4.171226301811865,0.5563772353480724,346.0057802985378,178.67552479494967,-1.5137494802474976,-0.5544120669364929,-0.556460440158844
4.456341875430901,0.5580425554053757,346.0014450836875,178.67552479494967,-1.3976293802261353,-0.48776331543922424,-0.5388311743736267
4.308415874824439,0.5563242918997254,347.0014409191985,178.67552479494967,-1.1192339658737183,-0.44937771558761597,-0.4422062039375305
4.012398745227027,0.5561152568788167,347.0014409191985,178.67552479494967,-1.4495710134506226,-0.5446823239326477,-0.5712260007858276
3.5314163992985437,0.5567686640230756,350.0014285685131,178.68559362792217,-0.8713170289993286,-0.377776563167572,-0.3459174633026123
3.099101358133785,0.5535065164740804,351.0056979594491,178.68559362792217,-1.0425599813461304,-0.39275747537612915,-0.4327365458011627
3.6875358685654986,0.5538436830441091,351.0056979594491,178.68559362792217,-0.7724978923797607,-0.31171756982803345,-0.24072763323783875
3.6875358685654986,0.5538436830441091,351.0056979594491,178.68559362792217,-1.158282995223999,-0.3417600095272064,-0.35553908348083496
3.6875358685654986,0.5538436830441091,351.0056979594491,178.68559362792217,-0.9200976490974426,-0.3313429355621338,-0.32441386580467224
3.6686863332190645,0.5566867742488292,351.0056979594491,178.68559362792217,-1.0026191473007202,-0.3486649990081787,-0.3637372851371765
3.6686863332190645,0.5566867742488292,351.0056979594491,178.68559362792217,-1.0210907459259033,-0.3810819983482361,-0.37400323152542114
3.6593336004126606,0.5580970178375787,351.0128202786901,178.68559362792217,-1.1992809772491455,-0.3949294686317444,-0.4660610556602478
3.6500284034763517,0.559529925121615,351.0056979594491,178.24916422389293,-0.8392745852470398,-0.3508926033973694,-0.3051864802837372
3.6875358685654986,0.5538436830441091,351.0056979594491,178.24916422389293,-1.4501112699508667,-0.5198044180870056,-0.5087851285934448
2.1817705271180743,0.5553227766020845,355.0056337581138,178.68559362792217,-0.8625375628471375,-0.3661496937274933,-0.34019291400909424
2.497249144910818,0.552896991784089,353.02266216207704,178.68559362792217,-1.2341794967651367,-0.365751713514328,-0.4269474446773529
2.769060705769131,0.5572872665040175,353.01274764518064,178.68559362792217,-0.8114352226257324,-0.3228120803833008,-0.27994877099990845
2.9367962205380023,0.5546962775142364,352.00568177232594,178.68559362792217,-1.3995503187179565,-0.4912545084953308,-0.5236655473709106
3.5314163992985437,0.5567686640230756,350.0014285685131,178.68559362792217,-1.23759925365448,-0.4752115309238434,-0.482788622379303
3.5314163992985437,0.5567686640230756,350.0014285685131,178.68559362792217,-1.1171329021453857,-0.4484618604183197,-0.43887266516685486
3.540490092664438,0.5553360166252895,350.0057142390678,178.68559362792217,-1.1671768426895142,-0.43503546714782715,-0.4610244333744049
3.678086966493092,0.5584540298470705,349.0014326618159,178.68559362792217,-0.9853556752204895,-0.3964138925075531,-0.4137948453426361
3.82471213554596,0.5601527523034852,348.0014367786432,178.24916422389293,-1.351482629776001,-0.5013728737831116,-0.5327318906784058
3.834535866892266,0.5587214901747719,348.0,178.24916422389293,-1.1743637323379517,-0.42961829900741577,-0.5187286138534546
3.99173848573701,0.555786709885636,349.0014326618159,178.24916422389293,-1.1799248456954956,-0.4040236473083496,-0.5015431642532349
3.99173848573701,0.555786709885636,349.0014326618159,178.24916422389293,-0.9204273223876953,-0.34864169359207153,-0.3698633313179016
3.981487858210337,0.5572090415994959,349.0057306119772,178.24916422389293,-1.1189863681793213,-0.3805561661720276,-0.4308205246925354
3.99173848573701,0.555786709885636,349.0014326618159,178.24916422389293,-1.1722090244293213,-0.3815686106681824,-0.45506247878074646
3.99173848573701,0.555786709885636,349.0014326618159,178.24916422389293,-1.2209186553955078,-0.39537009596824646,-0.4704451560974121
3.99173848573701,0.555786709885636,349.0014326618159,178.24916422389293,-0.883660614490509,-0.35890790820121765,-0.32341593503952026
3.99173848573701,0.555786709885636,349.0014326618159,178.24916422389293,-1.3492475748062134,-0.4731140732765198,-0.46073031425476074
2.643792766561321,0.551433845391343,354.0,177.82921888702086,-0.7709338068962097,-0.3105540871620178,-0.2897584140300751
3.1151164000674982,0.550670684263746,351.0,177.82921888702086,-1.5155781507492065,-0.5481559038162231,-0.5194215774536133
3.263043800858529,0.5523234765484706,350.0,177.82921888702086,-0.8981097936630249,-0.3674837350845337,-0.35656511783599854
3.7258216648048146,0.5544762951828023,347.00576364089403,177.82921888702086,-1.4105406999588013,-0.47488608956336975,-0.4910045564174652
4.1283896624573355,0.558911741361478,348.0057470789814,178.26239137890255,-0.9309563636779785,-0.40631794929504395,-0.3609910011291504
4.1283896624573355,0.558911741361478,348.0057470789814,178.26239137890255,-1.4605213403701782,-0.5081391334533691,-0.5176820158958435
4.1283896624573355,0.5589209715623746,348.0,177.82921888702086,-0.8532220721244812,-0.3507140278816223,-0.3277806043624878
3.678086966493092,0.5584540298470705,349.0014326618159,178.26239137890255,-1.0450162887573242,-0.3570893704891205,-0.39968618750572205
3.486736425702522,0.5638635867966773,350.0228563965502,178.69550969462102,-1.0584837198257446,-0.36855441331863403,-0.4121212363243103
3.776338371966549,0.5608401180198676,352.0227265390688,178.69550969462102,-0.827248752117157,-0.3054507374763489,-0.2995277941226959
3.7478965968541162,0.5651079897344835,352.0127838587684,178.69550969462102,-0.9241455793380737,-0.3321989178657532,-0.3169536590576172
3.640770381498162,0.5609401405135733,351.0128202786901,178.24916422389293,-1.279748558998108,-0.35876578092575073,-0.47366809844970703
3.477935701475292,0.5620938489516519,352.0127838587684,178.24916422389293,-1.0346753597259521,-0.35061487555503845,-0.4627877175807953
3.2050817951469135,0.5590923275360818,352.0127838587684,178.24916422389293,-1.226609230041504,-0.37606194615364075,-0.5094348192214966
3.2132357025579905,0.5576854022522303,352.00568177232594,178.68559362792217,-1.2763029336929321,-0.3919816315174103,-0.5147215127944946
3.229668605781848,0.5548490252938679,352.00568177232594,178.68559362792217,-0.9248937368392944,-0.362676203250885,-0.3635575771331787
3.3760490536279435,0.5565117854417871,351.0056979594491,178.68559362792217,-1.1952104568481445,-0.4012005925178528,-0.4353107511997223
3.6500284034763517,0.5563598859612464,353.0056656769123,178.68559362792217,-1.0949485301971436,-0.4052526354789734,-0.41975054144859314
3.9510491357099555,0.5614851518358942,349.0128937446294,178.68559362792217,-1.3958754539489746,-0.47856584191322327,-0.5078438520431519
3.504472114563768,0.5578517988448091,352.00568177232594,178.24916422389293,-0.7933231592178345,-0.32187145948410034,-0.25959646701812744
3.7955404100518515,0.5580326084300984,352.00568177232594,178.24916422389293,-1.3838658332824707,-0.47812360525131226,-0.4753901958465576
3.6500284034763517,0.559529925121615,351.0056979594491,178.24916422389293,-0.9150532484054565,-0.3689456284046173,-0.35894590616226196
4.086422922840872,0.5614175863740909,350.0057142390678,178.24916422389293,-1.1264493465423584,-0.3733942210674286,-0.4259505271911621
4.086422922840872,0.5614175863740909,350.0057142390678,178.24916422389293,-0.9945650100708008,-0.3710870146751404,-0.4028865694999695
3.776338371966549,0.5608672749365298,352.00568177232594,178.24916422389293,-0.8265479803085327,-0.32853713631629944,-0.29769235849380493
3.7065799713807617,0.5541308505926432,349.02292188336287,178.68559362792217,-1.3545600175857544,-0.45254963636398315,-0.522589921951294
4.264293335369557,0.5556484769699606,351.0128202786901,178.68559362792217,-1.046756386756897,-0.43794140219688416,-0.41620463132858276
4.410715211329493,0.5573439497315869,350.0128569067142,178.24916422389293,-1.4720814228057861,-0.5309712886810303,-0.5560359954833984
3.971289690660048,0.5554439446776095,351.0128202786901,178.24916422389293,-0.8657490015029907,-0.36837607622146606,-0.34126123785972595
3.971289690660048,0.5554439446776095,351.0128202786901,178.24916422389293,-1.1773830652236938,-0.3786240220069885,-0.4193236827850342
3.52238907387967,0.5581603536269651,350.0228563965502,178.24916422389293,-0.8294929265975952,-0.34155261516571045,-0.3045502305030823
3.678086966493092,0.5552539543736562,351.0128202786901,178.24916422389293,-1.268661618232727,-0.4353894293308258,-0.43637195229530334
3.3674395222000437,0.5579224784289749,351.0128202786901,178.24916422389293,-0.8846805691719055,-0.33267661929130554,-0.34249332547187805
3.3674395222000437,0.5579224784289749,351.0128202786901,178.24916422389293,-1.1777715682983398,-0.3791765570640564,-0.4170409142971039
3.513407762430578,0.5564228023229412,352.0127838587684,178.24916422389293,-0.9277234077453613,-0.37279704213142395,-0.35110506415367126
3.640770381498162,0.5609583522644601,351.00142449853394,178.24916422389293,-1.1122043132781982,-0.38377732038497925,-0.40178507566452026
3.3588737785226956,0.559355825766246,351.0056979594491,178.24916422389293,-1.3636199235916138,-0.44331759214401245,-0.5404314398765564
3.5314163992985437,0.5567504848606577,350.0128569067142,178.24916422389293,-1.0933265686035156,-0.402910053730011,-0.4583219587802887
3.513407762430578,0.5564228023229412,352.0127838587684,178.24916422389293,-0.9158609509468079,-0.35031944513320923,-0.32810625433921814
3.9510491357099555,0.5582860406195373,351.0128202786901,178.24916422389293,-0.927086353302002,-0.35753828287124634,-0.3513323962688446
3.7955404100518515,0.5580326084300984,352.00568177232594,178.24916422389293,-0.9344547986984253,-0.36027729511260986,-0.34319692850112915
4.117817465474904,0.5571497389089746,350.0014285685131,178.2357335457582,-1.4233591556549072,-0.4737792909145355,-0.5204386711120605
3.8444101506693835,0.554083075717604,350.0128569067142,178.2357335457582,-0.9086912870407104,-0.35089224576950073,-0.40182819962501526
4.002041978323277,0.5543507072100445,349.0057306119772,179.11485109206725,-1.0332640409469604,-0.3596992790699005,-0.40251603722572327
3.091155432717537,0.5549356745556739,351.00142449853394,179.11485109206725,-1.0083515644073486,-0.35402029752731323,-0.4182318150997162
3.263043800858529,0.55231445924318,350.0057142390678,178.67552479494967,-1.2865121364593506,-0.3948810398578644,-0.522291362285614
3.263043800858529,0.55231445924318,350.0057142390678,178.67552479494967,-0.9439399838447571,-0.3756102919578552,-0.3637469410896301
3.4197654131658712,0.5525388988717304,349.0128937446294,178.67552479494967,-1.2022770643234253,-0.38420408964157104,-0.4491996169090271
3.71617592788362,0.5527171635871848,349.0128937446294,178.67552479494967,-1.1286771297454834,-0.39312392473220825,-0.4412601590156555
3.71617592788362,0.5527171635871848,349.0128937446294,178.67552479494967,-1.2409038543701172,-0.4151886999607086,-0.4670252203941345
3.697033411547804,0.5555763965978431,349.0128937446294,178.24916422389293,-0.9204403758049011,-0.3858661949634552,-0.34756842255592346
3.697033411547804,0.5555763965978431,349.0128937446294,178.24916422389293,-1.1974008083343506,-0.4182954430580139,-0.459850549697876
3.540490092664438,0.5553360166252895,350.0057142390678,178.24916422389293,-0.8878054618835449,-0.35884231328964233,-0.3465511202812195
3.697033411547804,0.5555763965978431,349.0128937446294,178.24916422389293,-1.2162572145462036,-0.40636390447616577,-0.4722318649291992
3.540490092664438,0.5553360166252895,350.0057142390678,178.68559362792217,-0.8538845181465149,-0.357480525970459,-0.32534492015838623
3.7065799713807617,0.5541672452135277,349.0,178.68559362792217,-1.281237244606018,-0.4337960183620453,-0.4214533269405365
3.71617592788362,0.5527353146220326,349.0014326618159,178.68559362792217,-1.282010793685913,-0.4274037480354309,-0.49670499563217163
3.2546355093720876,0.5506012120750332,352.00142045167945,178.68559362792217,-0.9319741129875183,-0.40718141198158264,-0.3805535137653351
3.393400827709425,0.5536677956680364,351.0056979594491,178.24916422389293,-1.4521293640136719,-0.5410887002944946,-0.5449193716049194
3.099101358133785,0.5535065164740804,351.0056979594491,178.68559362792217,-0.7949007749557495,-0.3479781448841095,-0.29365938901901245
3.091155432717537,0.5549356745556739,351.00142449853394,178.24916422389293,-0.870191216468811,-0.355925977230072,-0.34676027297973633
3.393400827709425,0.5568497164840884,349.0,178.24916422389293,-1.4281452894210815,-0.4993451237678528,-0.5222703814506531
3.0753852037327762,0.5577805445724913,351.00142449853394,177.81268711724795,-0.9037148356437683,-0.32879629731178284,-0.34933534264564514
3.067560282024384,0.5591961870739177,351.0056979594491,177.81268711724795,-1.140838861465454,-0.34569504857063293,-0.4140755236148834
3.640770381498162,0.5609583522644601,351.00142449853394,177.81268711724795,-0.8103544116020203,-0.2620733678340912,-0.27415770292282104
3.6593336004126606,0.5613134786380828,349.0014326618159,177.81268711724795,-1.3823513984680176,-0.4615933299064636,-0.45901069045066833
3.6686863332190645,0.5598860450911326,349.0,177.81268711724795,-0.9065173864364624,-0.3930314779281616,-0.3388058543205261
3.678086966493092,0.5584540298470705,349.0014326618159,177.81268711724795,-1.3951549530029297,-0.4815763831138611,-0.5288081765174866
3.229668605781848,0.5580285983602826,350.0,177.37633834615167,-0.8253823518753052,-0.3337586522102356,-0.29762139916419983
3.540490092664438,0.5585367216621051,348.0,177.81268711724795,-1.419163703918457,-0.4689926207065582,-0.46880897879600525
3.393400827709425,0.5568497164840884,349.0,177.37633834615167,-0.7780473232269287,-0.296885222196579,-0.2730843424797058
3.540490092664438,0.5521808005090263,352.00568177232594,177.81268711724795,-1.0380558967590332,-0.31473931670188904,-0.4368074834346771
3.52238907387967,0.5550162722467809,352.00568177232594,177.81268711724795,-0.8765101432800293,-0.3146044909954071,-0.35273516178131104
3.52238907387967,0.5550162722467809,352.00568177232594,177.81268711724795,-0.9492192268371582,-0.3260882496833801,-0.3776649832725525
3.52238907387967,0.5550162722467809,352.00568177232594,177.81268711724795,-0.9509517550468445,-0.3730909824371338,-0.37936288118362427
3.7065799713807617,0.5541581458860234,349.0057306119772,177.81268711724795,-1.209357500076294,-0.38594019412994385,-0.4594178795814514
3.697033411547804,0.5555946415288848,349.0014326618159,178.24916422389293,-1.1617430448532104,-0.38340482115745544,-0.4479019045829773
3.5496105115897914,0.5571003878226233,348.0014367786432,177.81268711724795,-1.3478639125823975,-0.45772314071655273,-0.49675264954566956
3.402143753006903,0.5586185145745316,347.0014409191985,177.81268711724795,-1.2445284128189087,-0.44159412384033203,-0.4946919083595276
3.4197654131658712,0.5557417844941908,347.0014409191985,177.81268711724795,-1.2703771591186523,-0.44448322057724,-0.49904483556747437
3.4197654131658712,0.5557417844941908,347.0014409191985,177.81268711724795,-0.9772554636001587,-0.41825002431869507,-0.36020106077194214
3.540490092664438,0.5585367216621051,348.0,178.24916422389293,-1.1940715312957764,-0.4187461733818054,-0.4472070634365082
3.099101358133785,0.5598867842862874,347.00576364089403,178.24916422389293,-1.1697967052459717,-0.39314183592796326,-0.47823286056518555
3.246270433707477,0.5615848518150498,346.0057802985378,178.24916422389293,-1.4610720872879028,-0.5089510679244995,-0.5274244546890259
3.6500284034763517,0.5659890256197455,347.0,177.81268711724795,-1.0341954231262207,-0.3974040448665619,-0.40039974451065063
3.333435963438999,0.5668587797447621,349.0014326618159,177.81268711724795,-0.9638153910636902,-0.3650008738040924,-0.36523887515068054
3.678086966493092,0.5616727583980188,347.0014409191985,177.81268711724795,-1.43491530418396,-0.4661235213279724,-0.535884439945221
3.8149385700688194,0.5583795781727664,350.0,177.81268711724795,-0.9511911273002625,-0.37053948640823364,-0.3740684986114502
3.8052147878243394,0.559802708698167,350.0014285685131,177.81268711724795,-1.0093985795974731,-0.35500746965408325,-0.38190144300460815
3.2132357025579905,0.5608812292316409,350.0,177.81268711724795,-1.284240484237671,-0.4113427698612213,-0.5091264843940735
3.067560282024384,0.5592052647867067,351.0,177.81268711724795,-0.8917374610900879,-0.33789169788360596,-0.35011860728263855
3.08325015146626,0.5563603622158093,351.0,177.81268711724795,-1.1759651899337769,-0.3581070303916931,-0.4482842981815338
3.6686863332190645,0.5566958112250584,351.0,177.81268711724795,-1.1612752676010132,-0.361316978931427,-0.4470664858818054
3.3847027089387423,0.555096542434985,351.00142449853394,177.81268711724795,-1.1581933498382568,-0.36191436648368835,-0.445176899433136
3.6875358685654986,0.5538436830441091,351.0056979594491,177.81268711724795,-1.151458501815796,-0.3835006058216095,-0.4649808406829834
3.5314163992985437,0.553587360257985,352.0127838587684,178.24916422389293,-0.914922833442688,-0.3538108468055725,-0.3456088900566101
3.678086966493092,0.5552539543736562,351.0128202786901,177.81268711724795,-0.9391142129898071,-0.35644862055778503,-0.3637757897377014
3.540490092664438,0.5553360166252895,350.0057142390678,178.24916422389293,-1.185562252998352,-0.3890521228313446,-0.45977091789245605
3.5314163992985437,0.5567504848606577,350.0128569067142,177.81268711724795,-1.0901907682418823,-0.3820536732673645,-0.4507502615451813
3.834535866892266,0.5555197263185695,350.0057142390678,177.79590120971528,-0.9344815015792847,-0.368845134973526,-0.3223404884338379
3.981487858210337,0.5572090415994959,349.0057306119772,178.2357335457582,-1.4150774478912354,-0.5068616271018982,-0.5149707794189453
3.9611435821240413,0.5600674469948168,349.0057306119772,178.2357335457582,-0.9165417551994324,-0.3919042944908142,-0.37538015842437744
3.9510491357099555,0.5615035908083541,349.0014326618159,177.81268711724795,-1.4212067127227783,-0.5365720987319946,-0.5356764197349548
2.769060705769131,0.560462461219749,351.0128202786901,177.81268711724795,-0.9971185922622681,-0.35158616304397583,-0.4295089840888977
3.059775081963205,0.560607255502658,351.0128202786901,177.81268711724795,-0.9176095724105835,-0.3318172097206116,-0.37427645921707153
4.333074028979608,0.5673260757609216,350.0057142390678,177.81268711724795,-0.8458576202392578,-0.333044171333313,-0.31200942397117615
4.107299216583152,0.5585677880020394,350.0057142390678,177.37633834615167,-1.2241750955581665,-0.38781142234802246,-0.4839284420013428
3.776338371966549,0.5608763281187804,352.0,177.37633834615167,-0.8898448944091797,-0.3629114031791687,-0.3452169895172119
3.3503514898653313,0.5575895689207063,353.01274764518064,177.81268711724795,-1.5246111154556274,-0.5880927443504333,-0.6148973703384399
3.059775081963205,0.5542910076912625,355.0126758300329,177.82921888702086,-0.7512496709823608,-0.31169646978378296,-0.22067773342132568
3.2132357025579905,0.5545347381293749,354.00564967243105,177.82921888702086,-1.4694632291793823,-0.5114115476608276,-0.5131904482841492
3.059775081963205,0.5542910076912625,355.0126758300329,177.84550224055982,-0.8000283241271973,-0.3219603896141052,-0.2809946835041046
3.3674395222000437,0.554761673508267,353.01274764518064,177.84550224055982,-1.2303730249404907,-0.3776337504386902,-0.4437626004219055
3.6500284034763517,0.5563598859612464,353.0056656769123,177.82921888702086,-0.8440006971359253,-0.33205461502075195,-0.28624144196510315
4.422034191848542,0.5591259163397663,348.0057470789814,177.82921888702086,-1.3831112384796143,-0.4656059741973877,-0.4441998600959778
4.253403362428004,0.5602726307815188,349.0057306119772,177.81268711724795,-0.9921032786369324,-0.3727829158306122,-0.3854336142539978
4.231789218711846,0.5631300645792392,349.0057306119772,178.24916422389293,-1.1362334489822388,-0.3926209807395935,-0.43207255005836487
3.6500284034763517,0.5627362953293708,349.0057306119772,177.81268711724795,-1.3546278476715088,-0.43940243124961853,-0.531366765499115
3.931013661715416,0.5643621358937524,349.0014326618159,177.81268711724795,-0.9376309514045715,-0.3993735611438751,-0.3674961030483246
3.52238907387967,0.5614048313234897,348.0,177.79590120971528,-1.2903746366500854,-0.40971773862838745,-0.47542184591293335
3.9410059585429043,0.5629351656095499,349.0,177.81268711724795,-1.1761057376861572,-0.4003334641456604,-0.4623529016971588
3.7955404100518515,0.5644558872850658,348.0,177.81268711724795,-1.394709587097168,-0.5122418403625488,-0.5702434778213501
2.9218500214606467,0.5607283876654967,350.0,178.26239137890255,-0.892177939414978,-0.39020460844039917,-0.3671322166919708
3.091155432717537,0.5549356745556739,351.00142449853394,178.26239137890255,-1.2257448434829712,-0.41670283675193787,-0.4917367100715637
3.08325015146626,0.5563603622158093,351.0,178.24916422389293,-0.7633285522460938,-0.2692384123802185,-0.26116007566452026
3.3760490536279435,0.5597100506259467,349.0,178.2357335457582,-1.3663078546524048,-0.4614187777042389,-0.47210225462913513
3.067560282024384,0.5592052647867067,351.0,177.81268711724795,-0.8486992716789246,-0.3530048727989197,-0.30789804458618164
3.059775081963205,0.5606254564459408,351.00142449853394,178.24916422389293,-1.1838072538375854,-0.3575420379638672,-0.4441007673740387
3.052029302246673,0.5620410850003505,351.0056979594491,177.81268711724795,-0.84886234998703,-0.30353987216949463,-0.3234516978263855
3.52238907387967,0.5581876905310947,350.0057142390678,178.24916422389293,-1.1206018924713135,-0.34113073348999023,-0.4293022155761719
3.697033411547804,0.5524109510360364,351.0128202786901,178.24916422389293,-0.9999651908874512,-0.3499545753002167,-0.40547457337379456
3.6875358685654986,0.5538436830441091,351.0056979594491,178.24916422389293,-1.003933310508728,-0.3514804542064667,-0.404524564743042
3.8444101506693835,0.5541011677830809,350.0014285685131,178.24916422389293,-1.1970313787460327,-0.39352160692214966,-0.4484105706214905
3.8444101506693835,0.5541011677830809,350.0014285685131,178.2357335457582,-1.2703408002853394,-0.41614896059036255,-0.5040349960327148
3.3847027089387423,0.5519515448514138,353.00141642775316,178.2357335457582,-0.7794148325920105,-0.2942175567150116,-0.275092750787735
3.540490092664438,0.5521897134794307,352.0,178.2357335457582,-1.4318965673446655,-0.5251319408416748,-0.5410426259040833
3.2214311999113896,0.5531311767319166,354.0014124265608,178.24916422389293,-0.8591609001159668,-0.38283634185791016,-0.2931187152862549
3.3760490536279435,0.5502414302839482,355.0056337581138,178.24916422389293,-0.8921359777450562,-0.31294119358062744,-0.3330497145652771
3.3760490536279435,0.5502414302839482,355.0056337581138,178.24916422389293,-1.3060390949249268,-0.408907026052475,-0.45575428009033203
3.1888974918988895,0.5556153602795529,356.0126402250347,178.68559362792217,-0.9200350046157837,-0.3458041548728943,-0.34227004647254944
3.1888974918988895,0.5556153602795529,356.0126402250347,178.68559362792217,-0.8183671832084656,-0.3097030520439148,-0.31846943497657776
3.640770381498162,0.5577622395955991,353.01274764518064,178.68559362792217,-1.2401906251907349,-0.3660232126712799,-0.474588543176651
3.6500284034763517,0.5563330996850814,353.02266216207704,178.68559362792217,-1.1799719333648682,-0.3653678297996521,-0.45759066939353943
3.640770381498162,0.5577622395955991,353.01274764518064,178.68559362792217,-0.9571219682693481,-0.3643539547920227,-0.4229486584663391
3.82471213554596,0.5569519056467698,350.0014285685131,178.68559362792217,-1.3940823078155518,-0.5018802881240845,-0.516089141368866
3.3674395222000437,0.5579405922070011,351.00142449853394,178.68559362792217,-1.1634995937347412,-0.43223056197166443,-0.4825917184352875
3.3674395222000437,0.5579405922070011,351.00142449853394,178.68559362792217,-1.1865590810775757,-0.396865576505661,-0.47385382652282715
3.6875358685654986,0.5538436830441091,351.0056979594491,178.68559362792217,-0.8688079714775085,-0.33842843770980835,-0.31283238530158997
4.139016222840003,0.5511328202475428,352.0127838587684,179.1215498531314,-0.9122051000595093,-0.3414379060268402,-0.33337560296058655
4.1283896624573355,0.5525606778014179,352.00568177232594,179.1215498531314,-0.9736323356628418,-0.34322255849838257,-0.4014001488685608
3.82471213554596,0.5569519056467698,350.0014285685131,178.68559362792217,-1.48784339427948,-0.523142397403717,-0.5299028754234314
3.091155432717537,0.5517915883975091,353.00141642775316,178.68559362792217,-0.7869508266448975,-0.295754998922348,-0.2751339077949524
3.091155432717537,0.5517738766562568,353.01274764518064,178.24916422389293,-1.265071153640747,-0.3731054961681366,-0.43846839666366577
2.9218500214606467,0.5543836259982502,354.00564967243105,178.24916422389293,-0.785338819026947,-0.2705947160720825,-0.2737974524497986
3.2050817951469135,0.5559338413120989,354.0127116361784,178.24916422389293,-1.1445603370666504,-0.313792884349823,-0.4646114408969879
3.3588737785226956,0.556159995031198,353.02266216207704,178.24916422389293,-0.9272128939628601,-0.3211230933666229,-0.35807421803474426
3.3503514898653313,0.5575895689207063,353.01274764518064,178.24916422389293,-0.8769464492797852,-0.3247067630290985,-0.3187050521373749
3.513407762430578,0.5564228023229412,352.0127838587684,178.24916422389293,-1.1586863994598389,-0.37168407440185547,-0.4267989695072174
3.8149385700688194,0.5583704619947689,350.0057142390678,178.24916422389293,-1.2483875751495361,-0.4048483967781067,-0.48561525344848633
3.82471213554596,0.5569337205012939,350.0128569067142,178.24916422389293,-1.0618469715118408,-0.39913782477378845,-0.4320862293243408
3.6593336004126606,0.5580970178375787,351.0128202786901,178.68559362792217,-0.8858153223991394,-0.3797147572040558,-0.34647732973098755
3.495581783435718,0.5623620264503824,350.06999300139967,178.68559362792217,-1.147704839706421,-0.3715898394584656,-0.4247940182685852
3.3588737785226956,0.5592831992479388,351.05127830560593,178.68559362792217,-0.7980137467384338,-0.33676332235336304,-0.2836816906929016
3.6593336004126606,0.5580607842418354,351.03561072916807,178.24916422389293,-1.2743403911590576,-0.4387601315975189,-0.46586909890174866
3.52238907387967,0.5581876905310947,350.0057142390678,178.26239137890255,-0.8234575390815735,-0.34537574648857117,-0.27871328592300415
3.6593336004126606,0.5580970178375787,351.0128202786901,178.26239137890255,-1.2808501720428467,-0.39720478653907776,-0.4311663508415222
3.229668605781848,0.5580194879124275,350.0057142390678,178.24916422389293,-0.7402228116989136,-0.2796527147293091,-0.24005761742591858
3.3674395222000437,0.5611195063478873,349.0128937446294,178.24916422389293,-1.163703441619873,-0.3528006672859192,-0.4213826656341553
3.504472114563768,0.5610394196106506,350.0057142390678,178.68559362792217,-0.874698281288147,-0.3437725007534027,-0.3236331343650818
3.8052147878243394,0.5630199391455177,348.0014367786432,178.68559362792217,-1.4368603229522705,-0.4913179278373718,-0.516205906867981
3.486736425702522,0.5606873794707873,352.00568177232594,178.69550969462102,-0.9412126541137695,-0.4371775984764099,-0.3745090961456299
3.333435963438999,0.5604355026568673,353.00141642775316,178.69550969462102,-0.9894109964370728,-0.41148266196250916,-0.416471391916275
3.640770381498162,0.5609583522644601,351.00142449853394,178.69550969462102,-1.3559671640396118,-0.4833163321018219,-0.5135461091995239
3.2050817951469135,0.5591103763089871,352.00142045167945,178.69550969462102,-0.7772289514541626,-0.2881479263305664,-0.26502668857574463
3.7859150618175352,0.562653575946411,350.0014285685131,178.69550969462102,-1.1882126331329346,-0.40644359588623047,-0.4240664839744568
3.460466811002494,0.568175935314441,350.0014285685131,178.26239137890255,-1.0461169481277466,-0.3965631127357483,-0.41903361678123474
3.029025517464147,0.5695607371385718,349.0014326618159,178.26239137890255,-1.3565926551818848,-0.45773786306381226,-0.5552642941474915
2.885141928006553,0.5678597650222373,350.0014285685131,178.26239137890255,-0.834689736366272,-0.360557496547699,-0.2969479262828827
3.595175516288443,0.5713149767809453,349.0057306119772,178.69550969462102,-1.1958041191101074,-0.39657384157180786,-0.42932286858558655
3.604202951357179,0.5666449563054085,351.00142449853394,178.69550969462102,-0.8769553303718567,-0.3519936203956604,-0.3198982775211334
4.343998088069197,0.5659085490649415,350.0014285685131,178.69550969462102,-1.4047086238861084,-0.4791293740272522,-0.5005689859390259
4.045299899911975,0.5671266624161869,350.0,178.68559362792217,-0.9024298787117004,-0.3624860644340515,-0.3464207053184509
4.065757542048036,0.5642766710097369,350.0,178.68559362792217,-1.347280740737915,-0.4366675913333893,-0.4866721034049988
3.921071860237385,0.5625698606904754,351.0,178.68559362792217,-0.7905476689338684,-0.31008243560791016,-0.27288421988487244
3.931013661715416,0.5611464234129923,351.00142449853394,178.69550969462102,-1.0904146432876587,-0.324870765209198,-0.4171838164329529
4.231789218711846,0.5599214507451136,351.0056979594491,178.69550969462102,-0.8237308263778687,-0.29306089878082275,-0.2999838888645172
4.354977290035043,0.5612700315461426,352.00568177232594,178.26239137890255,-0.9160469174385071,-0.3289291262626648,-0.30756887793540955
4.499507342465843,0.5629789811394627,351.0056979594491,178.26239137890255,-1.2348432540893555,-0.381670743227005,-0.46445995569229126
4.5109055905084245,0.561565739771306,351.00142449853394,178.68559362792217,-1.0157688856124878,-0.36319953203201294,-0.4216407835483551
4.65574284621541,0.5600838841630863,352.00142045167945,178.24916422389293,-1.2087703943252563,-0.38751131296157837,-0.4471799433231354
4.354977290035043,0.5612700315461426,352.00568177232594,178.68559362792217,-0.8577879667282104,-0.3466338515281677,-0.31863150000572205
4.366012052576017,0.559860487640914,352.00142045167945,178.24916422389293,-1.1005871295928955,-0.36760592460632324,-0.4196617007255554
4.433411329672912,0.5513628999702833,352.00142045167945,178.68559362792217,-1.0246986150741577,-0.3393782675266266,-0.36696845293045044
4.526576886354078,0.5462412504315917,348.0014367786432,178.69550969462102,-1.5075575113296509,-0.5229315161705017,-0.5135642886161804
4.2039410184262636,0.5457513222061993,350.0014285685131,178.69550969462102,-0.7987946271896362,-0.31394162774086,-0.2810315489768982
4.2149601166727235,0.544319943848998,350.0057142390678,178.26239137890255,-1.2896320819854736,-0.40059319138526917,-0.477079302072525
4.2149601166727235,0.541236053194664,352.0,178.26239137890255,-0.8293685913085938,-0.34396588802337646,-0.2925300896167755
3.9564783739914344,0.5353662827814828,352.0,178.26239137890255,-1.3974610567092896,-0.472909152507782,-0.4762180745601654
3.6243001339988523,0.5394284100087913,352.00142045167945,178.26239137890255,-0.7634207606315613,-0.258179634809494,-0.2687886357307434
3.6147925845396216,0.5408394794175279,352.00568177232594,178.26239137890255,-0.9223307371139526,-0.30625206232070923,-0.3044089674949646
3.7649102320120313,0.542471933668786,351.0056979594491,178.26239137890255,-1.1964277029037476,-0.3528018593788147,-0.46162542700767517
3.558778017369024,0.5493453844810369,352.00568177232594,178.26239137890255,-0.9313369989395142,-0.34758850932121277,-0.34906426072120667
3.8945536668777723,0.5469768475536846,350.0,178.24916422389293,-1.455115795135498,-0.5163565278053284,-0.5061434507369995
3.4197654131658712,0.5462958249840478,353.00141642775316,178.24916422389293,-0.9077075719833374,-0.3682292103767395,-0.3594074547290802
3.099101358133785,0.5503706031762159,353.0056656769123,178.68559362792217,-0.912023663520813,-0.34105485677719116,-0.3547170162200928
3.1151164000674982,0.5475419489629598,353.0056656769123,178.68559362792217,-1.2448866367340088,-0.3691198229789734,-0.455319881439209
3.402143753006903,0.5491236591983253,353.00141642775316,178.68559362792217,-0.9134780764579773,-0.3390578329563141,-0.3464154601097107
3.7649102320120313,0.5455895120278127,349.0,178.68559362792217,-1.4230161905288696,-0.4993269443511963,-0.4640541076660156
3.4286448520151875,0.5511292038903869,349.0,178.68559362792217,-0.7485986948013306,-0.2882803678512573,-0.21735481917858124
3.446542734699829,0.5482690270629774,349.0,178.68559362792217,-1.484018087387085,-0.5111740827560425,-0.5601697564125061
3.1476482421782084,0.5481042816351965,349.0,178.68559362792217,-0.8303040266036987,-0.3258560001850128,-0.31570106744766235
2.9981424486802633,0.5464617154539401,350.0,178.69550969462102,-1.2921720743179321,-0.4096493721008301,-0.5167850255966187
3.2546355093720876,0.5537474790956256,350.0014285685131,178.69550969462102,-0.9602125883102417,-0.33919182419776917,-0.38471898436546326
3.4197654131658712,0.5525570440524283,349.0014326618159,178.68559362792217,-1.191917896270752,-0.37291282415390015,-0.45205140113830566
3.4375705054595507,0.5496968522360254,349.0014326618159,178.69550969462102,-1.0989495515823364,-0.3739904761314392,-0.4306766390800476
3.6243001339988523,0.5456286856357544,348.0014367786432,178.68559362792217,-1.3831865787506104,-0.49618831276893616,-0.5378522872924805
3.745264034844169,0.5516097804662484,347.0,178.68559362792217,-1.353318452835083,-0.4825448989868164,-0.5279293656349182
3.558778017369024,0.5556594918604233,348.0057470789814,178.68559362792217,-0.7825106382369995,-0.30646973848342896,-0.27010756731033325
3.2971158832180727,0.5497600320679841,348.0,178.68559362792217,-1.4692944288253784,-0.5110655426979065,-0.5484979748725891
2.6850035465024216,0.5491737748757782,350.0,178.24916422389293,-0.8654316663742065,-0.35993900895118713,-0.34729674458503723
2.8338010831184297,0.5508162802856269,349.0,178.24916422389293,-1.2655844688415527,-0.42152485251426697,-0.47032779455184937
2.8560595171636516,0.5465213353143972,349.0014326618159,178.24916422389293,-1.2414734363555908,-0.4199444353580475,-0.47168079018592834
2.8486012737638653,0.5479544700825303,349.0,178.68559362792217,-1.4392045736312866,-0.5394748449325562,-0.5708815455436707
3.2971158832180727,0.5497600320679841,348.0,178.69550969462102,-0.8669905662536621,-0.35660696029663086,-0.3434256911277771
2.9981424486802633,0.5527791919149179,346.0,178.26239137890255,-1.259063959121704,-0.37818360328674316,-0.4722003936767578
2.9981424486802633,0.5464617154539401,350.0,178.26239137890255,-0.8019485473632812,-0.33334624767303467,-0.24900785088539124
2.9981424486802633,0.5464617154539401,350.0,178.2754195959487,-1.41280996799469,-0.48126164078712463,-0.4874195456504822
2.8486012737638653,0.5448322223986476,351.0,178.2754195959487,-0.7434648871421814,-0.26645880937576294,-0.24658599495887756
3.1394517463313374,0.5464013221828355,351.00142449853394,178.70527643856434,-1.1941907405853271,-0.2983790636062622,-0.46125563979148865
3.28853134057189,0.5449286708301467,352.00142045167945,178.69550969462102,-0.8260820508003235,-0.2768704295158386,-0.3057405948638916
3.446542734699829,0.5451449870316329,351.0,178.69550969462102,-1.4675971269607544,-0.5346446633338928,-0.531330943107605
3.28853134057189,0.5449286708301467,352.00142045167945,178.69550969462102,-0.8296710848808289,-0.37916430830955505,-0.2875744700431824
3.2799913759342516,0.5463401741305893,352.00568177232594,178.26239137890255,-1.411202311515808,-0.4872490465641022,-0.5105284452438354
3.123186154020772,0.546134212037101,353.00141642775316,178.26239137890255,-0.8991556167602539,-0.37914764881134033,-0.34912070631980896
3.5772557533639473,0.5465188464660737,352.0,178.26239137890255,-1.4664297103881836,-0.5077402591705322,-0.5001839399337769
2.6850035465024216,0.5429597561242121,354.00564967243105,178.26239137890255,-1.2618921995162964,-0.3961604833602905,-0.4718627333641052
2.982566814860423,0.5461850467448172,352.00568177232594,178.26239137890255,-1.2149838209152222,-0.3752555847167969,-0.45879998803138733
2.678046035059609,0.5474701606892499,352.00142045167945,178.26239137890255,-0.9522417783737183,-0.2863544821739197,-0.3563358783721924
2.6919973262968355,0.54461479765558,352.0127838587684,178.26239137890255,-1.3511042594909668,-0.3910564184188843,-0.5053580403327942
2.826458533704277,0.5459697242341698,353.01274764518064,178.26239137890255,-1.1107256412506104,-0.3854122757911682,-0.4559566378593445
2.6711245109087587,0.5488824188352223,352.00568177232594,178.69550969462102,-1.279510498046875,-0.43213123083114624,-0.49198198318481445
2.5361773394278897,0.5475354374929385,351.0056979594491,178.69550969462102,-0.945570170879364,-0.34363678097724915,-0.3804425299167633
2.982566814860423,0.5493060025266238,350.0057142390678,178.69550969462102,-1.2519917488098145,-0.40261310338974,-0.4569493234157562
2.826458533704277,0.5490982629350051,351.00142449853394,178.26239137890255,-0.786977231502533,-0.32252830266952515,-0.2815552055835724
2.871093829273571,0.5405618423108426,351.00142449853394,178.26239137890255,-1.4054009914398193,-0.4779418408870697,-0.466531902551651
2.7203408536259253,0.5420366430162823,350.0014285685131,178.26239137890255,-1.403882384300232,-0.4630735516548157,-0.5540581345558167
3.172496545916298,0.5438105860301262,349.0014326618159,178.26239137890255,-0.9324538111686707,-0.37876856327056885,-0.3395994305610657
4.0756815654829595,0.5412345379311331,351.0128202786901,178.26239137890255,-1.1681404113769531,-0.3797799050807953,-0.44173136353492737
3.935619356051157,0.5443776817828324,348.0057470789814,178.26239137890255,-1.4222934246063232,-0.47264522314071655,-0.5359304547309875
4.064996317600034,0.5457761412329095,349.0057306119772,178.69550969462102,-0.804893970489502,-0.32622286677360535,-0.29731473326683044
4.086423074001863,0.5429270169052112,349.0,178.69550969462102,-1.1268894672393799,-0.3468731939792633,-0.39387959241867065
3.735517569871894,0.5498760500845211,349.0014326618159,178.69550969462102,-0.8063372373580933,-0.31255871057510376,-0.27997416257858276
3.745264034844169,0.5484486929081642,349.0,178.68559362792217,-1.4703134298324585,-0.509365975856781,-0.5142556428909302
3.8945536668777723,0.5469768475536846,350.0,178.68559362792217,-0.8186203837394714,-0.3726326525211334,-0.28385576605796814
4.376336243870745,0.5445649254725555,349.0014326618159,178.68559362792217,-1.1282107830047607,-0.3853842318058014,-0.39539939165115356
4.364868067860772,0.5459956609222724,349.0,178.68559362792217,-0.9578148126602173,-0.31955355405807495,-0.31750866770744324
4.2371723014612614,0.5445824105943229,348.0057470789814,178.68559362792217,-1.0503599643707275,-0.33214905858039856,-0.40086808800697327
4.25961953302291,0.5417167875789861,348.0057470789814,178.68559362792217,-0.8430757522583008,-0.33206507563591003,-0.3034515380859375
4.399454075578388,0.5416902143091549,349.0128937446294,178.68559362792217,-0.9322733879089355,-0.3361273407936096,-0.32987692952156067
4.2039410184262636,0.5457335027731613,350.0128569067142,178.24916422389293,-0.939283013343811,-0.33677563071250916,-0.34122785925865173
4.376336243870745,0.5445470427415672,349.0128937446294,178.24916422389293,-1.1397939920425415,-0.3371114134788513,-0.40440839529037476
4.364868067860772,0.5428757617689929,351.0056979594491,178.24916422389293,-0.9883230328559875,-0.3386403024196625,-0.3602225184440613
4.550482337448607,0.5465175862518891,346.0014450836875,178.24916422389293,-1.3587603569030762,-0.4530998170375824,-0.47678279876708984
4.2149601166727235,0.5506216494657112,346.0,178.68559362792217,-1.258981466293335,-0.44504880905151367,-0.4624340534210205
4.376336243870745,0.547703602211881,347.0014409191985,178.68559362792217,-1.1968588829040527,-0.4374088644981384,-0.4522794187068939
3.2971158832180727,0.5497509531537922,348.0057470789814,178.68559362792217,-1.278120756149292,-0.4294413626194,-0.5334014892578125
3.2971158832180727,0.5497509531537922,348.0057470789814,178.68559362792217,-0.99098140001297,-0.39564138650894165,-0.394323468208313
3.446542734699829,0.5514199200444589,347.00576364089403,178.68559362792217,-1.0967661142349243,-0.3910825550556183,-0.3983094096183777
3.5959262664707294,0.549923652544419,348.0057470789814,178.68559362792217,-1.3390305042266846,-0.4612974226474762,-0.4739442467689514
3.5959262664707294,0.5499327343106715,348.0,178.68559362792217,-0.7504959106445312,-0.3180335462093353,-0.26408103108406067
3.6531250669296966,0.5413292784130361,348.0,178.24916422389293,-1.4019184112548828,-0.4801693558692932,-0.5376251935958862
3.30574535333205,0.5420924728933787,352.00142045167945,178.26239137890255,-0.8653970956802368,-0.36220094561576843,-0.3045230507850647
3.30574535333205,0.5420924728933787,352.00142045167945,178.26239137890255,-1.3176099061965942,-0.4407537579536438,-0.5044782757759094
3.2971158832180727,0.5435039860795664,352.00568177232594,178.69550969462102,-0.8391628265380859,-0.3264791667461395,-0.31147924065589905
3.473742546040341,0.5408770737582711,351.00142449853394,178.69550969462102,-0.9309366345405579,-0.31697195768356323,-0.3407500684261322
3.4646283842674745,0.5423011612907801,351.0,179.1215498531314,-0.8082065582275391,-0.32167261838912964,-0.2760280966758728
3.6338577990781253,0.5410785052343648,350.0057142390678,178.67552479494967,-1.309126615524292,-0.4507366120815277,-0.4541105329990387
3.6338577990781253,0.5410785052343648,350.0057142390678,178.68559362792217,-1.4145474433898926,-0.49329909682273865,-0.5215492248535156
3.6434659764379553,0.5396594433591505,350.0014285685131,178.68559362792217,-1.0054641962051392,-0.40641337633132935,-0.40764936804771423
3.501374910300467,0.5366136745775977,351.0,178.68559362792217,-1.0444570779800415,-0.31097176671028137,-0.40202608704566956
3.6531250669296966,0.538235968259514,350.0,178.68559362792217,-1.1308419704437256,-0.32724684476852417,-0.44416123628616333
3.6434659764379553,0.5396594433591505,350.0014285685131,178.68559362792217,-0.8173493146896362,-0.30564114451408386,-0.2924101948738098
3.702198546637391,0.534140309035641,348.01293079424505,179.1215498531314,-1.457151174545288,-0.48919764161109924,-0.494588702917099
3.5106836066566554,0.5382389546468443,349.0128937446294,179.1215498531314,-0.9519505500793457,-0.36341482400894165,-0.3508189022541046
3.6628354756522694,0.5398753621556015,348.01293079424505,179.1215498531314,-1.369481086730957,-0.46547454595565796,-0.5219846963882446
3.672597612007069,0.5384526899564195,348.0057470789814,179.11485109206725,-0.9465829730033875,-0.37881892919540405,-0.3881462514400482
4.4702943471074885,0.5424452814100531,343.0131192826303,179.11485109206725,-1.2827003002166748,-0.4287783205509186,-0.467683881521225
4.282305554359537,0.5451167502322541,344.0058139043583,179.11485109206725,-1.2795194387435913,-0.4062016010284424,-0.4579159617424011
4.129960678430088,0.5402984194991206,347.00576364089403,179.1215498531314,-1.1122697591781616,-0.3784133493900299,-0.4321708679199219
4.140990254817214,0.5388679842168105,347.0014409191985,179.1215498531314,-1.3840464353561401,-0.4873514175415039,-0.4998810887336731
3.966990938803139,0.5400843386253575,348.0014367786432,179.1215498531314,-1.1057177782058716,-0.45422762632369995,-0.44585543870925903
3.8149387459331687,0.5415430082662851,347.0014409191985,179.1215498531314,-1.2826122045516968,-0.44417810440063477,-0.46324944496154785
3.935619356051157,0.5412670540449225,350.0057142390678,179.11485109206725,-0.787099301815033,-0.3241497874259949,-0.27258065342903137
4.4702943471074885,0.5362105918925214,347.0014409191985,178.6652996455069,-1.4040600061416626,-0.46209973096847534,-0.47799110412597656
4.446429172966175,0.5390837070791765,347.0014409191985,178.67552479494967,-1.078655481338501,-0.41585081815719604,-0.4461020827293396
4.434591743489045,0.5405135661054727,347.00576364089403,178.67552479494967,-1.2895469665527344,-0.43626245856285095,-0.4817848205566406
4.248366304302484,0.5431563160417553,348.0014367786432,178.67552479494967,-1.2819969654083252,-0.4440689980983734,-0.5103960037231445
4.422817081120047,0.54195691483249,347.0014409191985,178.67552479494967,-1.2229323387145996,-0.41415444016456604,-0.4841136336326599
4.248366304302484,0.5431563160417553,348.0014367786432,178.67552479494967,-1.1354143619537354,-0.38971513509750366,-0.47414135932922363
4.25961953302291,0.5417257338121897,348.0,178.67552479494967,-0.8146316409111023,-0.3268437385559082,-0.3019201159477234
4.282305554359537,0.5388601475367873,348.0,178.6652996455069,-1.3187309503555298,-0.4356771409511566,-0.4689452052116394
4.09722128782036,0.5414957797382517,349.0014326618159,178.67552479494967,-0.9427545666694641,-0.36709916591644287,-0.3428005874156952
4.108076656291506,0.5431817973070276,347.0,178.6652996455069,-1.2460157871246338,-0.40308910608291626,-0.4394775927066803
3.9564783739914344,0.5415199181980698,348.0,178.6652996455069,-0.9643979072570801,-0.36471542716026306,-0.3339025378227234
4.152078831425968,0.5374241434405866,347.00576364089403,178.6652996455069,-1.3622097969055176,-0.48322391510009766,-0.4878550171852112
4.129960678430088,0.5402984194991206,347.00576364089403,179.11485109206725,-1.3811520338058472,-0.4851015508174896,-0.5563326478004456
4.129960678430088,0.5402984194991206,347.00576364089403,179.11485109206725,-1.4315593242645264,-0.515163779258728,-0.5414332747459412
4.129960678430088,0.5402984194991206,347.00576364089403,178.67552479494967,-1.0371249914169312,-0.38374972343444824,-0.44812291860580444
3.85592834336495,0.5357922462345597,347.0014409191985,179.1215498531314,-1.261391282081604,-0.38819020986557007,-0.5026601552963257
3.692278727080441,0.5355939490474565,348.0,179.1215498531314,-0.8989025950431824,-0.33666694164276123,-0.36489206552505493
3.6824118897563247,0.5370255405379571,348.0014367786432,178.68559362792217,-0.9133625030517578,-0.35192909836769104,-0.4184415340423584
3.501374910300467,0.5396888245663657,349.0,178.68559362792217,-0.9339965581893921,-0.353004515171051,-0.3728525936603546
3.5106836066566554,0.5382566302224657,349.0014326618159,178.68559362792217,-1.2295533418655396,-0.3912903964519501,-0.44248074293136597
3.3407196266858463,0.5394854597099188,350.0014285685131,178.24916422389293,-0.911712646484375,-0.3444686830043793,-0.32776710391044617
3.5869728560334364,0.526817323237547,349.0014326618159,178.24916422389293,-1.2991187572479248,-0.4094521999359131,-0.42624545097351074
3.2407178089246838,0.5293338393025815,351.00142449853394,178.24916422389293,-0.8950855135917664,-0.38215044140815735,-0.3410961329936981
3.2407178089246838,0.5293338393025815,351.00142449853394,178.68559362792217,-1.3101415634155273,-0.44535359740257263,-0.4586052894592285
3.3674397482090175,0.5321683224233582,352.0,178.24916422389293,-0.8418220281600952,-0.3248048722743988,-0.2994209825992584
3.7322801937144994,0.5298588753333301,348.0,178.68559362792217,-1.4136545658111572,-0.4958420693874359,-0.5078579783439636
3.538908919810254,0.5339689716737831,349.0,178.68559362792217,-0.8635132908821106,-0.3449564278125763,-0.30446094274520874
3.702198546637391,0.5341579509657571,348.0014367786432,178.68559362792217,-1.3356947898864746,-0.4297622740268707,-0.47951698303222656
3.85592834336495,0.5327218288526474,349.0014326618159,178.68559362792217,-0.863275408744812,-0.3380509316921234,-0.2986146807670593
3.9881843925465787,0.5372177059847923,348.0014367786432,179.1215498531314,-1.3781087398529053,-0.475774347782135,-0.47125107049942017
3.6531250669296966,0.538235968259514,350.0,178.68559362792217,-0.7976969480514526,-0.3257835805416107,-0.28233271837234497
3.8149387459331687,0.5353716283709117,351.00142449853394,179.1215498531314,-1.476759672164917,-0.5329259634017944,-0.4861556589603424
3.6434659764379553,0.5396594433591505,350.0014285685131,178.68559362792217,-0.8203986287117004,-0.3022473454475403,-0.3250492513179779
3.6434659764379553,0.5396594433591505,350.0014285685131,178.68559362792217,-1.339141607284546,-0.4270297586917877,-0.5283687710762024
3.7748107683581025,0.5379916687798941,353.00141642775316,178.69550969462102,-0.8581165075302124,-0.3502286970615387,-0.3183317184448242
3.946021325684155,0.5367811962789752,352.00142045167945,178.68559362792217,-1.1249276399612427,-0.3602822422981262,-0.4263685345649719
4.09722128782036,0.5353598997634359,353.00141642775316,178.68559362792217,-0.9112837910652161,-0.33647480607032776,-0.340249240398407
4.25961953302291,0.5355697595818124,352.0,178.68559362792217,-1.2305065393447876,-0.3956231474876404,-0.42768365144729614
3.935619356051157,0.5381917726279112,352.00568177232594,178.68559362792217,-1.1695129871368408,-0.3872945010662079,-0.43088626861572266
3.90473960931097,0.5424321574422545,352.0127838587684,178.68559362792217,-1.0113848447799683,-0.3812309205532074,-0.4011929929256439
4.502920896353583,0.5428485750262447,352.0127838587684,178.24916422389293,-1.166117787361145,-0.3882123529911041,-0.45058220624923706
4.7643327579944,0.5473452065719646,352.0,178.2357335457582,-0.8351472616195679,-0.2952767014503479,-0.2836446166038513
5.140397689615264,0.5452960044507869,348.0,178.2357335457582,-1.2456947565078735,-0.40985673666000366,-0.44146305322647095
5.003187861591238,0.5421776310335827,349.0014326618159,179.11485109206725,-0.9962449073791504,-0.4000139832496643,-0.38165754079818726
4.689070371903515,0.5433653763808247,349.0,179.11485109206725,-1.052927017211914,-0.39633700251579285,-0.3984638452529907
4.6402003448735885,0.5490680446537747,349.0057306119772,178.67552479494967,-1.0513579845428467,-0.3897361159324646,-0.4199453294277191
4.852351425409047,0.5436121977075181,348.0014367786432,178.2357335457582,-1.3912725448608398,-0.48869067430496216,-0.5021307468414307
4.387864754321941,0.5400351089301617,351.0056979594491,178.24916422389293,-0.7997252345085144,-0.3599282503128052,-0.3071945309638977
4.411104689022329,0.5371945440392046,351.0056979594491,178.24916422389293,-1.4293782711029053,-0.5091952085494995,-0.49645859003067017
4.376336243870745,0.541462016691028,351.00142449853394,178.24916422389293,-0.7926608324050903,-0.3288615942001343,-0.25361087918281555
4.248366304302484,0.5400525910825782,350.0014285685131,178.24916422389293,-1.414919137954712,-0.4907899498939514,-0.5225398540496826
4.2371723014612614,0.5383941750511759,352.00568177232594,178.68559362792217,-0.9743247032165527,-0.3716486096382141,-0.3681580722332001
4.3421108384080975,0.5395420931901022,355.0225344960514,178.2357335457582,-0.7756897807121277,-0.27254316210746765,-0.2648102045059204
4.3421108384080975,0.5395420931901022,355.0225344960514,178.2357335457582,-1.1190519332885742,-0.30637645721435547,-0.42088738083839417
4.353459754880629,0.5381527274087212,355.0126758300329,178.67552479494967,-0.8361627459526062,-0.2938480079174042,-0.3017454743385315
4.0756815654829595,0.5412345379311331,351.0128202786901,179.1215498531314,-1.2198731899261475,-0.3725586533546448,-0.4589322507381439
4.2039410184262636,0.542632970099972,352.0127838587684,179.11485109206725,-0.7866809368133545,-0.3196573853492737,-0.25471749901771545
4.376336243870745,0.541462016691028,351.00142449853394,179.11485109206725,-1.3717354536056519,-0.4809572696685791,-0.4452323019504547
4.376336243870745,0.541462016691028,351.00142449853394,178.67552479494967,-0.8783811330795288,-0.37954339385032654,-0.30930206179618835
4.364868067860772,0.5428845745441144,351.0,179.11485109206725,-1.1835936307907104,-0.4044806957244873,-0.45235151052474976
3.2799913759342516,0.5463401741305893,352.00568177232594,178.68559362792217,-0.8699541091918945,-0.37018468976020813,-0.2991746962070465
3.8048270425216284,0.5367951558613108,351.0,178.2754195959487,-1.2315629720687866,-0.4248652458190918,-0.4647181034088135
3.6243001339988523,0.5394284100087913,352.00142045167945,178.26239137890255,-0.9263521432876587,-0.3947795033454895,-0.35486671328544617
3.8353241199771326,0.5325289808793325,351.00142449853394,178.69550969462102,-1.2944111824035645,-0.4233323931694031,-0.4631134867668152
4.616144696382564,0.5456438214237403,353.02266216207704,178.24916422389293,-0.7813473343849182,-0.27655625343322754,-0.2815561890602112
4.491185234881392,0.5442755876277423,352.00568177232594,178.24916422389293,-0.7557641267776489,-0.2751016914844513,-0.243221715092659
4.514717952858607,0.5414434904129994,352.00568177232594,179.1215498531314,-1.3503514528274536,-0.4561639726161957,-0.47019749879837036
4.353459754880629,0.5443027475726052,351.00142449853394,178.67552479494967,-1.2259118556976318,-0.42523232102394104,-0.4312451481819153
4.652322270138059,0.5445263846263494,351.00142449853394,179.11485109206725,-1.2616279125213623,-0.44705891609191895,-0.4481382369995117
4.376336243870745,0.541462016691028,351.00142449853394,178.68559362792217,-1.185638189315796,-0.4302639365196228,-0.4741925299167633
4.839579127149786,0.5450460892509419,348.0,178.6652996455069,-1.2994614839553833,-0.4619237780570984,-0.47612085938453674
4.664507583978523,0.5493694175065437,347.0,178.67552479494967,-1.230168342590332,-0.44889751076698303,-0.4876213073730469
4.713892750134168,0.5436250145926166,347.0,178.67552479494967,-1.2373111248016357,-0.43980926275253296,-0.47305625677108765
4.411104689022329,0.5433958094071694,347.0,178.67552479494967,-0.9552165269851685,-0.38859155774116516,-0.38315677642822266
4.550482337448607,0.5433767066031496,348.0014367786432,178.67552479494967,-1.203032374382019,-0.41848865151405334,-0.44722533226013184
3.925272031847164,0.5458178221916895,348.0014367786432,178.67552479494967,-0.8858460187911987,-0.35987594723701477,-0.3226171135902405
4.399454075578388,0.5417080032229147,349.0014326618159,178.67552479494967,-1.131949782371521,-0.3617324233055115,-0.3809156119823456
4.387864754321941,0.5431386828926503,349.0,179.11485109206725,-1.2318391799926758,-0.3676612675189972,-0.476382315158844
4.494416685291138,0.5302812201788473,349.0014326618159,179.11485109206725,-1.1735889911651611,-0.34353891015052795,-0.44545120000839233
4.293739302629387,0.5343541916829762,350.0014285685131,179.11485109206725,-0.9820950627326965,-0.3119654059410095,-0.35673457384109497
4.248366304302484,0.5400525910825782,350.0014285685131,178.67552479494967,-1.1512644290924072,-0.36929380893707275,-0.47327956557273865
4.248366304302484,0.5400525910825782,350.0014285685131,179.11485109206725,-0.8048335909843445,-0.3242882490158081,-0.30285462737083435
4.305234188219526,0.5329231194159784,350.0057142390678,178.67552479494967,-1.176864504814148,-0.37004369497299194,-0.4182550311088562
4.140990254817214,0.5327270886770406,351.00142449853394,178.67552479494967,-0.7742770910263062,-0.30150023102760315,-0.280331015586853
4.185703325560732,0.527044136237056,351.00142449853394,178.68559362792217,-1.3947535753250122,-0.45661669969558716,-0.49714016914367676
3.702198546637391,0.5311056448144872,350.0014285685131,178.67552479494967,-0.9110296964645386,-0.39886945486068726,-0.352538526058197
4.351834996089857,0.5272338272679876,350.0,178.68559362792217,-1.2388254404067993,-0.4093722403049469,-0.4121135175228119
3.8455986562085034,0.5371964514035416,347.02305398921266,178.68559362792217,-0.7691164612770081,-0.2748008668422699,-0.2701721787452698
3.9084197682156385,0.5285712667408398,347.02305398921266,178.68559362792217,-1.3957465887069702,-0.42420244216918945,-0.4709145426750183
3.5772559604996483,0.5282406792579714,349.0057306119772,178.68559362792217,-1.034515142440796,-0.4215891361236572,-0.41963887214660645
3.6065657887656597,0.5239576464879404,349.0014326618159,178.68559362792217,-1.0111744403839111,-0.36726903915405273,-0.4144400954246521
4.3755152338530925,0.5273899608540329,348.0057470789814,178.67552479494967,-1.1409955024719238,-0.39033955335617065,-0.4242752492427826
3.8353241199771326,0.5355806978977975,349.0014326618159,178.67552479494967,-1.0082814693450928,-0.3523300886154175,-0.4060903489589691
4.282305554359537,0.5357809467025176,350.0,178.67552479494967,-1.0004258155822754,-0.361808180809021,-0.4018746316432953
4.25961953302291,0.5355697595818124,352.0,178.67552479494967,-0.8471041917800903,-0.3142146170139313,-0.3270670771598816
4.482323112172403,0.5286819734505923,351.0,178.67552479494967,-1.1791025400161743,-0.38219738006591797,-0.4170091152191162
4.458329871677415,0.5315223120698975,351.0,178.67552479494967,-1.1137611865997314,-0.3773881196975708,-0.4230803847312927
4.328409339228736,0.5300827798527288,350.0,178.67552479494967,-1.1155325174331665,-0.3666563332080841,-0.42950138449668884
4.648679182044335,0.5288799878538691,350.0014285685131,178.67552479494967,-1.1689053773880005,-0.3778418302536011,-0.4621136784553528
4.506575590460275,0.5228624553325194,353.0,178.67552479494967,-1.1228930950164795,-0.37507086992263794,-0.424104779958725
5.038498031752075,0.5235721740009712,348.0014367786432,178.67552479494967,-1.464686393737793,-0.49843472242355347,-0.4918665885925293
4.5188003573283995,0.5274247582668494,349.0014326618159,178.67552479494967,-0.9901796579360962,-0.412076473236084,-0.3847997486591339
4.363643034231456,0.525807238158362,350.0014285685131,178.67552479494967,-1.1714346408843994,-0.40858572721481323,-0.44144827127456665
4.129960678430088,0.534141373625443,351.0056979594491,178.24916422389293,-0.8713046312332153,-0.35526418685913086,-0.3239526152610779
4.152078831425968,0.531299851779965,351.0056979594491,178.69550969462102,-1.0963064432144165,-0.3654139041900635,-0.4044066071510315
4.152078831425968,0.5282897512287309,353.0056656769123,178.69550969462102,-0.9404540061950684,-0.3525811731815338,-0.34971487522125244
4.316790701783341,0.5284852287120467,352.00142045167945,178.68559362792217,-1.3562591075897217,-0.4431104063987732,-0.4714040756225586
4.129960678430088,0.5311151743185915,353.0056656769123,178.68559362792217,-0.742111325263977,-0.2764776349067688,-0.22763796150684357
4.305234188219526,0.5298952451834933,352.00568177232594,178.69550969462102,-1.387200951576233,-0.46496161818504333,-0.4866913855075836
4.0756815654829595,0.5412345379311331,351.0128202786901,178.26239137890255,-0.7647967338562012,-0.30205267667770386,-0.26307108998298645
4.399454075578388,0.5386038864967079,351.0128202786901,178.26239137890255,-1.1250946521759033,-0.3289013206958771,-0.42463231086730957
4.0756815654829595,0.5381682754002399,353.01274764518064,178.26239137890255,-0.9169144630432129,-0.322490394115448,-0.3643212914466858
4.293739302629387,0.5313009612989068,352.0127838587684,178.26239137890255,-1.4337527751922607,-0.4804467260837555,-0.5258870720863342
4.422817081120047,0.5327281567782034,353.01274764518064,178.68559362792217,-0.8420134782791138,-0.3521340489387512,-0.28090792894363403
4.458329871677415,0.5285023717163412,353.0056656769123,178.24916422389293,-1.451296091079712,-0.4890548586845398,-0.5135893225669861
4.108076656291506,0.5309326550186891,355.0056337581138,178.24916422389293,-0.9255058169364929,-0.38280534744262695,-0.3949691653251648
4.293739302629387,0.5282994771353754,354.0127116361784,178.26239137890255,-1.17685866355896,-0.38188815116882324,-0.472003698348999
4.316790701783341,0.525482687719292,354.0127116361784,178.26239137890255,-0.8480567932128906,-0.341438889503479,-0.33296695351600647
4.305234188219526,0.5269015825716896,354.00564967243105,178.26239137890255,-1.2008000612258911,-0.3805793523788452,-0.4592112898826599
3.9564783739914344,0.5323331187411582,354.00564967243105,178.24916422389293,-0.9145222902297974,-0.3588542342185974,-0.3683439791202545
4.009605283576879,0.5252776553762158,354.0127116361784,178.68559362792217,-1.1693601608276367,-0.36033251881599426,-0.4224953055381775
3.8048270425216284,0.5307130714416601,355.0225344960514,177.82921888702086,-0.8555843234062195,-0.3008899986743927,-0.331428200006485
3.702198546637391,0.5250877392304716,354.0127116361784,178.26239137890255,-1.1366127729415894,-0.32881003618240356,-0.4300572872161865
3.998866180612486,0.5266718793212245,354.02259814876226,178.26239137890255,-1.091764211654663,-0.33217519521713257,-0.40282583236694336
4.316790701783341,0.525482687719292,354.0127116361784,178.26239137890255,-0.9635275602340698,-0.33008426427841187,-0.379526287317276
4.163226882008987,0.5268664995065604,353.01274764518064,178.24916422389293,-1.1986768245697021,-0.40035390853881836,-0.45663776993751526
4.305234188219526,0.5268763576876778,354.02259814876226,178.24916422389293,-1.1705849170684814,-0.39139074087142944,-0.4607299864292145
4.086423074001863,0.5367404113538524,353.02266216207704,178.68559362792217,-0.9198529124259949,-0.34936362504959106,-0.334382563829422
4.25961953302291,0.5355351832714977,352.0227265390688,178.24916422389293,-1.3423771858215332,-0.4740350842475891,-0.493948370218277
4.411104689022329,0.5341253298548545,353.02266216207704,178.24916422389293,-0.8940499424934387,-0.3452589809894562,-0.3292786180973053
4.434591743489045,0.5313010831236471,353.02266216207704,178.68559362792217,-1.0123213529586792,-0.3469071686267853,-0.3439963459968567
4.623735457466711,0.5286895500633411,352.0127838587684,178.68559362792217,-1.0410693883895874,-0.3464207649230957,-0.3944467008113861
4.828918622478304,0.527658200927262,349.0014326618159,178.68559362792217,-1.2180721759796143,-0.41157811880111694,-0.43833765387535095
5.322402504656197,0.5297201758050756,346.01300553591915,178.68559362792217,-1.4749972820281982,-0.5666719675064087,-0.5387324690818787
5.265046420194396,0.5354756584983162,346.01300553591915,178.24916422389293,-1.309194803237915,-0.507281482219696,-0.5036448240280151
4.9769256625252885,0.5480642322080441,347.0705980056507,178.67552479494967,-1.2762234210968018,-0.48099011182785034,-0.484679639339447
4.8016617302763125,0.5524035357748167,346.07080200444534,178.68559362792217,-1.5152760744094849,-0.566013753414154,-0.560494065284729
4.376336243870745,0.5476490265050361,347.03602118512134,178.24916422389293,-1.0050451755523682,-0.41987141966819763,-0.40207821130752563
4.713892750134168,0.5435888996283744,347.02305398921266,178.24916422389293,-1.301003098487854,-0.4919279217720032,-0.4819237291812897
3.9149789243519386,0.5409997782984234,352.0227265390688,177.81268711724795,-0.8476320505142212,-0.3216402530670166,-0.30103135108947754
4.108076656291506,0.536956825461193,351.02279128284533,178.24916422389293,-1.4181616306304932,-0.4847131669521332,-0.4723350405693054
4.248366304302484,0.5369668007851438,352.0127838587684,177.81268711724795,-0.7862669229507446,-0.29103660583496094,-0.26160022616386414
4.387864754321941,0.5369755184303141,353.0056656769123,177.81268711724795,-1.2953481674194336,-0.4165118634700775,-0.4866677224636078
4.248366304302484,0.5369841352956848,352.00142045167945,178.24916422389293,-0.8505550622940063,-0.3356989324092865,-0.3174630105495453
4.293739302629387,0.5313181129032529,352.00142045167945,177.81268711724795,-1.4481422901153564,-0.49653786420822144,-0.48309651017189026
4.118989633521212,0.5325343256158177,353.00141642775316,177.82921888702086,-0.8096438646316528,-0.32762718200683594,-0.2838851511478424
4.0641768559217155,0.5241747629402019,350.0,178.24916422389293,-1.4922926425933838,-0.5269690752029419,-0.5567525029182434
3.8767549531170036,0.5268438914972153,351.00142449853394,178.69550969462102,-0.86503666639328,-0.32584893703460693,-0.3414027690887451
3.692278727080441,0.529499107333054,352.00568177232594,178.69550969462102,-0.8866662979125977,-0.31513524055480957,-0.3406597971916199
4.482323112172403,0.5317029389538873,349.0057306119772,178.69550969462102,-1.2923688888549805,-0.3616642951965332,-0.4772239625453949
4.764332873094272,0.5347898302678629,349.0057306119772,178.69550969462102,-0.8816159963607788,-0.3519844710826874,-0.333229124546051
4.815862035547264,0.5321374600017832,347.0,178.68559362792217,-1.323251724243164,-0.43570438027381897,-0.43167489767074585
5.111061649563294,0.5307609587298199,349.0014326618159,178.68559362792217,-0.8488197326660156,-0.3326287865638733,-0.29063230752944946
4.970403152399012,0.5307308665491732,348.0,178.68559362792217,-1.3977067470550537,-0.49369382858276367,-0.48732972145080566
5.083660411258397,0.5305744312933407,351.00142449853394,178.68559362792217,-0.9334297180175781,-0.4106007218360901,-0.3524605631828308
5.083660411258397,0.5305744312933407,351.00142449853394,178.69550969462102,-1.423410415649414,-0.4775558114051819,-0.5254378318786621
5.083660411258397,0.5275683680651273,353.00141642775316,178.26239137890255,-0.8106712102890015,-0.34683555364608765,-0.28304535150527954
4.828918622478304,0.5246516259740892,351.00142449853394,178.26239137890255,-1.4625813961029053,-0.5207575559616089,-0.5283408761024475
4.983874796278837,0.5232826223512694,352.00142045167945,178.26239137890255,-0.7584705948829651,-0.27341994643211365,-0.2571541666984558
5.166757863170332,0.5220616186824331,351.00142449853394,178.69550969462102,-1.4282852411270142,-0.45436444878578186,-0.46916380524635315
4.997419508442198,0.5218612395162843,352.00568177232594,178.69550969462102,-0.9340664744377136,-0.35813817381858826,-0.35514727234840393
4.997419508442198,0.524843206639837,350.0057142390678,178.69550969462102,-1.3564093112945557,-0.4649279713630676,-0.5045861005783081
4.506575590460275,0.5228288903664614,353.02266216207704,178.69550969462102,-0.8704441785812378,-0.35497739911079407,-0.3189455568790436
4.506575590460275,0.5228288903664614,353.02266216207704,178.26239137890255,-0.9624717831611633,-0.3707501292228699,-0.40076273679733276
4.4702943471074885,0.5270966046393648,353.00141642775316,178.69550969462102,-0.8718949556350708,-0.3353680670261383,-0.31481054425239563
4.983874796278837,0.5262727844160209,350.0014285685131,178.68559362792217,-1.363828420639038,-0.4467319846153259,-0.4763801097869873
4.943676723309995,0.5305445781571658,350.0,178.68559362792217,-1.267680287361145,-0.44080066680908203,-0.47504669427871704
4.789959137307866,0.5259155474826375,353.0,178.68559362792217,-0.8645183444023132,-0.36474817991256714,-0.30353808403015137
5.097324289286206,0.532190122576502,349.0,178.68559362792217,-1.4789083003997803,-0.5384180545806885,-0.53492271900177
4.764332873094272,0.5317513260385449,351.0,178.24916422389293,-0.7686995267868042,-0.29471611976623535,-0.26788514852523804
4.917235591104024,0.5333911518044054,350.0,178.26239137890255,-1.2785863876342773,-0.43764185905456543,-0.45402246713638306
5.070069429075209,0.5319954989412475,351.0,178.69550969462102,-1.0185240507125854,-0.37720435857772827,-0.3952193856239319
5.404400283168748,0.5355212069336026,347.0,178.26239137890255,-1.309220314025879,-0.40729808807373047,-0.4552907347679138
5.097324289286206,0.532190122576502,349.0,178.26239137890255,-0.8793972730636597,-0.36038464307785034,-0.33200976252555847
5.433590183584215,0.5326522393815304,347.0,178.69550969462102,-1.2511430978775024,-0.42014288902282715,-0.46757039427757263
5.250899560886572,0.533848961456454,348.0,178.24916422389293,-0.9222471117973328,-0.35041913390159607,-0.3238913416862488
5.492923659073878,0.5269147258951324,347.0,178.24916422389293,-1.489271879196167,-0.5385535359382629,-0.5162003636360168
5.180871653877231,0.5266467102789617,347.0,178.24916422389293,-1.5307776927947998,-0.5511471629142761,-0.6000494360923767
4.599057538108803,0.5345756587511064,350.0014285685131,177.81268711724795,-0.8458720445632935,-0.3275049328804016,-0.3038458824157715
4.636173827047231,0.5303060325782852,350.0,178.26239137890255,-1.2645542621612549,-0.40020161867141724,-0.4637647569179535
4.482323112172403,0.5286819734505923,351.0,178.26239137890255,-0.9267376065254211,-0.31363406777381897,-0.3594919741153717
4.636173827047231,0.5303060325782852,350.0,178.69550969462102,-1.3365864753723145,-0.43309345841407776,-0.5066279768943787
4.6113635377710445,0.5331538798510114,350.0,178.68559362792217,-0.8212186694145203,-0.30561962723731995,-0.3072372078895569
4.930420780624297,0.531965679531469,350.0014285685131,178.68559362792217,-1.091049075126648,-0.3117084503173828,-0.3920063078403473
4.726402571888606,0.5360080107369269,351.00142449853394,178.24916422389293,-1.0786672830581665,-0.32607948780059814,-0.3906014859676361
4.930420780624297,0.531965679531469,350.0014285685131,178.69550969462102,-1.3775461912155151,-0.4422166347503662,-0.4942804276943207
5.083660411258397,0.5275683680651273,353.00141642775316,178.26239137890255,-0.951015830039978,-0.38144877552986145,-0.3314271569252014
5.138759194015262,0.5248990995220145,351.00142449853394,178.26239137890255,-1.4378447532653809,-0.4881538450717926,-0.5123140811920166
5.44830338036406,0.5251619123883586,351.00142449853394,178.26239137890255,-1.003275990486145,-0.3714280128479004,-0.3839426040649414
5.293569490564872,0.5265286594018301,350.0014285685131,178.26239137890255,-1.3297566175460815,-0.4387855529785156,-0.47515425086021423
5.111061649563294,0.5277367043889705,351.00142449853394,178.26239137890255,-0.9789619445800781,-0.368114173412323,-0.3679952025413513
5.418956028943525,0.5279981048296556,351.00142449853394,178.67552479494967,-0.8007117509841919,-0.26991990208625793,-0.28939682245254517
4.943676723309995,0.5275216053987845,352.00568177232594,178.68559362792217,-0.8809002637863159,-0.28048422932624817,-0.3166472017765045
4.917235591104024,0.5303519596462891,352.00568177232594,178.68559362792217,-0.7634933590888977,-0.2873547077178955,-0.237690731883049
4.764332873094272,0.5317426939921087,351.0056979594491,178.67552479494967,-1.4501203298568726,-0.5210537314414978,-0.49993881583213806
4.586816934235499,0.529936850729394,354.00564967243105,178.2357335457582,-0.8977677226066589,-0.44837602972984314,-0.34417515993118286
4.4702943471074885,0.527079685572687,353.01274764518064,178.24916422389293,-1.3355454206466675,-0.4467135965824127,-0.5017525553703308
3.7748107683581025,0.5349437753586128,355.0126758300329,177.82921888702086,-0.8434121012687683,-0.34083878993988037,-0.34037551283836365
4.0756815654829595,0.5351365585844442,355.0126758300329,177.82921888702086,-1.2823431491851807,-0.434569776058197,-0.4977737069129944
4.054366890319219,0.5409939106385531,353.01274764518064,178.26239137890255,-1.1884043216705322,-0.4271616041660309,-0.46612516045570374
4.064996317600034,0.5395659297372138,353.02266216207704,178.26239137890255,-1.0924615859985352,-0.38365018367767334,-0.4202476143836975
4.054366890319219,0.5410112763468073,353.00141642775316,178.26239137890255,-0.8704947233200073,-0.3575804829597473,-0.2893553674221039
4.270932457941228,0.5341510822135286,352.00142045167945,178.26239137890255,-1.420695424079895,-0.5214434862136841,-0.4971386790275574
4.248366304302484,0.5369841352956848,352.00142045167945,178.24916422389293,-0.8087752461433411,-0.3458472490310669,-0.2775946259498596
4.574641207438202,0.5374236422167133,350.0014285685131,178.24916422389293,-1.3561997413635254,-0.4491402208805084,-0.42534565925598145
4.738978845630395,0.5345905400908647,351.0,178.24916422389293,-0.9520999193191528,-0.30912962555885315,-0.32439178228378296
4.738978845630395,0.5345905400908647,351.0,178.24916422389293,-1.0061596632003784,-0.32589519023895264,-0.392278254032135
4.713892750134168,0.5374298577488124,351.0,178.24916422389293,-0.9873801469802856,-0.33274492621421814,-0.38302403688430786
5.070069429075209,0.5350441837401984,349.0,178.24916422389293,-1.2188576459884644,-0.3778426945209503,-0.4528946280479431
5.070069429075209,0.5350441837401984,349.0,178.24916422389293,-1.0128008127212524,-0.3609960079193115,-0.425647109746933
5.375521518670231,0.535304980737158,349.0,178.24916422389293,-1.0602436065673828,-0.36091533303260803,-0.4249987006187439
5.695879588784646,0.5372318431695245,347.0014409191985,178.2357335457582,-1.3587828874588013,-0.47277015447616577,-0.4902421534061432
5.513409205348776,0.5384076009039294,348.0014367786432,178.2357335457582,-1.385672926902771,-0.4992929995059967,-0.5366349816322327
5.056550762538584,0.5334122782874261,351.00142449853394,178.2357335457582,-1.0544465780258179,-0.42971891164779663,-0.43784719705581665
4.77711170297418,0.5303296060946303,351.00142449853394,178.67552479494967,-0.9877468347549438,-0.3377767503261566,-0.3881545960903168
5.3899223197139445,0.5308344343452376,351.00142449853394,178.67552479494967,-0.9142270088195801,-0.34344249963760376,-0.3343842625617981
4.930420780624297,0.531965679531469,350.0014285685131,178.67552479494967,-1.222888708114624,-0.3811025023460388,-0.445856511592865
4.930420780624297,0.528943171733636,352.00142045167945,178.67552479494967,-0.9030934572219849,-0.37374794483184814,-0.3320581912994385
4.930420780624297,0.528943171733636,352.00142045167945,178.67552479494967,-1.2205697298049927,-0.4250273108482361,-0.4574962258338928
4.904120591254826,0.5317736163593378,352.00142045167945,178.67552479494967,-0.8610092997550964,-0.3532770872116089,-0.30319076776504517
